order_id,customer_id,order_date,status
O00001,C00687,2026-01-01,processing
O00002,C00446,2025-08-16,delivered
O00003,C00611,2026-03-12,delivered
O00004,C00116,2026-02-03,delivered
O00005,C00270,2025-07-30,delivered
O00006,C00447,2026-01-26,processing
O00007,C00368,2026-05-14,delivered
O00008,C00253,2026-06-24,delivered
O00009,C00317,2026-05-06,cancelled
O00010,C00415,2026-03-18,delivered
O00011,C00095,2025-09-18,delivered
O00012,C00785,2025-12-16,delivered
O00013,C00892,2025-12-18,delivered
O00014,C00024,2026-06-04,delivered
O00015,C00628,2025-11-16,delivered
O00016,C00663,2025-05-18,delivered
O00017,C00850,2026-01-03,delivered
O00018,C00050,2025-08-08,shipped
O00019,C00502,2025-12-03,shipped
O00020,C00718,2025-08-11,delivered
O00021,C00498,2025-12-26,delivered
O00022,C00335,2025-11-25,delivered
O00023,C00079,2026-04-08,delivered
O00024,C00582,2026-01-17,shipped
O00025,C00027,2025-06-18,delivered
O00026,C00271,2025-08-05,delivered
O00027,C00562,2026-01-13,delivered
O00028,C00804,2025-04-29,delivered
O00029,C00247,2025-07-09,delivered
O00030,C00776,2026-01-05,delivered
O00031,C00591,2025-05-29,cancelled
O00032,C00387,2026-05-03,shipped
O00033,C00702,2026-01-09,delivered
O00034,C00559,2025-06-09,delivered
O00035,C00973,2025-12-17,processing
O00036,C00361,2025-10-15,delivered
O00037,C00866,2025-10-15,delivered
O00038,C00984,2025-08-14,delivered
O00039,C00488,2026-06-07,processing
O00040,C00352,2026-06-06,delivered
O00041,C00701,2025-09-30,delivered
O00042,C00928,2026-02-06,processing
O00043,C00256,2025-07-02,processing
O00044,C00222,2026-05-03,processing
O00045,C00884,2025-05-04,delivered
O00046,C00753,2026-02-18,delivered
O00047,C00781,2025-06-21,shipped
O00048,C00001,2025-10-15,shipped
O00049,C00546,2026-03-11,delivered
O00050,C00446,2025-04-23,delivered
O00051,C00079,2025-05-02,shipped
O00052,C00236,2026-06-28,shipped
O00053,C00334,2025-08-10,delivered
O00054,C00889,2025-02-08,delivered
O00055,C00349,2026-05-12,delivered
O00056,C00098,2025-08-21,delivered
O00057,C00082,2026-06-14,delivered
O00058,C00502,2025-05-29,delivered
O00059,C00967,2026-02-01,delivered
O00060,C00477,2025-10-29,delivered
O00061,C00927,2025-12-26,delivered
O00062,C00704,2025-08-26,shipped
O00063,C00765,2025-08-24,delivered
O00064,C00921,2025-07-22,delivered
O00065,C00550,2025-09-13,processing
O00066,C00014,2025-08-23,delivered
O00067,C00392,2025-12-11,cancelled
O00068,C00347,2026-06-18,processing
O00069,C00310,2026-04-11,delivered
O00070,C00386,2026-06-25,cancelled
O00071,C00209,2025-08-01,delivered
O00072,C00357,2026-04-08,delivered
O00073,C00974,2026-03-12,delivered
O00074,C00601,2025-10-10,delivered
O00075,C00568,2026-04-08,processing
O00076,C00094,2026-02-11,delivered
O00077,C00093,2025-03-29,delivered
O00078,C00340,2025-02-13,delivered
O00079,C00597,2026-04-06,delivered
O00080,C00445,2025-10-05,delivered
O00081,C00757,2026-02-25,delivered
O00082,C00022,2025-12-19,processing
O00083,C00291,2026-05-30,delivered
O00084,C00485,2025-01-19,shipped
O00085,C00784,2025-01-23,delivered
O00086,C00306,2026-02-17,shipped
O00087,C00634,2025-01-30,delivered
O00088,C00128,2025-04-18,delivered
O00089,C00625,2026-01-02,delivered
O00090,C00939,2025-10-08,processing
O00091,C00273,2025-05-08,delivered
O00092,C00848,2025-08-17,cancelled
O00093,C00442,2025-04-21,delivered
O00094,C00503,2025-05-16,delivered
O00095,C00130,2025-12-28,delivered
O00096,C00132,2025-07-05,cancelled
O00097,C00597,2025-05-09,delivered
O00098,C00935,2025-09-18,processing
O00099,C00482,2026-05-30,processing
O00100,C00862,2026-03-25,delivered
O00101,C00390,2025-04-14,delivered
O00102,C00593,2026-04-28,shipped
O00103,C00999,2025-08-12,delivered
O00104,C00985,2026-05-06,shipped
O00105,C00325,2026-04-18,delivered
O00106,C00069,2025-01-10,delivered
O00107,C00660,2026-02-09,shipped
O00108,C00448,2025-10-29,delivered
O00109,C00528,2025-08-19,delivered
O00110,C00819,2025-03-07,delivered
O00111,C00617,2025-04-22,delivered
O00112,C00165,2025-01-13,delivered
O00113,C00488,2026-01-28,shipped
O00114,C00713,2026-05-15,delivered
O00115,C00709,2025-08-22,delivered
O00116,C00426,2025-11-10,delivered
O00117,C00697,2025-01-12,delivered
O00118,C00834,2025-07-28,delivered
O00119,C00265,2025-01-14,processing
O00120,C00875,2026-02-22,shipped
O00121,C00612,2026-03-13,delivered
O00122,C00342,2026-01-12,delivered
O00123,C00832,2025-01-20,delivered
O00124,C00726,2025-03-11,delivered
O00125,C00278,2025-07-30,delivered
O00126,C00674,2025-04-11,delivered
O00127,C00439,2025-05-12,delivered
O00128,C00157,2026-01-16,delivered
O00129,C00422,2025-05-12,delivered
O00130,C00251,2025-01-20,cancelled
O00131,C00878,2026-06-20,delivered
O00132,C00609,2025-08-15,delivered
O00133,C00530,2025-06-03,delivered
O00134,C00327,2026-04-14,delivered
O00135,C00961,2026-02-09,delivered
O00136,C00895,2025-07-21,delivered
O00137,C00097,2025-02-07,delivered
O00138,C00513,2025-07-07,delivered
O00139,C00216,2025-02-26,shipped
O00140,C00132,2025-01-20,delivered
O00141,C00260,2025-09-30,delivered
O00142,C00125,2025-04-29,delivered
O00143,C00082,2026-05-31,delivered
O00144,C00283,2025-08-09,delivered
O00145,C00683,2026-06-10,delivered
O00146,C00059,2026-05-30,delivered
O00147,C00544,2025-12-02,shipped
O00148,C00161,2025-02-24,delivered
O00149,C00284,2026-05-15,delivered
O00150,C00106,2026-06-20,delivered
O00151,C00105,2025-06-11,cancelled
O00152,C00439,2025-06-08,delivered
O00153,C00228,2025-07-07,delivered
O00154,C00700,2025-03-01,delivered
O00155,C00582,2025-11-15,delivered
O00156,C00318,2025-07-30,delivered
O00157,C00464,2026-02-10,delivered
O00158,C00802,2025-04-19,processing
O00159,C00599,2025-03-17,cancelled
O00160,C00882,2026-06-26,delivered
O00161,C00874,2025-11-10,delivered
O00162,C00472,2025-04-27,cancelled
O00163,C00056,2025-01-19,delivered
O00164,C00625,2026-03-08,delivered
O00165,C00013,2025-12-16,delivered
O00166,C00440,2025-07-02,delivered
O00167,C00018,2025-04-23,delivered
O00168,C00694,2025-07-02,delivered
O00169,C00973,2026-04-26,delivered
O00170,C00113,2025-05-26,delivered
O00171,C00229,2025-04-23,delivered
O00172,C00171,2026-04-21,delivered
O00173,C00295,2025-10-30,shipped
O00174,C00189,2025-04-28,delivered
O00175,C00426,2025-06-10,delivered
O00176,C00977,2026-02-05,processing
O00177,C00079,2025-07-17,processing
O00178,C00658,2025-09-17,delivered
O00179,C00919,2025-02-16,delivered
O00180,C00182,2026-02-03,shipped
O00181,C00499,2025-03-19,shipped
O00182,C00798,2025-05-04,cancelled
O00183,C00762,2025-03-16,processing
O00184,C00866,2025-05-17,delivered
O00185,C00826,2026-02-04,delivered
O00186,C00708,2026-05-20,delivered
O00187,C00835,2026-05-15,delivered
O00188,C00071,2025-05-18,delivered
O00189,C00248,2025-02-19,delivered
O00190,C00146,2025-09-11,delivered
O00191,C00618,2026-03-02,shipped
O00192,C00775,2025-10-29,delivered
O00193,C00296,2025-12-15,delivered
O00194,C00582,2025-02-18,delivered
O00195,C00470,2025-03-15,delivered
O00196,C00506,2025-09-18,shipped
O00197,C00193,2025-12-22,delivered
O00198,C00068,2025-09-17,cancelled
O00199,C00494,2025-10-22,delivered
O00200,C00817,2025-11-09,delivered
O00201,C00052,2025-07-01,delivered
O00202,C00882,2025-12-30,delivered
O00203,C00363,2025-07-07,processing
O00204,C00797,2026-06-27,delivered
O00205,C00917,2026-02-12,processing
O00206,C00474,2026-02-18,delivered
O00207,C00846,2025-12-08,processing
O00208,C00521,2025-08-08,delivered
O00209,C00763,2025-06-12,processing
O00210,C00431,2025-08-08,delivered
O00211,C00844,2025-09-27,delivered
O00212,C00298,2026-02-04,delivered
O00213,C00435,2025-07-01,cancelled
O00214,C00696,2025-07-24,delivered
O00215,C00691,2025-08-16,delivered
O00216,C00198,2025-09-07,processing
O00217,C00128,2026-03-17,delivered
O00218,C00532,2026-06-17,delivered
O00219,C00984,2025-07-15,delivered
O00220,C00411,2026-06-03,delivered
O00221,C00934,2025-03-11,processing
O00222,C00840,2026-02-03,shipped
O00223,C00065,2025-07-22,delivered
O00224,C00694,2025-05-28,cancelled
O00225,C00241,2026-04-17,delivered
O00226,C00369,2025-07-18,delivered
O00227,C00536,2026-03-02,delivered
O00228,C00384,2026-05-07,delivered
O00229,C00431,2025-05-22,delivered
O00230,C00967,2025-11-09,cancelled
O00231,C00083,2025-06-14,shipped
O00232,C00982,2025-11-10,delivered
O00233,C00831,2025-01-21,delivered
O00234,C00697,2025-03-23,shipped
O00235,C00951,2025-05-11,cancelled
O00236,C00828,2025-11-01,processing
O00237,C00611,2026-01-06,delivered
O00238,C00574,2026-01-19,shipped
O00239,C00286,2026-03-21,delivered
O00240,C00989,2026-03-01,delivered
O00241,C00534,2025-06-10,delivered
O00242,C00459,2025-06-27,delivered
O00243,C00212,2026-05-05,delivered
O00244,C00126,2025-11-23,delivered
O00245,C00413,2025-10-16,delivered
O00246,C00499,2025-12-20,shipped
O00247,C00425,2025-01-28,delivered
O00248,C00554,2025-02-12,delivered
O00249,C00610,2026-02-27,delivered
O00250,C00961,2025-06-26,cancelled
O00251,C00543,2026-06-13,delivered
O00252,C00158,2026-05-09,delivered
O00253,C00112,2025-07-17,delivered
O00254,C00402,2026-06-01,processing
O00255,C00759,2026-05-29,cancelled
O00256,C00122,2025-01-22,delivered
O00257,C00273,2025-04-22,delivered
O00258,C00294,2025-02-26,processing
O00259,C00398,2025-03-07,delivered
O00260,C00471,2025-04-08,delivered
O00261,C00985,2025-05-24,delivered
O00262,C00207,2026-03-11,delivered
O00263,C00110,2025-03-27,delivered
O00264,C00440,2025-12-10,delivered
O00265,C00278,2025-10-21,delivered
O00266,C00963,2025-08-31,cancelled
O00267,C00568,2025-02-01,delivered
O00268,C00887,2026-01-26,shipped
O00269,C00915,2025-10-04,delivered
O00270,C00569,2026-06-16,delivered
O00271,C00940,2025-06-03,delivered
O00272,C00482,2026-01-18,processing
O00273,C00803,2025-03-09,shipped
O00274,C00114,2025-08-02,delivered
O00275,C00893,2026-01-11,shipped
O00276,C00897,2025-08-01,delivered
O00277,C00820,2025-03-20,cancelled
O00278,C00853,2026-01-16,delivered
O00279,C00477,2025-02-27,processing
O00280,C00710,2025-01-26,delivered
O00281,C00933,2026-03-23,delivered
O00282,C00321,2025-03-07,delivered
O00283,C00179,2025-09-11,delivered
O00284,C00897,2025-02-13,delivered
O00285,C00219,2025-04-07,delivered
O00286,C00789,2025-08-15,delivered
O00287,C00949,2026-03-12,delivered
O00288,C00528,2026-01-14,delivered
O00289,C00492,2025-06-27,delivered
O00290,C00891,2026-03-03,cancelled
O00291,C00061,2025-11-03,delivered
O00292,C00054,2026-05-19,delivered
O00293,C00680,2025-09-25,delivered
O00294,C00538,2025-01-08,delivered
O00295,C00848,2026-05-23,delivered
O00296,C00988,2026-04-21,delivered
O00297,C00065,2025-10-24,delivered
O00298,C00612,2025-06-13,cancelled
O00299,C00586,2026-04-30,delivered
O00300,C00704,2025-03-13,delivered
O00301,C00171,2025-08-26,delivered
O00302,C00273,2025-04-14,delivered
O00303,C00889,2025-07-29,shipped
O00304,C00699,2026-04-13,delivered
O00305,C00535,2026-03-30,delivered
O00306,C00391,2025-09-25,delivered
O00307,C00940,2026-01-21,delivered
O00308,C00693,2026-01-22,delivered
O00309,C00327,2025-09-16,shipped
O00310,C00108,2025-10-10,shipped
O00311,C00847,2025-02-09,processing
O00312,C00162,2026-05-01,processing
O00313,C00814,2025-08-08,delivered
O00314,C00452,2025-05-09,delivered
O00315,C00206,2026-06-04,shipped
O00316,C00590,2025-09-17,processing
O00317,C00016,2026-01-01,shipped
O00318,C00327,2026-06-28,delivered
O00319,C00608,2026-06-08,delivered
O00320,C00659,2025-01-16,processing
O00321,C00002,2025-05-09,shipped
O00322,C00010,2025-04-19,cancelled
O00323,C00434,2026-06-17,delivered
O00324,C00125,2025-09-26,delivered
O00325,C00081,2025-06-11,delivered
O00326,C00485,2025-09-17,shipped
O00327,C00652,2025-04-12,delivered
O00328,C00838,2026-05-21,delivered
O00329,C00150,2025-09-04,cancelled
O00330,C00800,2026-06-21,delivered
O00331,C00873,2025-05-11,shipped
O00332,C00340,2025-12-19,delivered
O00333,C00129,2025-07-15,processing
O00334,C00438,2026-01-17,delivered
O00335,C00751,2025-08-15,processing
O00336,C00501,2026-04-21,processing
O00337,C00058,2026-04-22,delivered
O00338,C00198,2025-09-22,delivered
O00339,C00211,2026-01-07,delivered
O00340,C00914,2026-05-01,delivered
O00341,C00902,2026-03-10,processing
O00342,C00045,2025-07-30,delivered
O00343,C00097,2026-01-12,delivered
O00344,C00279,2026-01-30,delivered
O00345,C00535,2026-03-26,shipped
O00346,C00410,2025-12-30,cancelled
O00347,C00461,2026-04-02,delivered
O00348,C00391,2025-08-14,delivered
O00349,C00847,2025-05-11,delivered
O00350,C00044,2026-04-21,delivered
O00351,C00027,2025-10-04,delivered
O00352,C00794,2025-06-05,delivered
O00353,C00097,2025-08-06,delivered
O00354,C00975,2025-07-09,delivered
O00355,C00548,2026-02-21,delivered
O00356,C00621,2026-06-30,delivered
O00357,C00567,2025-02-10,delivered
O00358,C00704,2025-11-03,shipped
O00359,C00219,2025-12-04,delivered
O00360,C00185,2025-11-10,delivered
O00361,C00069,2025-03-16,delivered
O00362,C00829,2025-10-06,shipped
O00363,C00130,2025-06-25,cancelled
O00364,C00567,2025-09-30,delivered
O00365,C00890,2025-10-16,delivered
O00366,C00609,2025-09-29,delivered
O00367,C00848,2025-03-07,delivered
O00368,C00599,2026-04-28,delivered
O00369,C00806,2025-09-05,delivered
O00370,C00631,2025-06-05,delivered
O00371,C00720,2025-02-16,delivered
O00372,C00334,2026-03-30,delivered
O00373,C00925,2025-07-20,delivered
O00374,C00154,2025-05-04,delivered
O00375,C00547,2025-01-01,delivered
O00376,C00079,2025-07-10,delivered
O00377,C00579,2026-05-31,processing
O00378,C00855,2026-03-18,delivered
O00379,C00413,2025-05-23,delivered
O00380,C00546,2025-07-10,processing
O00381,C00609,2026-06-17,delivered
O00382,C00169,2025-08-15,delivered
O00383,C00681,2025-11-09,delivered
O00384,C00663,2025-10-29,processing
O00385,C00583,2026-04-05,cancelled
O00386,C00515,2026-02-05,shipped
O00387,C00314,2026-01-28,delivered
O00388,C00032,2025-07-26,delivered
O00389,C00287,2025-07-29,delivered
O00390,C00594,2025-04-25,delivered
O00391,C00043,2025-09-08,delivered
O00392,C00903,2025-08-07,delivered
O00393,C00617,2026-02-11,shipped
O00394,C00001,2026-03-19,delivered
O00395,C00573,2025-12-20,delivered
O00396,C00270,2025-05-22,delivered
O00397,C00180,2026-05-16,processing
O00398,C00736,2026-06-26,shipped
O00399,C00518,2026-05-22,delivered
O00400,C00103,2025-10-08,delivered
O00401,C00010,2026-02-28,delivered
O00402,C00583,2025-09-27,processing
O00403,C00090,2025-06-03,delivered
O00404,C00226,2025-03-24,delivered
O00405,C00670,2026-03-02,delivered
O00406,C00740,2025-10-02,delivered
O00407,C00917,2025-10-11,shipped
O00408,C00126,2025-06-22,delivered
O00409,C00956,2025-11-23,delivered
O00410,C00209,2025-03-04,delivered
O00411,C00097,2025-03-14,delivered
O00412,C00074,2026-01-10,processing
O00413,C00627,2026-05-23,delivered
O00414,C00191,2026-02-02,processing
O00415,C00682,2025-04-30,shipped
O00416,C00819,2026-03-13,delivered
O00417,C00960,2026-04-10,delivered
O00418,C00716,2025-10-13,delivered
O00419,C00056,2025-09-22,shipped
O00420,C00720,2025-11-16,delivered
O00421,C00553,2026-01-11,delivered
O00422,C00032,2025-03-30,delivered
O00423,C00527,2025-07-22,shipped
O00424,C00574,2025-11-30,delivered
O00425,C00667,2025-08-10,delivered
O00426,C00284,2025-02-10,delivered
O00427,C00721,2025-03-09,delivered
O00428,C00832,2026-05-29,shipped
O00429,C00494,2025-05-07,delivered
O00430,C00187,2025-09-12,shipped
O00431,C00498,2025-01-16,delivered
O00432,C00442,2026-04-22,delivered
O00433,C00130,2025-03-03,delivered
O00434,C00639,2026-03-08,delivered
O00435,C00292,2025-09-25,delivered
O00436,C00114,2025-02-04,delivered
O00437,C00199,2026-05-09,delivered
O00438,C00013,2026-04-14,delivered
O00439,C00271,2025-11-21,delivered
O00440,C00601,2025-10-31,processing
O00441,C00215,2025-10-03,delivered
O00442,C00444,2025-07-20,delivered
O00443,C00790,2026-03-21,delivered
O00444,C00512,2025-11-20,shipped
O00445,C00447,2025-02-04,shipped
O00446,C00986,2026-04-27,delivered
O00447,C00993,2026-04-25,processing
O00448,C00715,2025-03-06,delivered
O00449,C00074,2025-01-08,delivered
O00450,C00537,2025-10-28,processing
O00451,C00101,2025-12-09,processing
O00452,C00176,2026-03-07,delivered
O00453,C00427,2026-02-28,processing
O00454,C00117,2025-11-28,delivered
O00455,C00166,2026-03-14,processing
O00456,C00041,2025-06-23,delivered
O00457,C00429,2026-06-11,delivered
O00458,C00344,2025-01-26,delivered
O00459,C00424,2026-02-10,delivered
O00460,C00366,2025-08-20,delivered
O00461,C00120,2026-06-17,delivered
O00462,C00609,2026-05-20,delivered
O00463,C00657,2025-06-28,delivered
O00464,C00728,2025-05-12,delivered
O00465,C00229,2026-03-31,delivered
O00466,C00825,2025-12-14,delivered
O00467,C00130,2026-06-24,shipped
O00468,C00352,2026-02-10,processing
O00469,C00889,2025-03-17,shipped
O00470,C00318,2026-05-07,delivered
O00471,C00984,2025-07-13,shipped
O00472,C00649,2025-06-11,delivered
O00473,C00836,2025-12-13,delivered
O00474,C00337,2025-12-27,delivered
O00475,C00273,2025-03-28,shipped
O00476,C00117,2025-09-19,delivered
O00477,C00818,2025-08-02,delivered
O00478,C00368,2025-09-19,delivered
O00479,C00094,2025-10-10,processing
O00480,C00168,2026-04-12,delivered
O00481,C00954,2026-01-15,delivered
O00482,C00715,2025-12-28,delivered
O00483,C00341,2026-03-25,delivered
O00484,C00661,2026-03-17,delivered
O00485,C00914,2025-04-03,delivered
O00486,C00695,2026-02-28,processing
O00487,C00925,2025-05-22,delivered
O00488,C00152,2025-10-18,delivered
O00489,C00586,2026-03-08,delivered
O00490,C00877,2025-02-18,delivered
O00491,C00913,2025-10-29,delivered
O00492,C00274,2025-07-09,delivered
O00493,C00554,2025-05-16,delivered
O00494,C00496,2026-02-08,shipped
O00495,C00724,2025-12-07,delivered
O00496,C00101,2025-11-14,delivered
O00497,C00557,2025-12-29,shipped
O00498,C00082,2026-01-17,delivered
O00499,C00529,2025-08-21,shipped
O00500,C00073,2025-12-10,delivered
O00501,C00014,2026-06-13,delivered
O00502,C00433,2025-07-02,shipped
O00503,C00157,2025-02-10,delivered
O00504,C00735,2026-02-01,delivered
O00505,C00132,2026-05-09,shipped
O00506,C00338,2025-11-29,delivered
O00507,C00404,2025-05-07,delivered
O00508,C00376,2025-01-01,delivered
O00509,C00888,2025-06-17,shipped
O00510,C00559,2025-01-19,processing
O00511,C00107,2025-11-28,delivered
O00512,C00620,2026-04-01,delivered
O00513,C00265,2025-04-19,processing
O00514,C00205,2025-09-25,delivered
O00515,C00079,2026-03-21,delivered
O00516,C00155,2025-08-28,delivered
O00517,C00783,2025-10-28,shipped
O00518,C00988,2025-04-13,processing
O00519,C00997,2025-09-07,delivered
O00520,C00247,2026-03-29,delivered
O00521,C00531,2026-06-04,delivered
O00522,C00858,2025-06-02,delivered
O00523,C00948,2025-06-23,delivered
O00524,C00538,2025-12-09,shipped
O00525,C00729,2026-03-07,delivered
O00526,C00154,2025-11-20,shipped
O00527,C00154,2026-02-24,delivered
O00528,C00686,2026-04-30,delivered
O00529,C00092,2026-02-16,delivered
O00530,C00433,2025-03-25,delivered
O00531,C00338,2025-04-23,delivered
O00532,C00480,2025-11-28,cancelled
O00533,C00693,2026-01-13,shipped
O00534,C00131,2025-02-10,delivered
O00535,C00450,2025-04-15,delivered
O00536,C00993,2025-07-21,processing
O00537,C00810,2026-03-26,delivered
O00538,C00787,2025-09-23,delivered
O00539,C00273,2025-07-29,delivered
O00540,C00929,2025-04-28,cancelled
O00541,C00588,2026-01-12,delivered
O00542,C00177,2026-06-24,delivered
O00543,C00696,2025-03-25,processing
O00544,C00831,2026-03-30,delivered
O00545,C00643,2026-05-29,delivered
O00546,C00875,2026-01-22,delivered
O00547,C00049,2025-12-16,processing
O00548,C00567,2025-10-23,delivered
O00549,C00666,2025-09-15,cancelled
O00550,C00355,2025-03-22,delivered
O00551,C00712,2025-09-25,delivered
O00552,C00308,2026-02-23,cancelled
O00553,C00868,2025-08-23,delivered
O00554,C00885,2025-11-07,delivered
O00555,C00630,2025-12-23,delivered
O00556,C00775,2025-08-01,delivered
O00557,C00046,2025-02-18,delivered
O00558,C00302,2025-05-07,delivered
O00559,C00868,2025-08-11,delivered
O00560,C00912,2025-10-06,shipped
O00561,C00408,2026-02-12,delivered
O00562,C00189,2026-05-20,cancelled
O00563,C00822,2025-10-21,delivered
O00564,C00830,2025-10-04,delivered
O00565,C00129,2026-03-14,delivered
O00566,C00561,2025-04-17,delivered
O00567,C00537,2026-02-24,delivered
O00568,C00266,2026-03-05,shipped
O00569,C00118,2026-01-10,processing
O00570,C00464,2025-03-14,cancelled
O00571,C00144,2025-01-30,delivered
O00572,C00442,2025-07-07,processing
O00573,C00200,2025-12-30,delivered
O00574,C00157,2026-03-27,delivered
O00575,C00487,2025-07-14,processing
O00576,C00860,2025-06-05,delivered
O00577,C00134,2025-06-21,delivered
O00578,C00912,2025-02-10,delivered
O00579,C00148,2025-03-04,delivered
O00580,C00336,2025-01-23,shipped
O00581,C00071,2025-12-26,delivered
O00582,C00233,2025-03-16,cancelled
O00583,C00334,2025-04-28,delivered
O00584,C00811,2026-01-15,delivered
O00585,C00666,2025-10-17,delivered
O00586,C00090,2026-03-16,delivered
O00587,C00334,2025-01-07,delivered
O00588,C00199,2025-07-15,shipped
O00589,C00161,2026-02-25,processing
O00590,C00538,2025-07-12,processing
O00591,C00121,2025-05-28,shipped
O00592,C00301,2025-07-21,processing
O00593,C00724,2026-03-20,delivered
O00594,C00575,2026-02-23,shipped
O00595,C00963,2026-03-03,delivered
O00596,C00436,2026-04-24,delivered
O00597,C00068,2026-04-20,delivered
O00598,C00765,2025-05-06,delivered
O00599,C00922,2026-01-30,delivered
O00600,C00459,2025-11-21,cancelled
O00601,C00514,2026-01-27,delivered
O00602,C00398,2026-03-16,delivered
O00603,C00620,2025-07-23,delivered
O00604,C00286,2026-05-01,delivered
O00605,C00561,2025-01-31,delivered
O00606,C00140,2026-01-23,delivered
O00607,C00730,2026-03-10,delivered
O00608,C00556,2026-01-11,delivered
O00609,C00929,2025-12-10,shipped
O00610,C00781,2026-03-19,shipped
O00611,C00590,2025-03-16,delivered
O00612,C00728,2025-06-04,delivered
O00613,C00894,2026-03-06,delivered
O00614,C00610,2025-12-29,shipped
O00615,C00748,2026-03-24,delivered
O00616,C00282,2025-08-22,delivered
O00617,C00661,2025-09-19,shipped
O00618,C00924,2025-05-05,delivered
O00619,C00816,2025-09-02,delivered
O00620,C00996,2026-06-26,delivered
O00621,C00936,2026-04-30,processing
O00622,C00578,2025-05-02,processing
O00623,C00746,2025-05-05,delivered
O00624,C00457,2025-06-19,delivered
O00625,C00087,2025-05-04,delivered
O00626,C00079,2025-02-04,cancelled
O00627,C00205,2025-03-28,cancelled
O00628,C00791,2025-07-20,delivered
O00629,C00337,2026-01-04,shipped
O00630,C00254,2025-03-18,delivered
O00631,C00304,2025-02-28,delivered
O00632,C00380,2026-03-07,delivered
O00633,C00130,2026-05-15,delivered
O00634,C00596,2025-04-19,processing
O00635,C00276,2025-10-05,delivered
O00636,C00699,2025-03-09,delivered
O00637,C00558,2025-03-10,processing
O00638,C00899,2025-06-14,processing
O00639,C00183,2026-05-04,delivered
O00640,C00268,2025-11-01,delivered
O00641,C00808,2025-12-31,delivered
O00642,C00322,2026-01-14,delivered
O00643,C00512,2025-12-09,cancelled
O00644,C00612,2025-12-20,processing
O00645,C00078,2026-02-20,delivered
O00646,C00784,2025-04-19,delivered
O00647,C00339,2026-05-12,delivered
O00648,C00674,2025-12-07,processing
O00649,C00556,2026-01-18,delivered
O00650,C00509,2026-06-17,delivered
O00651,C00238,2025-10-27,delivered
O00652,C00134,2025-05-19,delivered
O00653,C00973,2025-12-25,delivered
O00654,C00192,2026-05-14,delivered
O00655,C00356,2026-01-20,processing
O00656,C00278,2025-10-07,processing
O00657,C00018,2026-04-28,shipped
O00658,C00524,2025-04-21,delivered
O00659,C00180,2025-05-19,delivered
O00660,C00123,2026-03-11,delivered
O00661,C00246,2026-05-24,delivered
O00662,C00734,2025-09-30,processing
O00663,C00373,2025-04-09,delivered
O00664,C00051,2025-04-14,delivered
O00665,C01000,2025-08-02,processing
O00666,C00071,2025-06-14,cancelled
O00667,C00480,2026-06-04,delivered
O00668,C00560,2025-10-11,delivered
O00669,C00019,2026-06-01,delivered
O00670,C00774,2025-06-13,delivered
O00671,C00084,2025-03-05,delivered
O00672,C00155,2025-04-01,delivered
O00673,C00565,2025-04-27,cancelled
O00674,C00619,2025-09-24,delivered
O00675,C00357,2025-05-20,delivered
O00676,C00816,2025-09-03,delivered
O00677,C00647,2026-01-30,delivered
O00678,C00443,2026-05-02,processing
O00679,C00069,2026-04-21,delivered
O00680,C00523,2026-06-01,delivered
O00681,C00143,2025-07-03,delivered
O00682,C00192,2025-01-20,shipped
O00683,C00387,2026-06-08,delivered
O00684,C00378,2026-06-13,shipped
O00685,C00581,2025-05-27,delivered
O00686,C00535,2025-10-31,delivered
O00687,C00693,2025-08-16,delivered
O00688,C00293,2025-04-12,cancelled
O00689,C00009,2026-02-21,processing
O00690,C00271,2025-08-04,delivered
O00691,C00387,2026-02-11,delivered
O00692,C00093,2026-02-03,delivered
O00693,C00966,2026-05-14,delivered
O00694,C00529,2026-04-10,delivered
O00695,C00154,2025-03-23,processing
O00696,C00405,2025-12-31,processing
O00697,C00840,2025-06-12,delivered
O00698,C00149,2025-02-17,delivered
O00699,C00889,2026-05-26,processing
O00700,C00267,2025-11-25,shipped
O00701,C00422,2025-04-26,delivered
O00702,C00840,2025-12-03,delivered
O00703,C00618,2025-05-27,delivered
O00704,C00472,2025-11-19,delivered
O00705,C00893,2026-03-19,delivered
O00706,C00547,2025-01-13,delivered
O00707,C00631,2026-05-09,delivered
O00708,C00526,2025-10-14,delivered
O00709,C00503,2025-04-24,delivered
O00710,C00014,2026-04-25,delivered
O00711,C00778,2025-01-22,shipped
O00712,C00652,2025-12-15,processing
O00713,C00806,2025-11-16,delivered
O00714,C00364,2025-05-06,delivered
O00715,C00119,2025-10-04,cancelled
O00716,C00238,2025-07-23,delivered
O00717,C00546,2025-07-13,delivered
O00718,C00169,2025-10-13,delivered
O00719,C00522,2025-02-26,delivered
O00720,C00634,2025-10-30,delivered
O00721,C00913,2025-06-12,processing
O00722,C00657,2025-01-19,delivered
O00723,C00963,2026-01-05,delivered
O00724,C00958,2025-09-21,processing
O00725,C00735,2025-04-23,delivered
O00726,C00883,2026-05-03,delivered
O00727,C00769,2025-11-23,delivered
O00728,C00780,2026-06-26,delivered
O00729,C00871,2025-03-06,delivered
O00730,C00516,2025-10-19,delivered
O00731,C00938,2025-01-25,delivered
O00732,C00397,2025-01-01,delivered
O00733,C00866,2025-05-21,delivered
O00734,C00106,2025-07-07,delivered
O00735,C00085,2025-05-08,delivered
O00736,C00214,2025-07-20,delivered
O00737,C00121,2025-05-07,delivered
O00738,C00132,2025-09-14,cancelled
O00739,C00850,2025-07-13,delivered
O00740,C00197,2025-04-14,delivered
O00741,C00019,2026-06-19,shipped
O00742,C00642,2025-09-22,delivered
O00743,C00012,2026-01-19,delivered
O00744,C00081,2025-09-17,shipped
O00745,C00330,2026-02-18,processing
O00746,C00866,2025-12-24,delivered
O00747,C00774,2025-03-16,delivered
O00748,C00392,2025-12-21,delivered
O00749,C00637,2025-07-07,shipped
O00750,C00307,2025-10-17,delivered
O00751,C00267,2025-02-14,delivered
O00752,C00447,2025-03-24,processing
O00753,C00441,2025-05-03,delivered
O00754,C00895,2025-12-24,shipped
O00755,C00652,2026-06-12,delivered
O00756,C00841,2025-03-07,delivered
O00757,C00002,2026-01-10,delivered
O00758,C00520,2025-06-11,shipped
O00759,C00762,2026-01-15,delivered
O00760,C00651,2025-12-24,delivered
O00761,C00636,2025-07-07,delivered
O00762,C00309,2025-11-18,delivered
O00763,C00740,2026-03-26,cancelled
O00764,C00522,2026-04-19,delivered
O00765,C00469,2025-01-13,delivered
O00766,C00212,2025-07-03,cancelled
O00767,C00112,2025-04-21,delivered
O00768,C00008,2026-05-23,delivered
O00769,C00804,2025-10-17,delivered
O00770,C00477,2025-10-22,processing
O00771,C00874,2026-03-27,delivered
O00772,C00460,2025-08-03,delivered
O00773,C00253,2025-01-27,delivered
O00774,C00526,2025-08-19,delivered
O00775,C00752,2025-11-17,delivered
O00776,C00438,2025-08-21,delivered
O00777,C00754,2026-03-13,delivered
O00778,C00981,2026-06-17,delivered
O00779,C00854,2026-02-07,delivered
O00780,C00661,2025-02-22,shipped
O00781,C00236,2025-11-09,shipped
O00782,C00306,2025-10-08,shipped
O00783,C00478,2025-01-31,delivered
O00784,C00679,2025-12-03,delivered
O00785,C00020,2025-07-02,delivered
O00786,C00216,2025-01-23,processing
O00787,C00855,2026-06-28,shipped
O00788,C00135,2026-03-22,processing
O00789,C00905,2025-03-15,delivered
O00790,C00129,2025-01-10,delivered
O00791,C00410,2026-04-29,delivered
O00792,C00422,2026-04-01,delivered
O00793,C00294,2025-06-09,delivered
O00794,C00246,2025-01-14,cancelled
O00795,C00701,2025-06-27,delivered
O00796,C00556,2026-02-16,delivered
O00797,C00086,2025-02-22,delivered
O00798,C00556,2026-02-12,processing
O00799,C00842,2025-01-22,delivered
O00800,C00375,2025-01-30,delivered
O00801,C00446,2025-09-17,processing
O00802,C00378,2025-07-24,delivered
O00803,C00390,2025-02-28,delivered
O00804,C00657,2026-04-16,delivered
O00805,C00051,2026-04-11,delivered
O00806,C00242,2025-01-12,shipped
O00807,C00294,2025-10-17,shipped
O00808,C00920,2025-12-20,delivered
O00809,C00563,2025-03-16,delivered
O00810,C00266,2026-03-17,delivered
O00811,C00120,2025-08-29,delivered
O00812,C00712,2025-06-03,delivered
O00813,C00917,2025-04-06,delivered
O00814,C00248,2025-10-21,delivered
O00815,C00070,2025-07-28,shipped
O00816,C00853,2025-12-09,delivered
O00817,C00057,2025-03-29,delivered
O00818,C00382,2026-01-25,delivered
O00819,C00039,2025-11-21,processing
O00820,C00984,2025-06-06,delivered
O00821,C00801,2025-05-17,delivered
O00822,C00443,2026-03-04,delivered
O00823,C00018,2026-03-28,shipped
O00824,C00952,2025-05-21,delivered
O00825,C00732,2025-03-24,shipped
O00826,C00825,2025-06-26,cancelled
O00827,C00756,2025-07-17,shipped
O00828,C00352,2026-02-25,delivered
O00829,C00972,2026-02-05,delivered
O00830,C00816,2026-04-16,delivered
O00831,C00298,2025-08-06,cancelled
O00832,C00283,2025-06-24,delivered
O00833,C00586,2025-01-23,delivered
O00834,C00110,2025-08-23,delivered
O00835,C00180,2025-01-13,delivered
O00836,C00938,2025-04-11,delivered
O00837,C00544,2026-06-20,delivered
O00838,C00746,2026-06-07,delivered
O00839,C00794,2026-03-28,shipped
O00840,C00025,2026-03-07,delivered
O00841,C00843,2026-06-17,delivered
O00842,C00791,2025-10-20,delivered
O00843,C00738,2025-04-11,delivered
O00844,C00057,2026-05-17,shipped
O00845,C00180,2025-10-31,delivered
O00846,C00232,2026-06-24,delivered
O00847,C00894,2025-12-21,delivered
O00848,C00343,2025-10-30,processing
O00849,C00477,2026-05-11,delivered
O00850,C00799,2025-08-15,shipped
O00851,C00576,2025-08-24,delivered
O00852,C00455,2026-03-31,delivered
O00853,C00232,2025-01-13,delivered
O00854,C00289,2025-07-29,processing
O00855,C00213,2026-02-01,delivered
O00856,C00258,2025-04-10,processing
O00857,C00530,2025-01-31,delivered
O00858,C00687,2026-06-12,delivered
O00859,C00929,2025-11-25,delivered
O00860,C00229,2025-06-15,shipped
O00861,C00226,2026-04-04,delivered
O00862,C00596,2025-04-10,processing
O00863,C00803,2025-06-22,processing
O00864,C00435,2025-06-11,cancelled
O00865,C00882,2025-09-20,delivered
O00866,C00758,2025-10-01,delivered
O00867,C00402,2025-01-03,shipped
O00868,C00622,2025-01-28,delivered
O00869,C00766,2025-11-22,delivered
O00870,C00088,2025-05-29,delivered
O00871,C00584,2026-06-24,delivered
O00872,C00893,2026-05-03,delivered
O00873,C00542,2026-03-14,delivered
O00874,C00684,2025-03-06,delivered
O00875,C00309,2025-12-22,delivered
O00876,C00906,2026-06-17,delivered
O00877,C00343,2025-09-09,delivered
O00878,C00436,2025-08-23,delivered
O00879,C00177,2025-08-15,delivered
O00880,C00139,2026-06-09,delivered
O00881,C00194,2025-11-09,delivered
O00882,C00186,2025-02-18,delivered
O00883,C00218,2025-04-28,shipped
O00884,C00164,2025-02-23,delivered
O00885,C00161,2025-02-13,shipped
O00886,C00943,2025-02-22,delivered
O00887,C00525,2026-06-09,delivered
O00888,C00808,2025-04-12,delivered
O00889,C00601,2026-02-02,delivered
O00890,C00836,2025-05-18,delivered
O00891,C00042,2026-01-22,delivered
O00892,C00915,2025-04-21,delivered
O00893,C00210,2025-01-17,delivered
O00894,C00741,2025-07-01,delivered
O00895,C00862,2026-06-20,processing
O00896,C00275,2026-06-25,delivered
O00897,C00954,2025-06-20,delivered
O00898,C00279,2026-02-13,delivered
O00899,C00251,2026-01-13,delivered
O00900,C00310,2025-07-07,shipped
O00901,C00720,2025-08-18,delivered
O00902,C00833,2025-04-29,delivered
O00903,C00140,2025-06-05,processing
O00904,C00792,2026-04-10,delivered
O00905,C00546,2025-04-14,delivered
O00906,C00821,2026-05-17,cancelled
O00907,C00904,2025-06-24,delivered
O00908,C00530,2026-02-25,delivered
O00909,C00057,2025-05-14,delivered
O00910,C00112,2026-01-26,delivered
O00911,C00005,2026-05-16,delivered
O00912,C00410,2025-02-02,processing
O00913,C00414,2025-02-24,delivered
O00914,C00182,2026-06-03,shipped
O00915,C00013,2025-01-12,processing
O00916,C00339,2026-06-12,delivered
O00917,C00797,2026-01-08,delivered
O00918,C00259,2026-04-29,delivered
O00919,C00090,2025-08-16,processing
O00920,C00616,2025-11-03,shipped
O00921,C00891,2026-04-02,delivered
O00922,C00698,2025-06-09,delivered
O00923,C00250,2025-11-27,delivered
O00924,C00255,2025-08-13,processing
O00925,C00588,2026-05-19,delivered
O00926,C00898,2026-04-01,delivered
O00927,C00971,2025-02-14,processing
O00928,C00108,2025-08-02,delivered
O00929,C00668,2025-02-28,delivered
O00930,C00594,2025-07-14,delivered
O00931,C00589,2026-05-04,delivered
O00932,C00485,2025-06-06,delivered
O00933,C00982,2025-08-14,cancelled
O00934,C00972,2026-02-16,delivered
O00935,C00258,2025-07-24,delivered
O00936,C00639,2025-03-20,delivered
O00937,C00997,2025-05-04,delivered
O00938,C00903,2026-04-16,delivered
O00939,C00282,2025-08-06,shipped
O00940,C00986,2026-05-31,processing
O00941,C00088,2025-04-14,delivered
O00942,C00204,2026-01-28,delivered
O00943,C00016,2026-03-10,delivered
O00944,C00151,2025-11-27,cancelled
O00945,C00936,2025-05-23,delivered
O00946,C00254,2026-06-24,shipped
O00947,C00188,2025-10-05,delivered
O00948,C00329,2025-08-21,processing
O00949,C00544,2026-06-13,delivered
O00950,C00783,2025-03-31,shipped
O00951,C00997,2026-05-07,delivered
O00952,C00397,2025-07-18,delivered
O00953,C00517,2025-12-28,delivered
O00954,C00459,2026-03-17,shipped
O00955,C00330,2025-01-26,delivered
O00956,C00820,2025-01-25,cancelled
O00957,C00845,2026-01-29,processing
O00958,C00169,2026-05-22,delivered
O00959,C00693,2025-10-28,shipped
O00960,C00366,2025-12-05,delivered
O00961,C00178,2025-09-24,delivered
O00962,C00655,2026-04-06,delivered
O00963,C00362,2026-04-01,delivered
O00964,C00760,2025-12-26,shipped
O00965,C00639,2025-03-09,delivered
O00966,C00775,2026-02-16,delivered
O00967,C00040,2026-05-06,delivered
O00968,C00924,2025-02-18,delivered
O00969,C00416,2025-04-12,delivered
O00970,C00355,2025-08-04,processing
O00971,C00255,2026-03-14,delivered
O00972,C00143,2025-06-08,delivered
O00973,C00752,2026-05-04,delivered
O00974,C00740,2025-08-30,delivered
O00975,C00853,2025-01-05,processing
O00976,C00710,2025-12-27,delivered
O00977,C00577,2026-04-04,shipped
O00978,C00900,2025-09-05,delivered
O00979,C00011,2026-02-26,delivered
O00980,C00620,2025-01-15,cancelled
O00981,C00026,2025-05-02,shipped
O00982,C00957,2025-10-04,delivered
O00983,C00421,2026-03-29,delivered
O00984,C00663,2026-01-25,delivered
O00985,C00221,2025-10-21,delivered
O00986,C00853,2026-03-22,shipped
O00987,C00496,2025-07-29,shipped
O00988,C00237,2025-10-29,delivered
O00989,C00237,2025-08-11,processing
O00990,C00219,2025-01-03,delivered
O00991,C00487,2026-06-02,delivered
O00992,C00936,2025-04-03,delivered
O00993,C00461,2026-06-04,delivered
O00994,C00663,2026-03-04,delivered
O00995,C00635,2026-05-08,delivered
O00996,C00144,2025-08-23,delivered
O00997,C00990,2025-06-10,delivered
O00998,C00189,2025-11-27,shipped
O00999,C00255,2025-11-29,delivered
O01000,C00068,2025-02-19,delivered
O01001,C00616,2026-06-07,shipped
O01002,C00336,2026-05-07,processing
O01003,C00671,2025-09-29,cancelled
O01004,C00821,2025-09-09,delivered
O01005,C00874,2025-03-31,delivered
O01006,C00409,2026-03-22,delivered
O01007,C00300,2025-11-28,delivered
O01008,C00908,2025-05-19,processing
O01009,C00602,2025-12-23,delivered
O01010,C00357,2025-10-01,delivered
O01011,C00256,2025-01-19,delivered
O01012,C00353,2025-11-07,delivered
O01013,C00732,2025-06-03,shipped
O01014,C00521,2026-01-25,delivered
O01015,C00524,2025-09-17,delivered
O01016,C00837,2025-05-05,delivered
O01017,C00950,2025-12-20,delivered
O01018,C00756,2025-09-30,delivered
O01019,C00694,2025-09-02,delivered
O01020,C00284,2026-03-26,delivered
O01021,C00312,2025-09-04,delivered
O01022,C00099,2026-06-04,processing
O01023,C00197,2025-05-21,processing
O01024,C00482,2025-12-28,cancelled
O01025,C00878,2025-01-08,delivered
O01026,C00226,2026-04-23,delivered
O01027,C00845,2025-12-18,delivered
O01028,C00615,2026-05-10,processing
O01029,C00618,2026-03-03,cancelled
O01030,C00365,2025-02-08,processing
O01031,C00368,2025-07-06,delivered
O01032,C00570,2025-04-03,cancelled
O01033,C00590,2025-03-27,delivered
O01034,C00075,2025-02-13,delivered
O01035,C00042,2025-05-17,delivered
O01036,C00422,2026-02-25,delivered
O01037,C00836,2025-03-15,delivered
O01038,C00181,2026-05-27,delivered
O01039,C00545,2025-06-05,delivered
O01040,C00071,2025-09-12,delivered
O01041,C00568,2025-06-20,processing
O01042,C00105,2025-06-19,delivered
O01043,C00200,2025-11-18,delivered
O01044,C00101,2026-04-01,shipped
O01045,C00768,2025-06-04,processing
O01046,C00307,2025-12-15,delivered
O01047,C00586,2026-03-27,delivered
O01048,C00683,2025-06-22,delivered
O01049,C00377,2025-01-10,delivered
O01050,C00655,2025-09-22,delivered
O01051,C00678,2026-03-14,processing
O01052,C00399,2025-09-04,delivered
O01053,C00773,2026-06-30,shipped
O01054,C00221,2026-05-14,processing
O01055,C00595,2025-05-09,processing
O01056,C00182,2025-11-23,delivered
O01057,C00307,2026-02-08,processing
O01058,C00522,2025-12-25,delivered
O01059,C00396,2025-01-17,delivered
O01060,C00004,2025-10-01,delivered
O01061,C00863,2025-04-26,delivered
O01062,C00914,2025-04-01,shipped
O01063,C00848,2025-03-23,delivered
O01064,C01000,2025-11-20,delivered
O01065,C00804,2025-04-24,delivered
O01066,C00281,2025-02-27,delivered
O01067,C00215,2025-06-03,delivered
O01068,C00972,2026-02-08,shipped
O01069,C00610,2025-09-23,delivered
O01070,C00420,2025-11-11,delivered
O01071,C00101,2025-02-10,delivered
O01072,C00963,2025-04-15,delivered
O01073,C00521,2025-07-12,delivered
O01074,C00573,2026-02-05,delivered
O01075,C00309,2025-10-05,cancelled
O01076,C00658,2025-12-20,delivered
O01077,C00939,2025-09-13,delivered
O01078,C00931,2025-04-09,delivered
O01079,C00510,2025-10-09,processing
O01080,C00063,2026-02-07,delivered
O01081,C00633,2025-04-19,delivered
O01082,C00226,2025-07-18,shipped
O01083,C00105,2025-10-30,delivered
O01084,C00974,2025-11-23,delivered
O01085,C00772,2025-06-03,delivered
O01086,C00861,2026-02-09,delivered
O01087,C00425,2026-04-07,delivered
O01088,C00255,2025-05-12,delivered
O01089,C00429,2025-03-25,delivered
O01090,C00434,2026-02-03,delivered
O01091,C00207,2025-04-19,delivered
O01092,C00028,2025-08-09,cancelled
O01093,C00682,2026-01-03,processing
O01094,C00336,2025-05-27,shipped
O01095,C00588,2025-04-22,delivered
O01096,C00628,2026-05-09,delivered
O01097,C00069,2026-05-20,delivered
O01098,C00866,2026-04-20,delivered
O01099,C00746,2025-09-28,cancelled
O01100,C00513,2026-02-25,delivered
O01101,C00167,2026-01-02,delivered
O01102,C00864,2025-10-07,delivered
O01103,C00730,2025-10-10,delivered
O01104,C00785,2025-02-09,delivered
O01105,C00368,2025-07-08,delivered
O01106,C00251,2025-06-13,delivered
O01107,C00859,2026-06-20,processing
O01108,C00856,2026-06-20,delivered
O01109,C00931,2025-01-04,processing
O01110,C00686,2025-10-17,shipped
O01111,C00170,2026-03-09,delivered
O01112,C00758,2026-04-16,shipped
O01113,C00935,2025-06-30,delivered
O01114,C00090,2025-09-05,cancelled
O01115,C00561,2025-10-06,delivered
O01116,C00446,2025-09-11,delivered
O01117,C00294,2025-06-30,delivered
O01118,C00919,2026-05-24,delivered
O01119,C00150,2025-11-22,cancelled
O01120,C00132,2025-12-23,delivered
O01121,C00433,2026-01-26,delivered
O01122,C00059,2025-03-26,delivered
O01123,C00969,2025-11-13,cancelled
O01124,C00836,2025-07-31,delivered
O01125,C00199,2026-05-30,delivered
O01126,C00215,2026-01-19,delivered
O01127,C00898,2025-12-08,delivered
O01128,C00561,2025-02-07,delivered
O01129,C00472,2026-05-26,delivered
O01130,C00744,2026-02-24,delivered
O01131,C00247,2025-06-18,shipped
O01132,C00382,2025-12-09,delivered
O01133,C00991,2025-11-02,delivered
O01134,C00239,2026-06-26,delivered
O01135,C00927,2026-06-21,processing
O01136,C00367,2025-04-22,cancelled
O01137,C00168,2026-02-15,delivered
O01138,C00560,2025-07-25,delivered
O01139,C00051,2025-07-04,delivered
O01140,C00811,2026-01-17,delivered
O01141,C00610,2026-05-11,delivered
O01142,C00951,2026-01-14,delivered
O01143,C00728,2025-02-16,delivered
O01144,C00689,2026-06-12,cancelled
O01145,C00380,2026-05-19,delivered
O01146,C00474,2025-01-22,delivered
O01147,C00080,2025-08-01,delivered
O01148,C00697,2025-11-06,delivered
O01149,C00367,2025-09-29,delivered
O01150,C00461,2025-07-21,delivered
O01151,C00911,2025-02-01,delivered
O01152,C00539,2026-03-19,delivered
O01153,C00452,2025-06-11,cancelled
O01154,C00464,2025-09-11,delivered
O01155,C00960,2026-06-05,delivered
O01156,C00478,2026-04-25,delivered
O01157,C00926,2025-01-10,delivered
O01158,C00420,2026-05-20,delivered
O01159,C00707,2026-03-12,shipped
O01160,C00214,2025-04-21,cancelled
O01161,C00369,2025-06-02,cancelled
O01162,C00854,2025-04-12,delivered
O01163,C00114,2025-07-10,processing
O01164,C00754,2025-03-22,delivered
O01165,C00503,2026-05-04,delivered
O01166,C00636,2025-03-29,delivered
O01167,C00817,2025-07-13,processing
O01168,C00588,2025-04-14,delivered
O01169,C00311,2025-04-06,delivered
O01170,C00469,2026-02-27,delivered
O01171,C00824,2025-07-17,delivered
O01172,C00708,2025-01-01,delivered
O01173,C00863,2026-02-11,processing
O01174,C00044,2026-01-13,delivered
O01175,C00415,2025-06-16,delivered
O01176,C00698,2026-05-24,delivered
O01177,C00855,2025-11-09,delivered
O01178,C00246,2026-02-22,delivered
O01179,C00949,2026-04-22,delivered
O01180,C00084,2025-03-14,delivered
O01181,C00207,2025-05-21,delivered
O01182,C00151,2025-09-19,delivered
O01183,C00668,2025-12-06,delivered
O01184,C00528,2025-11-04,delivered
O01185,C00165,2025-09-02,delivered
O01186,C00917,2026-05-30,cancelled
O01187,C00975,2025-12-03,delivered
O01188,C00145,2025-03-17,delivered
O01189,C00037,2025-06-24,delivered
O01190,C00333,2025-04-19,delivered
O01191,C00403,2025-07-02,cancelled
O01192,C00414,2025-07-11,delivered
O01193,C00045,2025-03-06,delivered
O01194,C00402,2026-04-19,delivered
O01195,C00206,2025-04-10,delivered
O01196,C00062,2026-06-28,shipped
O01197,C00420,2025-05-08,delivered
O01198,C00868,2026-03-28,delivered
O01199,C00468,2026-01-04,delivered
O01200,C00820,2025-02-12,delivered
O01201,C00019,2026-02-23,processing
O01202,C00365,2026-05-03,delivered
O01203,C00300,2025-03-19,delivered
O01204,C00007,2025-09-27,delivered
O01205,C00761,2025-11-11,delivered
O01206,C00428,2025-06-17,delivered
O01207,C00117,2025-12-05,delivered
O01208,C00580,2025-07-12,delivered
O01209,C00507,2026-03-29,delivered
O01210,C00546,2025-10-10,delivered
O01211,C00706,2025-12-02,cancelled
O01212,C00325,2026-01-25,delivered
O01213,C00055,2026-06-09,delivered
O01214,C00778,2025-08-28,delivered
O01215,C00992,2026-04-28,delivered
O01216,C00042,2026-04-03,delivered
O01217,C00297,2025-03-30,shipped
O01218,C00973,2025-04-05,delivered
O01219,C00231,2026-03-28,delivered
O01220,C00453,2026-03-04,delivered
O01221,C00890,2025-05-31,delivered
O01222,C00394,2026-05-29,delivered
O01223,C00522,2026-01-11,delivered
O01224,C00358,2025-01-22,delivered
O01225,C00987,2025-11-09,delivered
O01226,C00444,2026-06-03,delivered
O01227,C00128,2025-07-25,delivered
O01228,C00691,2026-01-10,delivered
O01229,C00405,2026-03-27,delivered
O01230,C00392,2025-06-28,delivered
O01231,C00193,2025-07-29,delivered
O01232,C00604,2026-05-15,delivered
O01233,C00881,2026-04-09,delivered
O01234,C00743,2025-05-04,delivered
O01235,C00078,2025-04-23,delivered
O01236,C00085,2025-01-12,delivered
O01237,C00030,2025-05-06,delivered
O01238,C00725,2025-11-27,delivered
O01239,C00049,2025-10-10,processing
O01240,C00777,2025-05-20,delivered
O01241,C00145,2026-02-05,delivered
O01242,C00069,2025-04-07,delivered
O01243,C00058,2026-06-01,delivered
O01244,C00697,2025-03-10,delivered
O01245,C00574,2025-04-28,delivered
O01246,C00479,2025-02-28,delivered
O01247,C00820,2025-02-02,delivered
O01248,C00445,2025-11-14,delivered
O01249,C00296,2025-02-19,delivered
O01250,C00678,2026-05-04,delivered
O01251,C00171,2025-01-19,delivered
O01252,C00575,2025-07-16,delivered
O01253,C00147,2026-03-26,delivered
O01254,C00484,2026-03-28,delivered
O01255,C00306,2025-10-16,delivered
O01256,C00673,2025-05-21,delivered
O01257,C00653,2025-03-25,delivered
O01258,C00846,2026-01-26,processing
O01259,C00609,2025-08-03,cancelled
O01260,C00446,2026-06-10,delivered
O01261,C00221,2025-08-03,delivered
O01262,C00555,2026-02-07,delivered
O01263,C00945,2025-05-08,delivered
O01264,C00804,2026-04-22,delivered
O01265,C00378,2026-02-08,delivered
O01266,C00620,2025-01-29,processing
O01267,C00266,2025-12-04,delivered
O01268,C00095,2025-12-27,delivered
O01269,C00262,2026-01-27,delivered
O01270,C00825,2025-08-06,shipped
O01271,C00897,2025-07-21,delivered
O01272,C00071,2025-01-17,delivered
O01273,C00954,2025-11-18,delivered
O01274,C00219,2026-06-02,shipped
O01275,C00533,2025-11-21,delivered
O01276,C00092,2026-02-16,processing
O01277,C00127,2025-11-14,delivered
O01278,C00080,2025-03-23,delivered
O01279,C00824,2026-04-19,delivered
O01280,C00238,2026-04-13,delivered
O01281,C00983,2026-03-01,delivered
O01282,C00372,2025-07-23,processing
O01283,C00916,2026-01-22,delivered
O01284,C00486,2025-04-08,delivered
O01285,C00694,2025-12-11,delivered
O01286,C00025,2025-07-27,delivered
O01287,C00156,2026-05-29,delivered
O01288,C00517,2025-06-15,delivered
O01289,C00632,2025-01-22,delivered
O01290,C00789,2025-06-03,delivered
O01291,C00530,2026-03-15,cancelled
O01292,C00943,2025-10-22,delivered
O01293,C00710,2025-08-07,shipped
O01294,C00057,2026-05-10,delivered
O01295,C00605,2025-08-18,delivered
O01296,C00019,2025-01-20,delivered
O01297,C00384,2025-05-28,delivered
O01298,C00865,2025-04-18,processing
O01299,C00193,2026-02-07,delivered
O01300,C00237,2026-04-28,delivered
O01301,C00387,2026-01-02,processing
O01302,C00426,2026-02-18,delivered
O01303,C00277,2025-11-05,delivered
O01304,C00227,2025-05-14,delivered
O01305,C00745,2025-10-10,shipped
O01306,C00552,2025-03-14,delivered
O01307,C00323,2026-04-26,delivered
O01308,C00153,2025-12-18,delivered
O01309,C00639,2025-11-22,cancelled
O01310,C00237,2026-03-19,delivered
O01311,C00998,2025-04-10,delivered
O01312,C00055,2025-02-28,delivered
O01313,C00980,2026-05-23,processing
O01314,C00436,2025-09-15,shipped
O01315,C00684,2026-02-17,cancelled
O01316,C00109,2026-03-28,delivered
O01317,C00866,2025-03-06,delivered
O01318,C00981,2025-06-03,delivered
O01319,C00184,2025-09-23,shipped
O01320,C00951,2025-03-20,delivered
O01321,C00368,2025-11-11,delivered
O01322,C00983,2025-09-05,shipped
O01323,C00198,2026-02-18,delivered
O01324,C00371,2025-01-25,delivered
O01325,C00373,2025-10-11,delivered
O01326,C00973,2026-03-25,delivered
O01327,C00497,2025-10-28,shipped
O01328,C00599,2025-03-09,delivered
O01329,C00201,2025-01-07,delivered
O01330,C00849,2025-05-17,delivered
O01331,C00509,2025-06-13,delivered
O01332,C00322,2025-03-24,delivered
O01333,C00275,2026-02-24,delivered
O01334,C00211,2025-03-14,delivered
O01335,C00504,2025-08-25,delivered
O01336,C00903,2025-02-15,delivered
O01337,C00118,2025-09-19,delivered
O01338,C00703,2025-06-25,processing
O01339,C00554,2025-06-15,delivered
O01340,C00042,2026-01-05,shipped
O01341,C00315,2025-02-23,delivered
O01342,C00788,2026-02-23,delivered
O01343,C00329,2026-05-22,delivered
O01344,C00017,2025-12-07,delivered
O01345,C00283,2025-05-07,delivered
O01346,C00943,2026-02-13,delivered
O01347,C00258,2026-01-02,cancelled
O01348,C00575,2025-09-28,delivered
O01349,C00574,2026-01-14,delivered
O01350,C00612,2025-03-14,shipped
O01351,C00019,2025-09-05,delivered
O01352,C00529,2025-02-12,shipped
O01353,C00837,2026-01-12,delivered
O01354,C00423,2025-02-10,cancelled
O01355,C00466,2025-06-19,delivered
O01356,C00373,2025-07-31,delivered
O01357,C00758,2026-05-08,delivered
O01358,C00763,2025-02-08,delivered
O01359,C00967,2026-01-04,delivered
O01360,C00081,2025-05-31,delivered
O01361,C00551,2025-04-21,delivered
O01362,C00548,2026-04-25,delivered
O01363,C00424,2026-03-12,shipped
O01364,C00429,2025-02-16,shipped
O01365,C00388,2026-01-01,delivered
O01366,C00998,2025-03-10,delivered
O01367,C00921,2025-10-26,shipped
O01368,C00709,2025-10-23,delivered
O01369,C00670,2025-07-22,processing
O01370,C00204,2025-03-02,processing
O01371,C00196,2025-11-10,delivered
O01372,C00728,2025-06-10,shipped
O01373,C00285,2025-11-27,delivered
O01374,C00969,2026-06-12,delivered
O01375,C00196,2025-12-04,delivered
O01376,C00307,2025-10-31,delivered
O01377,C00664,2026-05-18,shipped
O01378,C00014,2025-12-04,delivered
O01379,C00837,2025-10-02,delivered
O01380,C00146,2025-06-13,delivered
O01381,C00938,2026-03-19,delivered
O01382,C00057,2025-11-15,processing
O01383,C00723,2026-05-19,delivered
O01384,C00780,2026-01-22,delivered
O01385,C00210,2026-05-09,delivered
O01386,C00529,2026-05-05,delivered
O01387,C00798,2025-03-14,delivered
O01388,C00344,2026-05-24,delivered
O01389,C00715,2026-01-25,delivered
O01390,C00611,2025-10-22,delivered
O01391,C00279,2026-01-04,shipped
O01392,C00209,2025-07-06,delivered
O01393,C00641,2026-03-21,delivered
O01394,C00335,2025-12-29,delivered
O01395,C00288,2025-05-03,shipped
O01396,C00252,2025-07-07,shipped
O01397,C00265,2026-02-24,processing
O01398,C00271,2025-09-09,delivered
O01399,C00924,2025-12-01,cancelled
O01400,C00920,2025-04-02,delivered
O01401,C00700,2026-06-14,delivered
O01402,C00419,2025-03-04,cancelled
O01403,C00726,2026-05-27,delivered
O01404,C00795,2025-05-19,delivered
O01405,C00211,2025-07-04,delivered
O01406,C00365,2025-07-24,delivered
O01407,C00076,2025-08-02,processing
O01408,C00660,2025-09-13,delivered
O01409,C00321,2025-05-15,delivered
O01410,C00725,2025-03-29,delivered
O01411,C00433,2025-07-26,delivered
O01412,C00109,2025-05-09,delivered
O01413,C00641,2025-01-03,delivered
O01414,C00522,2025-05-01,delivered
O01415,C00047,2026-01-20,delivered
O01416,C00379,2025-02-07,processing
O01417,C00827,2025-12-07,delivered
O01418,C00096,2025-01-21,delivered
O01419,C00958,2025-08-30,delivered
O01420,C00103,2026-03-31,delivered
O01421,C00892,2025-10-30,shipped
O01422,C00854,2025-03-10,cancelled
O01423,C00146,2025-05-09,delivered
O01424,C00880,2025-07-15,processing
O01425,C00942,2025-05-20,delivered
O01426,C00928,2026-03-20,delivered
O01427,C00027,2025-10-10,delivered
O01428,C00732,2025-11-08,delivered
O01429,C00530,2026-06-19,delivered
O01430,C00679,2025-10-04,processing
O01431,C00945,2025-03-02,delivered
O01432,C00989,2025-11-15,processing
O01433,C00082,2025-02-21,shipped
O01434,C00428,2025-06-02,delivered
O01435,C00584,2025-11-07,delivered
O01436,C00822,2026-06-28,delivered
O01437,C00479,2026-01-24,cancelled
O01438,C00766,2025-06-26,delivered
O01439,C00162,2025-12-28,delivered
O01440,C00839,2025-11-10,delivered
O01441,C00932,2025-04-07,delivered
O01442,C00402,2025-08-01,delivered
O01443,C00508,2025-05-17,delivered
O01444,C00038,2025-01-06,delivered
O01445,C00955,2025-04-19,delivered
O01446,C00511,2025-02-08,delivered
O01447,C00393,2026-03-01,delivered
O01448,C00713,2025-09-18,delivered
O01449,C00494,2026-03-02,delivered
O01450,C00200,2025-03-28,delivered
O01451,C00255,2026-04-10,delivered
O01452,C00179,2025-03-17,delivered
O01453,C00547,2026-04-16,delivered
O01454,C00594,2026-02-18,delivered
O01455,C00389,2026-04-02,delivered
O01456,C00398,2025-10-12,delivered
O01457,C00732,2025-08-27,shipped
O01458,C00158,2026-01-07,shipped
O01459,C00004,2026-05-10,shipped
O01460,C00167,2025-02-14,delivered
O01461,C00468,2026-02-05,delivered
O01462,C00960,2025-09-04,delivered
O01463,C00409,2026-03-26,delivered
O01464,C00412,2026-04-30,delivered
O01465,C00204,2025-01-18,delivered
O01466,C00194,2025-10-16,shipped
O01467,C00235,2026-02-18,delivered
O01468,C00718,2025-08-23,delivered
O01469,C00150,2026-02-20,delivered
O01470,C00159,2026-05-14,delivered
O01471,C00279,2025-04-25,delivered
O01472,C00816,2025-08-22,processing
O01473,C00404,2026-06-24,delivered
O01474,C00893,2025-01-11,shipped
O01475,C00678,2025-07-25,delivered
O01476,C00311,2025-09-04,processing
O01477,C00068,2025-05-07,delivered
O01478,C00463,2025-05-27,delivered
O01479,C00088,2025-04-28,delivered
O01480,C00217,2026-01-17,shipped
O01481,C00001,2026-02-16,cancelled
O01482,C00135,2025-12-29,delivered
O01483,C00697,2026-05-24,delivered
O01484,C00351,2025-05-17,processing
O01485,C00140,2025-06-24,delivered
O01486,C00618,2025-10-16,delivered
O01487,C00133,2026-04-26,delivered
O01488,C00620,2025-01-19,delivered
O01489,C00178,2025-07-14,shipped
O01490,C00810,2025-11-26,shipped
O01491,C00358,2025-06-24,delivered
O01492,C00380,2026-03-25,delivered
O01493,C00908,2025-12-20,shipped
O01494,C00871,2026-05-14,delivered
O01495,C00658,2025-05-21,processing
O01496,C00450,2025-04-03,delivered
O01497,C00586,2025-08-27,delivered
O01498,C00463,2025-07-24,processing
O01499,C00990,2026-03-09,delivered
O01500,C00108,2025-09-02,delivered
O01501,C00122,2025-11-13,delivered
O01502,C00017,2025-10-22,delivered
O01503,C00196,2025-10-09,delivered
O01504,C00327,2025-01-17,cancelled
O01505,C00318,2025-03-12,shipped
O01506,C00809,2025-09-26,delivered
O01507,C00479,2025-11-21,delivered
O01508,C00252,2025-11-01,delivered
O01509,C00503,2026-03-27,delivered
O01510,C00999,2025-01-07,delivered
O01511,C00119,2025-11-10,shipped
O01512,C00674,2025-04-13,delivered
O01513,C00710,2025-07-12,processing
O01514,C00498,2026-06-13,delivered
O01515,C00486,2025-06-20,delivered
O01516,C00045,2026-06-21,delivered
O01517,C00314,2025-09-08,delivered
O01518,C00179,2026-01-22,delivered
O01519,C00894,2025-07-26,cancelled
O01520,C00418,2026-06-25,delivered
O01521,C00556,2026-02-20,processing
O01522,C00783,2026-01-15,delivered
O01523,C00078,2025-05-24,cancelled
O01524,C00326,2025-01-25,delivered
O01525,C00690,2025-03-14,processing
O01526,C00357,2025-04-03,delivered
O01527,C00416,2026-05-20,shipped
O01528,C00963,2025-12-02,processing
O01529,C00515,2026-03-01,delivered
O01530,C00214,2026-05-14,delivered
O01531,C00854,2025-12-30,delivered
O01532,C00074,2025-07-18,processing
O01533,C00563,2026-02-17,delivered
O01534,C00579,2025-12-05,delivered
O01535,C00509,2026-03-05,delivered
O01536,C00332,2025-05-19,delivered
O01537,C00093,2026-06-26,shipped
O01538,C00688,2025-02-26,delivered
O01539,C00657,2025-08-20,delivered
O01540,C00519,2026-03-11,processing
O01541,C00269,2026-01-19,delivered
O01542,C00376,2025-07-13,delivered
O01543,C00834,2026-06-18,delivered
O01544,C00004,2026-06-02,delivered
O01545,C00138,2025-07-04,delivered
O01546,C00231,2025-10-19,shipped
O01547,C00600,2025-12-01,delivered
O01548,C00529,2025-04-26,delivered
O01549,C00052,2025-02-18,delivered
O01550,C00646,2025-03-23,delivered
O01551,C00723,2025-11-29,shipped
O01552,C00325,2025-12-01,delivered
O01553,C00992,2026-06-16,delivered
O01554,C00970,2025-08-09,delivered
O01555,C00905,2025-11-19,delivered
O01556,C00731,2025-01-03,delivered
O01557,C00717,2025-07-25,delivered
O01558,C00723,2025-02-09,delivered
O01559,C00277,2025-02-28,shipped
O01560,C00536,2026-05-22,delivered
O01561,C00486,2025-05-02,processing
O01562,C00516,2026-04-24,processing
O01563,C00152,2025-04-06,delivered
O01564,C00955,2026-02-18,delivered
O01565,C00483,2025-08-23,delivered
O01566,C00259,2025-03-03,delivered
O01567,C00324,2025-09-13,delivered
O01568,C00869,2025-12-14,delivered
O01569,C00168,2025-05-04,delivered
O01570,C00688,2026-04-27,delivered
O01571,C00310,2025-11-13,delivered
O01572,C00803,2026-05-19,delivered
O01573,C00479,2025-02-17,delivered
O01574,C00056,2026-02-13,delivered
O01575,C00620,2025-05-16,delivered
O01576,C00473,2025-07-20,delivered
O01577,C00296,2025-09-07,delivered
O01578,C00461,2025-11-10,delivered
O01579,C00324,2026-01-03,delivered
O01580,C00814,2026-03-05,delivered
O01581,C00846,2026-04-25,shipped
O01582,C00141,2025-11-10,processing
O01583,C00667,2026-05-15,delivered
O01584,C00262,2025-12-21,delivered
O01585,C00785,2026-04-30,delivered
O01586,C00420,2025-07-30,processing
O01587,C00744,2025-02-13,delivered
O01588,C00241,2026-06-25,cancelled
O01589,C00355,2025-04-02,delivered
O01590,C00849,2025-09-22,delivered
O01591,C00770,2025-08-08,processing
O01592,C00761,2026-03-18,delivered
O01593,C00589,2026-02-05,delivered
O01594,C00180,2026-02-04,delivered
O01595,C00066,2026-05-05,delivered
O01596,C00820,2026-04-30,delivered
O01597,C00348,2026-04-15,delivered
O01598,C00171,2026-03-21,shipped
O01599,C00474,2025-09-26,delivered
O01600,C00534,2025-09-24,processing
O01601,C00367,2025-02-23,delivered
O01602,C00107,2026-06-12,delivered
O01603,C00439,2026-06-04,delivered
O01604,C00835,2025-02-28,delivered
O01605,C00227,2025-02-09,delivered
O01606,C00444,2025-08-25,cancelled
O01607,C00442,2026-01-21,delivered
O01608,C00396,2025-10-27,delivered
O01609,C00728,2026-01-30,delivered
O01610,C00581,2025-07-26,delivered
O01611,C00084,2025-12-02,processing
O01612,C00615,2026-05-29,delivered
O01613,C00551,2025-06-27,delivered
O01614,C00013,2026-01-31,delivered
O01615,C00809,2026-01-06,delivered
O01616,C00825,2025-11-14,delivered
O01617,C00693,2026-01-04,delivered
O01618,C00493,2026-01-19,delivered
O01619,C00268,2025-03-03,delivered
O01620,C00525,2026-05-20,delivered
O01621,C00120,2025-08-27,cancelled
O01622,C00970,2025-07-14,processing
O01623,C00353,2025-08-10,delivered
O01624,C00057,2025-03-02,delivered
O01625,C00040,2025-05-09,delivered
O01626,C00886,2025-06-05,delivered
O01627,C00336,2026-01-13,shipped
O01628,C00640,2026-03-13,delivered
O01629,C00173,2025-07-26,processing
O01630,C00547,2026-01-23,cancelled
O01631,C00259,2026-04-25,delivered
O01632,C00888,2025-12-06,delivered
O01633,C00517,2025-12-06,delivered
O01634,C00730,2025-07-23,delivered
O01635,C00523,2025-06-10,delivered
O01636,C00894,2026-06-24,delivered
O01637,C00839,2026-01-27,processing
O01638,C00117,2026-06-18,delivered
O01639,C00184,2025-03-11,delivered
O01640,C00906,2026-02-09,delivered
O01641,C00874,2026-06-01,delivered
O01642,C00116,2025-04-30,delivered
O01643,C00162,2025-08-05,processing
O01644,C00579,2025-02-25,delivered
O01645,C00712,2026-01-01,delivered
O01646,C00543,2026-05-19,delivered
O01647,C00587,2026-03-31,delivered
O01648,C00237,2025-04-14,shipped
O01649,C00839,2025-03-18,delivered
O01650,C00066,2025-08-18,shipped
O01651,C00070,2025-09-15,delivered
O01652,C00809,2025-09-21,delivered
O01653,C00447,2025-11-27,delivered
O01654,C00416,2025-07-01,delivered
O01655,C00532,2025-01-27,delivered
O01656,C00441,2025-10-03,shipped
O01657,C00738,2025-10-26,delivered
O01658,C00946,2025-04-01,delivered
O01659,C00464,2026-04-25,delivered
O01660,C00921,2026-04-03,delivered
O01661,C00396,2026-03-27,delivered
O01662,C00711,2025-12-31,delivered
O01663,C00551,2025-12-17,delivered
O01664,C00657,2026-02-04,delivered
O01665,C00557,2025-09-10,delivered
O01666,C00395,2026-04-04,delivered
O01667,C00326,2026-05-14,delivered
O01668,C00893,2026-05-23,delivered
O01669,C00919,2025-10-31,cancelled
O01670,C00091,2026-05-16,delivered
O01671,C00750,2025-06-15,delivered
O01672,C00070,2026-02-19,delivered
O01673,C00166,2026-04-07,delivered
O01674,C00642,2025-04-24,shipped
O01675,C00214,2026-03-09,delivered
O01676,C00852,2025-12-22,cancelled
O01677,C00601,2025-07-26,processing
O01678,C00335,2025-08-23,delivered
O01679,C00764,2026-03-18,delivered
O01680,C00369,2025-12-21,delivered
O01681,C00861,2026-05-30,delivered
O01682,C00584,2025-07-27,delivered
O01683,C00677,2025-05-05,delivered
O01684,C00049,2025-05-18,delivered
O01685,C00052,2025-12-05,delivered
O01686,C00289,2026-06-21,delivered
O01687,C00790,2025-03-09,processing
O01688,C00626,2026-06-25,delivered
O01689,C00239,2026-01-18,shipped
O01690,C00133,2025-01-19,delivered
O01691,C00999,2026-03-26,delivered
O01692,C00786,2025-03-15,delivered
O01693,C00166,2025-10-03,delivered
O01694,C00374,2025-02-17,delivered
O01695,C00373,2025-07-30,delivered
O01696,C00805,2026-06-24,shipped
O01697,C00478,2025-07-10,delivered
O01698,C00755,2025-11-11,delivered
O01699,C00479,2025-04-23,processing
O01700,C00832,2025-06-19,delivered
O01701,C00650,2026-04-13,delivered
O01702,C00591,2025-01-14,delivered
O01703,C00682,2025-10-15,processing
O01704,C00635,2025-07-08,delivered
O01705,C00688,2025-06-04,delivered
O01706,C00300,2026-04-16,delivered
O01707,C00082,2025-03-16,shipped
O01708,C00087,2025-10-04,delivered
O01709,C00225,2025-12-09,cancelled
O01710,C00016,2026-03-01,delivered
O01711,C00822,2026-05-26,shipped
O01712,C00358,2025-07-01,delivered
O01713,C00163,2026-04-03,delivered
O01714,C00610,2025-03-05,processing
O01715,C00668,2025-09-17,delivered
O01716,C00514,2025-07-12,delivered
O01717,C00350,2026-02-10,delivered
O01718,C00909,2025-04-03,delivered
O01719,C00681,2026-03-06,delivered
O01720,C00464,2026-03-10,delivered
O01721,C00827,2026-02-08,delivered
O01722,C00837,2026-03-10,delivered
O01723,C00375,2025-04-22,delivered
O01724,C00092,2026-01-10,delivered
O01725,C00181,2025-02-28,delivered
O01726,C00743,2025-02-12,delivered
O01727,C00301,2025-07-26,delivered
O01728,C00660,2025-10-23,cancelled
O01729,C00792,2025-04-28,delivered
O01730,C00189,2026-06-16,processing
O01731,C00859,2025-08-10,processing
O01732,C00862,2025-06-15,shipped
O01733,C00314,2025-06-05,delivered
O01734,C00493,2025-07-03,shipped
O01735,C00923,2025-03-31,shipped
O01736,C00922,2025-04-04,delivered
O01737,C00128,2025-01-13,delivered
O01738,C00519,2026-03-14,delivered
O01739,C00426,2026-06-22,delivered
O01740,C00559,2025-05-30,delivered
O01741,C00565,2025-01-08,delivered
O01742,C00187,2025-01-29,delivered
O01743,C00550,2025-10-23,delivered
O01744,C00453,2025-12-06,delivered
O01745,C00471,2026-03-15,delivered
O01746,C00988,2025-05-24,processing
O01747,C00738,2026-06-03,delivered
O01748,C00565,2025-02-14,delivered
O01749,C00911,2025-08-27,delivered
O01750,C00224,2025-06-04,delivered
O01751,C00154,2025-06-30,shipped
O01752,C00560,2025-08-03,processing
O01753,C00351,2025-03-29,delivered
O01754,C00147,2025-09-13,cancelled
O01755,C00905,2026-05-26,delivered
O01756,C00576,2025-03-14,delivered
O01757,C00349,2025-06-28,delivered
O01758,C00182,2025-07-31,processing
O01759,C00637,2025-08-22,delivered
O01760,C00179,2026-04-10,delivered
O01761,C00039,2025-08-11,shipped
O01762,C00772,2025-09-21,delivered
O01763,C00894,2025-07-26,delivered
O01764,C00003,2026-01-01,processing
O01765,C00064,2025-10-03,delivered
O01766,C00029,2026-01-15,delivered
O01767,C00372,2025-11-05,delivered
O01768,C00523,2025-09-25,delivered
O01769,C00097,2025-03-05,delivered
O01770,C00870,2025-12-16,delivered
O01771,C00442,2026-05-09,delivered
O01772,C00203,2026-06-07,delivered
O01773,C00411,2025-04-08,processing
O01774,C00993,2025-03-12,cancelled
O01775,C00021,2025-12-30,delivered
O01776,C00551,2025-10-03,delivered
O01777,C00735,2025-02-19,processing
O01778,C00102,2025-12-24,delivered
O01779,C00046,2026-04-30,delivered
O01780,C00066,2025-03-25,processing
O01781,C00603,2025-10-23,shipped
O01782,C00164,2025-08-24,shipped
O01783,C00971,2025-02-25,delivered
O01784,C00111,2025-12-26,delivered
O01785,C00338,2025-04-20,delivered
O01786,C00123,2025-07-11,delivered
O01787,C00705,2025-04-03,delivered
O01788,C00447,2025-03-01,delivered
O01789,C00611,2025-02-08,shipped
O01790,C00291,2026-06-24,shipped
O01791,C00671,2025-02-18,delivered
O01792,C00412,2026-02-24,shipped
O01793,C00615,2025-01-13,shipped
O01794,C00897,2025-02-05,delivered
O01795,C00281,2025-04-11,delivered
O01796,C00043,2025-03-27,delivered
O01797,C00486,2026-05-31,delivered
O01798,C00596,2025-08-11,delivered
O01799,C00963,2025-12-04,delivered
O01800,C00703,2025-06-15,delivered
O01801,C00051,2026-01-18,delivered
O01802,C00898,2026-01-11,processing
O01803,C00210,2026-04-16,delivered
O01804,C00126,2025-01-31,shipped
O01805,C00492,2026-01-10,delivered
O01806,C00509,2025-01-11,delivered
O01807,C00960,2025-10-29,processing
O01808,C00970,2025-04-06,delivered
O01809,C00581,2025-07-09,delivered
O01810,C00777,2026-03-29,shipped
O01811,C00258,2025-07-11,delivered
O01812,C00930,2026-05-01,delivered
O01813,C00188,2025-09-23,delivered
O01814,C00230,2026-02-28,shipped
O01815,C00189,2025-05-08,delivered
O01816,C00415,2025-08-26,delivered
O01817,C00010,2025-12-21,delivered
O01818,C00114,2025-04-22,delivered
O01819,C00076,2026-03-22,shipped
O01820,C00676,2025-12-09,delivered
O01821,C00502,2025-05-25,delivered
O01822,C00085,2025-03-06,delivered
O01823,C00049,2025-09-04,processing
O01824,C00495,2026-05-05,delivered
O01825,C00838,2026-03-15,processing
O01826,C00689,2025-04-16,shipped
O01827,C00387,2025-06-30,delivered
O01828,C00970,2025-07-03,delivered
O01829,C00389,2025-08-14,delivered
O01830,C00218,2025-03-30,shipped
O01831,C00701,2026-06-14,delivered
O01832,C00981,2026-01-06,delivered
O01833,C00346,2026-02-03,shipped
O01834,C00230,2025-04-16,delivered
O01835,C00255,2025-09-28,delivered
O01836,C00236,2026-05-18,delivered
O01837,C00026,2026-06-09,delivered
O01838,C00584,2025-02-01,shipped
O01839,C00261,2026-01-28,delivered
O01840,C00766,2025-02-09,delivered
O01841,C00271,2025-08-06,processing
O01842,C00123,2025-03-23,delivered
O01843,C00656,2025-07-20,cancelled
O01844,C00257,2026-03-23,cancelled
O01845,C00656,2026-03-04,delivered
O01846,C00421,2025-02-07,delivered
O01847,C00259,2025-07-30,delivered
O01848,C00948,2026-03-20,delivered
O01849,C00047,2025-11-23,delivered
O01850,C00863,2025-08-15,delivered
O01851,C00525,2025-02-17,delivered
O01852,C00888,2025-01-18,processing
O01853,C00208,2026-03-15,delivered
O01854,C00311,2025-07-06,delivered
O01855,C00747,2025-12-11,delivered
O01856,C00149,2025-08-12,cancelled
O01857,C00834,2026-05-03,delivered
O01858,C00438,2025-08-17,shipped
O01859,C00155,2026-01-25,delivered
O01860,C00678,2025-07-07,delivered
O01861,C00090,2025-09-27,delivered
O01862,C00698,2025-11-06,delivered
O01863,C00830,2025-05-12,delivered
O01864,C00358,2025-03-13,delivered
O01865,C00174,2025-07-06,delivered
O01866,C00217,2026-05-01,cancelled
O01867,C00907,2025-07-10,delivered
O01868,C00456,2026-02-26,cancelled
O01869,C00776,2025-04-30,delivered
O01870,C00609,2025-08-08,delivered
O01871,C00629,2025-02-22,delivered
O01872,C00199,2026-03-27,delivered
O01873,C00832,2026-02-16,delivered
O01874,C00486,2025-08-25,delivered
O01875,C00533,2026-02-10,delivered
O01876,C00200,2026-02-26,shipped
O01877,C00371,2025-09-04,delivered
O01878,C00959,2025-03-13,shipped
O01879,C00853,2025-07-04,delivered
O01880,C00448,2025-01-06,delivered
O01881,C00248,2025-07-25,delivered
O01882,C00788,2026-06-28,delivered
O01883,C00264,2026-01-22,delivered
O01884,C00058,2025-03-17,delivered
O01885,C00302,2025-06-26,delivered
O01886,C00031,2025-12-15,delivered
O01887,C00498,2025-09-12,delivered
O01888,C00249,2025-11-04,delivered
O01889,C00605,2025-12-11,delivered
O01890,C00777,2025-05-07,cancelled
O01891,C00271,2025-10-14,shipped
O01892,C00606,2026-05-02,delivered
O01893,C00666,2026-01-18,processing
O01894,C00394,2026-02-10,processing
O01895,C00797,2026-01-23,delivered
O01896,C00502,2026-06-09,delivered
O01897,C00592,2025-10-03,cancelled
O01898,C00804,2026-05-15,delivered
O01899,C00084,2025-12-03,processing
O01900,C00365,2026-04-26,delivered
O01901,C00886,2025-09-30,delivered
O01902,C00549,2025-02-27,delivered
O01903,C00342,2025-11-24,delivered
O01904,C00839,2025-04-19,shipped
O01905,C00407,2025-10-06,cancelled
O01906,C00425,2025-11-24,delivered
O01907,C00744,2025-11-11,delivered
O01908,C00093,2026-04-19,shipped
O01909,C00848,2025-04-21,delivered
O01910,C00614,2025-08-17,delivered
O01911,C00412,2026-05-12,delivered
O01912,C00432,2025-06-05,shipped
O01913,C00678,2026-04-18,shipped
O01914,C00159,2025-09-29,delivered
O01915,C00014,2025-01-02,delivered
O01916,C00373,2026-05-26,cancelled
O01917,C00225,2025-10-13,delivered
O01918,C00505,2025-01-13,delivered
O01919,C00073,2026-05-13,delivered
O01920,C00249,2025-08-26,shipped
O01921,C00511,2025-04-04,delivered
O01922,C00603,2025-12-04,delivered
O01923,C00216,2025-06-20,delivered
O01924,C00973,2026-04-12,delivered
O01925,C00602,2025-05-23,delivered
O01926,C00541,2025-07-20,delivered
O01927,C00947,2025-06-29,delivered
O01928,C00817,2025-12-30,delivered
O01929,C00939,2026-04-24,delivered
O01930,C00988,2026-04-16,delivered
O01931,C00220,2026-01-19,processing
O01932,C00840,2026-02-21,processing
O01933,C00727,2025-11-04,delivered
O01934,C00221,2026-01-02,shipped
O01935,C00389,2025-01-01,delivered
O01936,C00554,2025-02-13,cancelled
O01937,C00647,2025-04-08,delivered
O01938,C00042,2025-09-22,delivered
O01939,C00676,2025-05-20,delivered
O01940,C00873,2026-04-26,delivered
O01941,C00283,2025-08-25,cancelled
O01942,C00058,2025-03-13,delivered
O01943,C00814,2025-07-09,delivered
O01944,C00834,2025-09-25,delivered
O01945,C00537,2025-11-17,delivered
O01946,C00073,2025-04-17,delivered
O01947,C00885,2025-08-20,delivered
O01948,C00923,2025-02-11,cancelled
O01949,C00129,2025-05-19,delivered
O01950,C00599,2025-09-30,delivered
O01951,C00842,2026-04-26,processing
O01952,C00426,2026-02-20,delivered
O01953,C00948,2026-05-21,delivered
O01954,C00665,2026-02-28,delivered
O01955,C00694,2026-02-11,shipped
O01956,C00125,2026-01-25,delivered
O01957,C00067,2025-12-08,cancelled
O01958,C00006,2026-05-08,shipped
O01959,C00637,2025-07-11,delivered
O01960,C00314,2026-05-14,delivered
O01961,C00326,2025-08-21,delivered
O01962,C00565,2025-08-15,delivered
O01963,C00578,2026-01-06,shipped
O01964,C00826,2025-05-19,cancelled
O01965,C00506,2025-05-29,delivered
O01966,C00082,2025-04-25,delivered
O01967,C00599,2026-03-26,delivered
O01968,C00002,2025-03-04,delivered
O01969,C00204,2025-04-14,delivered
O01970,C00662,2025-09-30,delivered
O01971,C00805,2025-01-06,delivered
O01972,C00404,2025-05-27,delivered
O01973,C00103,2025-07-03,delivered
O01974,C00536,2025-01-28,shipped
O01975,C00368,2025-04-29,shipped
O01976,C00212,2025-10-20,delivered
O01977,C00577,2026-01-06,delivered
O01978,C00961,2025-09-01,delivered
O01979,C00209,2025-08-06,delivered
O01980,C00763,2025-06-26,delivered
O01981,C00897,2025-10-26,shipped
O01982,C00117,2025-02-27,delivered
O01983,C00628,2025-09-26,delivered
O01984,C00749,2025-11-04,delivered
O01985,C00478,2025-10-15,delivered
O01986,C00105,2025-04-15,delivered
O01987,C00495,2025-08-16,cancelled
O01988,C00771,2025-09-04,delivered
O01989,C00046,2026-05-09,delivered
O01990,C00823,2025-03-24,delivered
O01991,C00331,2025-07-05,processing
O01992,C00216,2025-09-09,delivered
O01993,C00982,2025-12-21,delivered
O01994,C00960,2025-07-29,processing
O01995,C00492,2026-03-23,delivered
O01996,C00813,2026-04-05,delivered
O01997,C00922,2026-04-17,delivered
O01998,C00845,2026-01-05,delivered
O01999,C00449,2026-05-07,delivered
O02000,C00536,2025-05-17,delivered
O02001,C00511,2026-01-02,delivered
O02002,C00458,2025-07-03,delivered
O02003,C00547,2025-10-14,delivered
O02004,C00536,2026-04-17,delivered
O02005,C00540,2026-01-10,delivered
O02006,C00484,2026-06-21,processing
O02007,C00976,2026-05-26,delivered
O02008,C01000,2025-09-07,delivered
O02009,C00016,2026-05-25,delivered
O02010,C00571,2025-03-14,delivered
O02011,C00977,2025-10-09,delivered
O02012,C00243,2025-12-26,delivered
O02013,C00950,2025-01-10,delivered
O02014,C00207,2025-07-30,delivered
O02015,C00912,2025-06-01,shipped
O02016,C00271,2025-01-05,delivered
O02017,C00761,2025-07-14,delivered
O02018,C00994,2025-10-10,delivered
O02019,C00779,2026-04-09,delivered
O02020,C00705,2025-04-23,delivered
O02021,C00847,2025-09-28,delivered
O02022,C00730,2025-06-12,delivered
O02023,C00115,2026-04-05,shipped
O02024,C00580,2025-04-15,processing
O02025,C00299,2025-10-09,delivered
O02026,C00837,2025-06-11,delivered
O02027,C00483,2025-12-17,processing
O02028,C00397,2026-03-10,delivered
O02029,C00394,2025-05-20,delivered
O02030,C00075,2026-04-16,delivered
O02031,C00978,2025-05-12,delivered
O02032,C00482,2025-03-28,delivered
O02033,C00103,2025-07-02,delivered
O02034,C00297,2026-01-03,delivered
O02035,C00178,2025-05-09,delivered
O02036,C00215,2025-09-03,shipped
O02037,C00967,2026-01-13,delivered
O02038,C00315,2025-05-29,delivered
O02039,C00039,2026-03-09,delivered
O02040,C00259,2026-04-14,delivered
O02041,C00716,2026-03-22,shipped
O02042,C00007,2026-04-26,delivered
O02043,C00049,2025-10-21,delivered
O02044,C00538,2025-05-23,delivered
O02045,C00161,2025-09-07,delivered
O02046,C00869,2025-10-29,delivered
O02047,C00176,2025-01-25,delivered
O02048,C00591,2025-03-11,delivered
O02049,C00002,2025-04-22,delivered
O02050,C00895,2025-12-30,delivered
O02051,C00455,2025-10-30,delivered
O02052,C00928,2026-04-16,processing
O02053,C00644,2025-04-01,shipped
O02054,C00276,2026-06-14,processing
O02055,C00498,2025-07-11,cancelled
O02056,C00629,2025-08-30,delivered
O02057,C00676,2025-05-18,delivered
O02058,C00800,2025-12-11,delivered
O02059,C00028,2025-06-29,processing
O02060,C00333,2026-05-18,delivered
O02061,C00001,2025-07-22,cancelled
O02062,C00188,2025-07-11,delivered
O02063,C00056,2025-01-05,shipped
O02064,C00547,2025-08-25,delivered
O02065,C00112,2025-11-07,delivered
O02066,C00798,2025-02-25,shipped
O02067,C00310,2026-03-19,delivered
O02068,C00036,2025-08-25,shipped
O02069,C00439,2025-07-16,delivered
O02070,C00729,2026-05-29,delivered
O02071,C00592,2026-03-25,delivered
O02072,C00826,2025-12-26,delivered
O02073,C00595,2025-01-30,delivered
O02074,C00577,2025-04-18,delivered
O02075,C00325,2026-03-21,delivered
O02076,C00640,2026-03-14,delivered
O02077,C00307,2026-04-02,delivered
O02078,C00534,2026-05-10,delivered
O02079,C00728,2025-09-04,shipped
O02080,C00619,2026-06-27,delivered
O02081,C00109,2026-03-15,delivered
O02082,C00372,2025-10-05,delivered
O02083,C00357,2025-04-21,delivered
O02084,C00181,2026-01-20,delivered
O02085,C00356,2025-07-10,cancelled
O02086,C00676,2026-05-05,processing
O02087,C00068,2026-03-02,delivered
O02088,C00292,2026-02-09,delivered
O02089,C00692,2025-12-01,processing
O02090,C00181,2025-07-28,delivered
O02091,C00466,2025-01-22,delivered
O02092,C00434,2025-07-27,delivered
O02093,C00464,2025-01-08,delivered
O02094,C00681,2026-06-13,cancelled
O02095,C00914,2025-06-15,delivered
O02096,C00534,2026-05-11,delivered
O02097,C00066,2026-03-05,delivered
O02098,C00021,2025-06-12,shipped
O02099,C00612,2026-01-01,processing
O02100,C00384,2026-06-10,delivered
O02101,C00812,2025-08-27,delivered
O02102,C00615,2025-03-13,delivered
O02103,C00559,2026-03-21,shipped
O02104,C00039,2026-05-24,shipped
O02105,C00285,2025-09-26,delivered
O02106,C00822,2026-02-19,delivered
O02107,C00602,2025-09-02,delivered
O02108,C00597,2025-03-01,delivered
O02109,C00785,2025-01-06,delivered
O02110,C00336,2026-02-11,delivered
O02111,C00188,2025-08-05,delivered
O02112,C00671,2025-01-26,delivered
O02113,C00243,2025-01-05,delivered
O02114,C00073,2026-06-16,delivered
O02115,C00479,2026-01-25,delivered
O02116,C00974,2026-03-24,delivered
O02117,C00561,2025-05-26,delivered
O02118,C00101,2026-01-23,delivered
O02119,C00514,2025-09-06,delivered
O02120,C00756,2026-06-10,processing
O02121,C00176,2026-04-07,shipped
O02122,C00238,2025-01-13,processing
O02123,C00910,2026-01-19,delivered
O02124,C00059,2026-02-03,delivered
O02125,C00865,2025-01-19,delivered
O02126,C00099,2026-05-06,delivered
O02127,C00954,2026-02-23,delivered
O02128,C00871,2025-12-03,delivered
O02129,C00954,2026-02-23,shipped
O02130,C00495,2025-05-02,delivered
O02131,C00947,2026-03-08,processing
O02132,C00980,2025-02-13,processing
O02133,C00514,2025-11-13,delivered
O02134,C00755,2026-01-16,shipped
O02135,C00297,2025-05-25,delivered
O02136,C00211,2025-11-23,shipped
O02137,C00123,2025-12-29,delivered
O02138,C00229,2025-02-19,shipped
O02139,C00594,2025-03-06,delivered
O02140,C00656,2025-12-21,cancelled
O02141,C00388,2025-06-13,delivered
O02142,C00140,2025-05-21,delivered
O02143,C00541,2025-05-08,shipped
O02144,C00391,2026-02-02,shipped
O02145,C00270,2026-04-08,delivered
O02146,C00759,2025-07-06,delivered
O02147,C00012,2025-07-09,delivered
O02148,C00867,2026-01-23,cancelled
O02149,C00389,2026-03-05,shipped
O02150,C00337,2025-10-11,shipped
O02151,C00506,2025-08-25,delivered
O02152,C00106,2025-07-13,delivered
O02153,C00032,2025-10-14,delivered
O02154,C00074,2025-05-16,shipped
O02155,C00171,2025-06-20,delivered
O02156,C00849,2025-06-08,processing
O02157,C00069,2025-07-20,delivered
O02158,C00813,2026-05-02,delivered
O02159,C00362,2026-05-19,delivered
O02160,C00649,2026-01-06,delivered
O02161,C00433,2025-04-13,delivered
O02162,C00929,2025-05-05,delivered
O02163,C00996,2025-11-09,delivered
O02164,C00100,2026-04-03,shipped
O02165,C00658,2025-08-18,delivered
O02166,C00009,2025-07-16,delivered
O02167,C00574,2026-02-27,delivered
O02168,C00697,2025-06-20,delivered
O02169,C00029,2026-01-17,shipped
O02170,C00893,2025-06-22,delivered
O02171,C00114,2026-03-29,shipped
O02172,C00462,2025-12-16,delivered
O02173,C00921,2026-05-09,delivered
O02174,C00143,2025-01-04,delivered
O02175,C00390,2025-04-03,delivered
O02176,C00632,2025-01-06,delivered
O02177,C00682,2025-10-15,shipped
O02178,C00157,2025-05-26,delivered
O02179,C00335,2026-02-28,delivered
O02180,C00861,2026-04-02,delivered
O02181,C00260,2025-07-21,delivered
O02182,C00082,2025-07-31,delivered
O02183,C00754,2025-01-06,delivered
O02184,C00441,2026-01-11,delivered
O02185,C00945,2026-03-23,delivered
O02186,C00172,2025-04-16,delivered
O02187,C00231,2026-02-05,processing
O02188,C00720,2025-04-06,delivered
O02189,C00075,2026-01-23,delivered
O02190,C00270,2026-03-28,cancelled
O02191,C00899,2026-02-20,delivered
O02192,C00626,2026-05-19,delivered
O02193,C00062,2026-03-30,delivered
O02194,C00874,2025-10-18,delivered
O02195,C00320,2026-06-18,delivered
O02196,C00102,2025-07-12,cancelled
O02197,C00429,2025-05-30,delivered
O02198,C00874,2026-05-30,shipped
O02199,C00722,2026-01-28,delivered
O02200,C00954,2025-11-12,delivered
O02201,C00255,2025-03-17,delivered
O02202,C00532,2025-09-27,processing
O02203,C00570,2025-08-13,cancelled
O02204,C00112,2026-06-14,delivered
O02205,C00985,2025-04-23,processing
O02206,C00313,2025-09-08,delivered
O02207,C00998,2025-08-21,delivered
O02208,C00461,2025-03-24,delivered
O02209,C00708,2025-05-05,delivered
O02210,C00887,2025-06-24,delivered
O02211,C00462,2025-03-10,delivered
O02212,C00865,2025-02-16,delivered
O02213,C00092,2025-09-13,delivered
O02214,C00052,2025-01-30,delivered
O02215,C00805,2025-10-08,cancelled
O02216,C00520,2025-08-25,delivered
O02217,C00812,2025-09-05,delivered
O02218,C00098,2026-01-03,delivered
O02219,C00236,2026-05-10,delivered
O02220,C00901,2025-01-25,shipped
O02221,C00374,2026-05-05,delivered
O02222,C00581,2026-05-09,shipped
O02223,C00927,2025-11-10,delivered
O02224,C00557,2026-01-10,delivered
O02225,C00649,2025-01-25,delivered
O02226,C00234,2025-11-30,delivered
O02227,C00032,2025-12-21,delivered
O02228,C00289,2025-04-26,delivered
O02229,C00638,2025-02-17,delivered
O02230,C00579,2025-04-09,delivered
O02231,C00542,2026-04-04,cancelled
O02232,C00114,2026-06-07,delivered
O02233,C00204,2026-02-09,delivered
O02234,C00029,2025-08-02,delivered
O02235,C00643,2026-05-18,delivered
O02236,C00474,2026-03-24,delivered
O02237,C00697,2025-09-15,processing
O02238,C00253,2025-05-01,cancelled
O02239,C00798,2025-02-23,delivered
O02240,C00905,2025-11-27,delivered
O02241,C00922,2025-08-29,delivered
O02242,C00386,2026-06-14,delivered
O02243,C00062,2026-04-28,delivered
O02244,C00515,2025-07-06,delivered
O02245,C00430,2025-09-19,delivered
O02246,C00580,2025-12-30,delivered
O02247,C00537,2026-05-06,delivered
O02248,C00691,2026-03-07,delivered
O02249,C00141,2025-08-27,delivered
O02250,C00743,2025-10-31,delivered
O02251,C00300,2025-10-25,processing
O02252,C00675,2025-03-17,delivered
O02253,C00311,2025-11-29,shipped
O02254,C00471,2026-04-19,delivered
O02255,C00393,2025-10-10,delivered
O02256,C00642,2025-03-13,delivered
O02257,C00445,2025-09-20,delivered
O02258,C00758,2025-01-12,cancelled
O02259,C00809,2025-05-21,delivered
O02260,C00172,2025-01-17,delivered
O02261,C00576,2025-03-04,delivered
O02262,C00031,2025-09-10,cancelled
O02263,C00047,2026-04-10,delivered
O02264,C00130,2026-01-11,cancelled
O02265,C00352,2026-06-04,processing
O02266,C00978,2025-03-31,delivered
O02267,C00845,2025-06-24,shipped
O02268,C00622,2025-03-17,cancelled
O02269,C00581,2026-02-04,delivered
O02270,C00058,2025-03-12,delivered
O02271,C00106,2025-06-29,delivered
O02272,C00812,2025-05-04,delivered
O02273,C00330,2026-01-16,delivered
O02274,C00768,2025-10-20,delivered
O02275,C00824,2025-07-14,delivered
O02276,C00683,2025-08-16,delivered
O02277,C00383,2026-03-07,delivered
O02278,C00985,2026-03-12,processing
O02279,C00162,2026-04-06,delivered
O02280,C00997,2025-01-21,delivered
O02281,C00286,2025-03-05,delivered
O02282,C00071,2025-06-14,delivered
O02283,C00767,2025-01-27,cancelled
O02284,C00454,2025-11-07,delivered
O02285,C00886,2025-10-12,delivered
O02286,C00567,2025-10-08,processing
O02287,C00835,2025-06-13,processing
O02288,C00397,2025-08-12,shipped
O02289,C00515,2025-05-26,shipped
O02290,C00026,2025-01-30,delivered
O02291,C00313,2025-02-14,delivered
O02292,C00126,2026-04-16,delivered
O02293,C00408,2025-02-03,delivered
O02294,C00565,2026-03-03,shipped
O02295,C00198,2025-08-09,delivered
O02296,C00811,2026-06-18,delivered
O02297,C00188,2026-01-02,processing
O02298,C00698,2025-04-26,delivered
O02299,C00817,2025-08-27,cancelled
O02300,C00810,2025-12-01,cancelled
O02301,C00716,2026-03-17,delivered
O02302,C00484,2025-05-28,delivered
O02303,C00450,2025-01-09,delivered
O02304,C00523,2025-10-15,delivered
O02305,C00871,2026-01-23,delivered
O02306,C00354,2025-02-19,delivered
O02307,C00986,2026-06-01,cancelled
O02308,C00658,2025-10-05,delivered
O02309,C00597,2025-10-27,shipped
O02310,C00100,2025-05-15,delivered
O02311,C00616,2025-05-27,delivered
O02312,C00948,2026-05-05,processing
O02313,C00558,2026-04-23,delivered
O02314,C00556,2025-06-08,delivered
O02315,C00278,2026-01-19,delivered
O02316,C00693,2025-06-12,delivered
O02317,C00699,2026-03-17,delivered
O02318,C00990,2025-07-08,delivered
O02319,C00626,2026-02-19,delivered
O02320,C00491,2025-12-05,cancelled
O02321,C00255,2025-06-30,processing
O02322,C00381,2025-10-15,delivered
O02323,C00892,2025-07-06,processing
O02324,C00542,2025-05-18,delivered
O02325,C00264,2025-05-10,delivered
O02326,C00610,2025-07-13,delivered
O02327,C00825,2025-11-12,delivered
O02328,C00879,2025-05-24,delivered
O02329,C00329,2025-01-16,delivered
O02330,C00115,2025-10-29,delivered
O02331,C00276,2026-02-27,shipped
O02332,C00488,2025-09-02,delivered
O02333,C00281,2025-04-17,delivered
O02334,C00275,2025-03-29,processing
O02335,C00773,2025-05-09,delivered
O02336,C00843,2025-12-07,delivered
O02337,C00719,2025-01-04,shipped
O02338,C00896,2025-11-23,delivered
O02339,C00328,2026-02-14,delivered
O02340,C00211,2025-11-02,delivered
O02341,C00727,2025-08-13,processing
O02342,C00923,2025-12-14,delivered
O02343,C00552,2025-11-17,processing
O02344,C00992,2025-06-30,delivered
O02345,C00026,2026-01-21,delivered
O02346,C00027,2025-04-18,shipped
O02347,C00702,2026-06-15,delivered
O02348,C00083,2026-02-14,delivered
O02349,C00896,2025-10-23,delivered
O02350,C00946,2025-06-20,shipped
O02351,C00682,2025-11-27,delivered
O02352,C00413,2026-05-08,delivered
O02353,C00167,2025-07-14,delivered
O02354,C00700,2025-01-12,processing
O02355,C00169,2025-07-14,delivered
O02356,C00801,2026-05-05,delivered
O02357,C00979,2025-07-01,delivered
O02358,C00229,2025-11-12,delivered
O02359,C00979,2025-01-30,delivered
O02360,C00609,2025-04-06,delivered
O02361,C00367,2026-01-16,delivered
O02362,C00528,2026-03-20,shipped
O02363,C00791,2025-10-25,shipped
O02364,C00647,2025-12-27,delivered
O02365,C00538,2026-01-09,processing
O02366,C00864,2025-10-30,delivered
O02367,C00524,2026-02-25,processing
O02368,C00072,2025-09-03,delivered
O02369,C00645,2025-08-25,delivered
O02370,C00106,2026-06-18,processing
O02371,C00732,2025-07-04,processing
O02372,C00885,2026-04-13,delivered
O02373,C00965,2025-12-29,delivered
O02374,C00689,2025-10-10,delivered
O02375,C00282,2025-12-02,delivered
O02376,C00133,2025-06-11,delivered
O02377,C00534,2025-06-09,delivered
O02378,C00975,2026-04-19,processing
O02379,C00269,2025-11-18,delivered
O02380,C00412,2025-01-12,delivered
O02381,C00673,2026-02-28,delivered
O02382,C00619,2025-03-14,delivered
O02383,C00791,2025-07-20,delivered
O02384,C00865,2026-06-06,delivered
O02385,C00747,2026-05-20,shipped
O02386,C00018,2025-02-08,processing
O02387,C00754,2025-03-01,delivered
O02388,C00117,2025-11-17,delivered
O02389,C00798,2026-03-11,delivered
O02390,C00794,2026-02-12,processing
O02391,C00144,2026-01-21,shipped
O02392,C00717,2025-03-19,delivered
O02393,C00551,2025-07-13,delivered
O02394,C00929,2025-10-12,processing
O02395,C00666,2026-06-11,delivered
O02396,C00688,2026-06-08,delivered
O02397,C00961,2025-06-05,processing
O02398,C00753,2025-12-06,shipped
O02399,C00422,2025-05-05,delivered
O02400,C00898,2025-10-07,delivered
O02401,C00369,2025-05-08,delivered
O02402,C00646,2025-11-10,delivered
O02403,C00558,2025-11-28,delivered
O02404,C00050,2025-05-30,delivered
O02405,C00678,2026-03-30,delivered
O02406,C00106,2025-02-05,processing
O02407,C00216,2026-02-24,delivered
O02408,C00658,2025-01-22,delivered
O02409,C00923,2025-07-25,delivered
O02410,C00425,2025-12-22,delivered
O02411,C00072,2026-03-16,delivered
O02412,C00988,2025-04-06,delivered
O02413,C00842,2025-06-13,processing
O02414,C00785,2025-05-28,delivered
O02415,C00759,2026-06-14,processing
O02416,C00446,2025-10-21,cancelled
O02417,C00925,2025-07-14,delivered
O02418,C00186,2026-04-25,delivered
O02419,C00070,2025-05-03,cancelled
O02420,C00974,2026-02-04,cancelled
O02421,C00150,2026-03-28,delivered
O02422,C00246,2025-04-14,delivered
O02423,C00774,2026-04-07,delivered
O02424,C00538,2026-01-31,cancelled
O02425,C00935,2025-12-03,delivered
O02426,C00652,2025-05-22,delivered
O02427,C00099,2025-11-13,processing
O02428,C00910,2026-06-11,delivered
O02429,C00278,2026-02-05,delivered
O02430,C00563,2025-11-06,delivered
O02431,C00663,2026-05-10,processing
O02432,C00944,2025-04-19,delivered
O02433,C00455,2026-01-07,delivered
O02434,C00104,2025-07-25,delivered
O02435,C00946,2025-02-12,delivered
O02436,C00601,2025-09-02,delivered
O02437,C00653,2025-10-14,delivered
O02438,C00725,2025-12-21,delivered
O02439,C00233,2026-04-21,shipped
O02440,C00394,2025-03-24,shipped
O02441,C00501,2025-04-20,delivered
O02442,C00695,2025-07-09,delivered
O02443,C00251,2025-09-08,delivered
O02444,C00521,2025-10-18,shipped
O02445,C00079,2025-07-20,delivered
O02446,C00052,2025-11-22,delivered
O02447,C00898,2026-05-26,delivered
O02448,C00921,2026-02-13,delivered
O02449,C00781,2026-05-23,delivered
O02450,C00226,2025-03-13,delivered
O02451,C00051,2025-09-04,delivered
O02452,C00186,2025-12-10,delivered
O02453,C00034,2025-02-23,delivered
O02454,C00803,2026-06-12,delivered
O02455,C00742,2026-06-16,delivered
O02456,C00131,2025-07-12,delivered
O02457,C00632,2025-02-27,delivered
O02458,C00443,2026-03-13,delivered
O02459,C00838,2025-04-21,delivered
O02460,C00759,2025-05-09,delivered
O02461,C00432,2025-11-22,delivered
O02462,C00704,2025-01-08,delivered
O02463,C00497,2025-01-29,processing
O02464,C00403,2025-04-22,delivered
O02465,C00323,2025-05-11,delivered
O02466,C00210,2025-07-07,delivered
O02467,C00615,2026-04-20,delivered
O02468,C00329,2025-12-30,delivered
O02469,C00372,2025-07-23,delivered
O02470,C00460,2025-07-31,delivered
O02471,C00133,2025-10-03,delivered
O02472,C00835,2025-03-14,delivered
O02473,C00651,2025-08-31,shipped
O02474,C00121,2025-04-12,cancelled
O02475,C00606,2025-06-20,delivered
O02476,C00452,2025-07-07,delivered
O02477,C00965,2026-03-17,delivered
O02478,C00129,2025-03-27,delivered
O02479,C00091,2026-04-21,delivered
O02480,C00604,2025-02-21,delivered
O02481,C00575,2025-04-21,delivered
O02482,C00029,2025-02-12,delivered
O02483,C00722,2025-07-30,delivered
O02484,C00524,2025-07-19,delivered
O02485,C00333,2025-01-26,shipped
O02486,C00297,2025-10-26,delivered
O02487,C00130,2025-03-18,delivered
O02488,C00293,2025-05-17,delivered
O02489,C00173,2025-01-20,delivered
O02490,C00720,2026-03-16,delivered
O02491,C00944,2025-07-30,delivered
O02492,C00024,2026-03-11,delivered
O02493,C00099,2025-07-26,delivered
O02494,C00406,2026-03-15,delivered
O02495,C00356,2025-02-11,delivered
O02496,C00139,2026-02-15,delivered
O02497,C00503,2026-06-07,delivered
O02498,C00826,2026-03-03,delivered
O02499,C00174,2025-10-02,delivered
O02500,C00029,2026-03-24,cancelled
O02501,C00931,2026-01-04,delivered
O02502,C00496,2025-08-08,delivered
O02503,C00655,2025-08-20,delivered
O02504,C00828,2025-11-24,processing
O02505,C00351,2026-03-19,shipped
O02506,C00554,2025-02-21,delivered
O02507,C00299,2026-01-11,delivered
O02508,C00720,2025-09-20,delivered
O02509,C00842,2025-09-24,delivered
O02510,C00945,2025-12-25,shipped
O02511,C00192,2025-11-13,delivered
O02512,C00672,2025-11-20,delivered
O02513,C00064,2026-02-25,shipped
O02514,C00755,2025-02-15,shipped
O02515,C00770,2025-09-26,delivered
O02516,C00664,2026-01-16,delivered
O02517,C00215,2025-04-28,delivered
O02518,C00834,2025-04-26,processing
O02519,C00166,2025-09-17,processing
O02520,C00543,2025-03-16,delivered
O02521,C00883,2026-04-25,delivered
O02522,C00232,2025-11-01,processing
O02523,C00794,2025-01-07,delivered
O02524,C00541,2026-01-01,delivered
O02525,C00195,2026-06-07,shipped
O02526,C00506,2025-12-14,delivered
O02527,C00334,2026-03-14,delivered
O02528,C00768,2025-08-03,processing
O02529,C00793,2026-03-05,shipped
O02530,C00304,2026-05-13,delivered
O02531,C00833,2026-06-24,delivered
O02532,C00437,2026-01-02,delivered
O02533,C00323,2025-11-09,delivered
O02534,C00502,2026-06-22,delivered
O02535,C00858,2025-02-23,shipped
O02536,C00914,2026-06-25,delivered
O02537,C00393,2026-04-12,delivered
O02538,C00806,2025-06-13,delivered
O02539,C00599,2025-11-30,cancelled
O02540,C00149,2025-12-14,delivered
O02541,C00761,2025-09-30,delivered
O02542,C00833,2026-02-18,delivered
O02543,C00405,2026-05-15,delivered
O02544,C00283,2025-04-03,delivered
O02545,C00362,2025-03-20,delivered
O02546,C00379,2025-08-05,delivered
O02547,C00198,2025-12-24,delivered
O02548,C00556,2026-05-22,delivered
O02549,C00356,2025-06-30,delivered
O02550,C00540,2025-09-03,delivered
O02551,C00429,2025-09-01,delivered
O02552,C00017,2026-05-21,delivered
O02553,C00639,2026-02-26,delivered
O02554,C00379,2025-11-16,delivered
O02555,C00680,2025-03-28,delivered
O02556,C00506,2025-08-05,delivered
O02557,C00756,2026-05-05,delivered
O02558,C00899,2026-06-03,cancelled
O02559,C00076,2025-10-05,processing
O02560,C00231,2025-06-18,delivered
O02561,C00716,2025-11-26,delivered
O02562,C00962,2026-03-17,delivered
O02563,C00248,2026-01-26,delivered
O02564,C00302,2026-05-11,delivered
O02565,C00726,2026-01-16,delivered
O02566,C00215,2025-11-02,delivered
O02567,C00158,2026-05-28,processing
O02568,C00069,2025-07-07,delivered
O02569,C00393,2026-05-31,shipped
O02570,C00085,2026-03-03,shipped
O02571,C00267,2026-05-17,delivered
O02572,C00069,2025-09-17,delivered
O02573,C00611,2026-05-28,delivered
O02574,C00347,2025-03-12,delivered
O02575,C00962,2026-04-23,delivered
O02576,C00728,2025-06-27,delivered
O02577,C00927,2026-04-02,delivered
O02578,C00673,2025-07-08,cancelled
O02579,C00423,2025-10-18,delivered
O02580,C00606,2026-06-04,cancelled
O02581,C00174,2025-10-19,delivered
O02582,C00677,2025-10-10,shipped
O02583,C00115,2026-06-28,delivered
O02584,C00220,2026-01-12,delivered
O02585,C00956,2025-06-05,processing
O02586,C00031,2026-05-23,delivered
O02587,C00523,2026-02-17,delivered
O02588,C00343,2026-06-12,delivered
O02589,C00377,2025-12-21,delivered
O02590,C00130,2025-07-06,delivered
O02591,C01000,2025-01-31,shipped
O02592,C00617,2025-09-17,delivered
O02593,C00539,2026-02-25,delivered
O02594,C00739,2026-06-13,processing
O02595,C00002,2025-10-31,delivered
O02596,C00871,2025-02-08,delivered
O02597,C00101,2026-05-04,delivered
O02598,C00533,2026-06-26,delivered
O02599,C00058,2025-10-05,delivered
O02600,C00389,2025-07-22,delivered
O02601,C00692,2025-03-07,delivered
O02602,C00941,2025-04-18,delivered
O02603,C00341,2025-09-25,delivered
O02604,C00861,2025-08-10,shipped
O02605,C00020,2026-06-14,delivered
O02606,C00255,2025-03-31,delivered
O02607,C00317,2025-09-12,cancelled
O02608,C00038,2026-03-31,delivered
O02609,C00660,2025-09-10,processing
O02610,C00537,2025-09-14,delivered
O02611,C00386,2026-01-18,shipped
O02612,C00633,2026-03-18,delivered
O02613,C00928,2025-03-31,delivered
O02614,C00026,2026-01-25,delivered
O02615,C00454,2025-02-13,delivered
O02616,C00681,2025-01-19,processing
O02617,C00323,2025-04-11,delivered
O02618,C00737,2025-12-23,delivered
O02619,C00513,2026-06-26,delivered
O02620,C00819,2025-02-02,delivered
O02621,C00773,2025-08-17,delivered
O02622,C00013,2026-06-08,delivered
O02623,C00915,2025-06-04,delivered
O02624,C00908,2026-02-27,delivered
O02625,C00560,2025-09-03,cancelled
O02626,C00921,2026-02-09,delivered
O02627,C00825,2026-06-25,delivered
O02628,C00371,2025-06-10,processing
O02629,C00291,2025-04-27,delivered
O02630,C00332,2025-09-28,delivered
O02631,C00606,2026-05-02,delivered
O02632,C00261,2025-06-21,delivered
O02633,C00994,2025-10-01,delivered
O02634,C00790,2025-09-16,delivered
O02635,C00871,2025-05-15,delivered
O02636,C00205,2026-02-26,shipped
O02637,C00697,2026-02-25,delivered
O02638,C00687,2025-07-05,cancelled
O02639,C00950,2025-12-30,delivered
O02640,C00387,2026-01-13,delivered
O02641,C00892,2026-06-07,delivered
O02642,C00821,2025-07-15,processing
O02643,C00468,2025-04-08,delivered
O02644,C00415,2025-01-22,delivered
O02645,C00069,2026-03-26,processing
O02646,C00472,2025-06-21,delivered
O02647,C00104,2026-01-18,processing
O02648,C00758,2025-05-14,delivered
O02649,C00161,2026-03-02,shipped
O02650,C00200,2025-01-25,processing
O02651,C00216,2026-05-18,delivered
O02652,C00946,2025-07-04,delivered
O02653,C00212,2025-03-26,delivered
O02654,C00508,2025-05-24,processing
O02655,C00016,2026-02-16,delivered
O02656,C00498,2025-08-12,delivered
O02657,C00884,2025-08-08,delivered
O02658,C00332,2025-06-28,delivered
O02659,C00717,2026-03-09,delivered
O02660,C00877,2025-09-22,delivered
O02661,C00551,2026-03-05,delivered
O02662,C00601,2026-02-20,delivered
O02663,C00942,2026-03-29,delivered
O02664,C00256,2025-07-16,delivered
O02665,C00992,2025-02-22,shipped
O02666,C00766,2026-04-25,processing
O02667,C00728,2026-03-19,delivered
O02668,C00880,2025-11-26,delivered
O02669,C00815,2025-09-08,delivered
O02670,C00172,2025-05-03,delivered
O02671,C00649,2026-01-22,delivered
O02672,C01000,2025-12-05,delivered
O02673,C00498,2025-12-14,delivered
O02674,C00471,2025-01-29,processing
O02675,C00384,2025-02-04,delivered
O02676,C00690,2026-06-02,delivered
O02677,C00589,2026-01-31,delivered
O02678,C00700,2025-10-21,processing
O02679,C00507,2025-12-15,delivered
O02680,C00992,2025-05-27,delivered
O02681,C00527,2025-03-08,delivered
O02682,C00804,2026-06-04,delivered
O02683,C00831,2025-05-02,delivered
O02684,C00325,2025-12-06,delivered
O02685,C00214,2025-06-24,delivered
O02686,C00208,2026-03-27,delivered
O02687,C00169,2025-05-16,delivered
O02688,C00330,2025-01-16,shipped
O02689,C00280,2025-11-29,delivered
O02690,C00978,2025-07-14,shipped
O02691,C00305,2026-05-11,delivered
O02692,C00146,2025-01-09,delivered
O02693,C00775,2025-11-30,delivered
O02694,C00516,2025-11-29,delivered
O02695,C00090,2025-11-23,shipped
O02696,C00453,2025-01-15,cancelled
O02697,C00060,2025-08-14,delivered
O02698,C00311,2026-03-01,delivered
O02699,C00528,2026-02-12,delivered
O02700,C00227,2025-04-23,delivered
O02701,C00474,2026-03-04,delivered
O02702,C00978,2025-01-01,delivered
O02703,C00541,2025-09-23,cancelled
O02704,C00663,2026-05-06,delivered
O02705,C00757,2025-07-27,processing
O02706,C00782,2026-01-04,shipped
O02707,C00079,2025-11-02,shipped
O02708,C00433,2025-01-12,delivered
O02709,C00801,2025-12-11,delivered
O02710,C00153,2026-04-10,delivered
O02711,C00789,2026-05-09,delivered
O02712,C00401,2026-01-03,delivered
O02713,C00279,2026-02-24,cancelled
O02714,C00057,2025-06-20,shipped
O02715,C00977,2025-05-14,shipped
O02716,C00186,2026-03-03,processing
O02717,C00398,2025-01-25,delivered
O02718,C00605,2026-06-14,delivered
O02719,C00788,2025-07-09,delivered
O02720,C00158,2025-05-21,delivered
O02721,C00787,2025-11-11,shipped
O02722,C00693,2026-03-20,delivered
O02723,C00359,2025-11-15,delivered
O02724,C00440,2026-03-17,delivered
O02725,C00589,2025-04-02,delivered
O02726,C00466,2025-06-28,delivered
O02727,C00663,2025-02-25,shipped
O02728,C00446,2025-06-04,delivered
O02729,C00750,2025-04-21,delivered
O02730,C00801,2025-05-17,delivered
O02731,C00743,2025-08-20,delivered
O02732,C00488,2026-04-13,delivered
O02733,C00530,2026-04-26,cancelled
O02734,C00073,2025-03-09,delivered
O02735,C00929,2025-09-06,delivered
O02736,C00928,2025-11-19,delivered
O02737,C00701,2026-06-02,delivered
O02738,C00950,2026-03-08,delivered
O02739,C00017,2026-05-02,delivered
O02740,C00531,2026-03-05,delivered
O02741,C00731,2025-09-26,processing
O02742,C00326,2026-06-21,delivered
O02743,C00995,2025-05-28,delivered
O02744,C00632,2025-04-28,delivered
O02745,C00613,2026-01-02,delivered
O02746,C00546,2025-03-07,processing
O02747,C00596,2026-01-05,processing
O02748,C00921,2025-06-24,delivered
O02749,C00708,2026-05-10,processing
O02750,C00842,2025-04-24,shipped
O02751,C00202,2025-04-21,processing
O02752,C00344,2026-03-15,delivered
O02753,C00853,2025-05-27,delivered
O02754,C00523,2025-02-04,delivered
O02755,C00859,2025-11-05,shipped
O02756,C00400,2026-06-22,delivered
O02757,C00218,2025-01-14,delivered
O02758,C00445,2026-01-09,delivered
O02759,C00765,2026-03-04,delivered
O02760,C00222,2025-08-21,delivered
O02761,C00383,2026-03-16,processing
O02762,C00881,2026-05-17,delivered
O02763,C00592,2025-10-02,processing
O02764,C00007,2025-03-17,delivered
O02765,C00272,2026-03-15,delivered
O02766,C00739,2025-10-16,delivered
O02767,C00016,2026-06-24,delivered
O02768,C00424,2025-09-10,delivered
O02769,C00524,2025-05-06,delivered
O02770,C00803,2025-06-26,delivered
O02771,C00753,2025-02-06,shipped
O02772,C00021,2026-02-14,delivered
O02773,C00690,2025-05-07,delivered
O02774,C00939,2026-04-28,delivered
O02775,C00228,2025-06-17,delivered
O02776,C00785,2025-10-21,delivered
O02777,C00288,2025-12-09,delivered
O02778,C00809,2025-11-06,delivered
O02779,C00134,2026-06-12,delivered
O02780,C00984,2026-06-24,delivered
O02781,C00283,2026-02-23,shipped
O02782,C00404,2026-03-20,delivered
O02783,C00665,2025-08-24,delivered
O02784,C00066,2026-03-15,shipped
O02785,C00649,2025-08-02,delivered
O02786,C00604,2025-03-26,delivered
O02787,C00437,2025-03-26,delivered
O02788,C00829,2026-05-04,delivered
O02789,C00934,2025-03-06,delivered
O02790,C00259,2025-03-05,delivered
O02791,C00980,2025-12-09,cancelled
O02792,C00966,2025-12-18,shipped
O02793,C00103,2025-06-07,delivered
O02794,C00993,2026-05-06,delivered
O02795,C00567,2026-04-08,delivered
O02796,C00769,2025-08-13,delivered
O02797,C00101,2025-11-09,delivered
O02798,C00198,2026-04-11,delivered
O02799,C00813,2025-03-29,delivered
O02800,C00226,2025-10-30,delivered
O02801,C00943,2026-03-11,cancelled
O02802,C00463,2025-05-15,delivered
O02803,C00237,2025-02-19,processing
O02804,C00026,2026-03-08,processing
O02805,C00121,2025-12-06,delivered
O02806,C00910,2025-12-13,shipped
O02807,C00506,2025-12-13,delivered
O02808,C00182,2025-09-02,delivered
O02809,C00711,2025-04-19,delivered
O02810,C00814,2026-06-17,delivered
O02811,C00767,2025-03-31,delivered
O02812,C00634,2025-10-23,delivered
O02813,C00543,2025-04-22,delivered
O02814,C00984,2025-06-26,delivered
O02815,C00315,2025-12-09,delivered
O02816,C00991,2025-04-11,delivered
O02817,C00797,2026-02-05,delivered
O02818,C00618,2025-01-28,delivered
O02819,C00736,2026-06-21,delivered
O02820,C00273,2025-02-27,delivered
O02821,C00910,2026-05-13,shipped
O02822,C00232,2025-10-24,delivered
O02823,C00420,2025-05-14,delivered
O02824,C00768,2025-11-27,delivered
O02825,C00442,2025-09-06,processing
O02826,C00496,2025-03-16,delivered
O02827,C00024,2025-06-17,delivered
O02828,C00109,2026-05-18,delivered
O02829,C00703,2025-12-21,delivered
O02830,C00502,2025-08-13,delivered
O02831,C00859,2026-06-15,delivered
O02832,C00025,2025-05-26,cancelled
O02833,C00187,2025-08-29,delivered
O02834,C00288,2025-12-10,delivered
O02835,C00628,2025-02-04,delivered
O02836,C00338,2025-01-01,delivered
O02837,C00878,2025-06-02,shipped
O02838,C00914,2026-03-05,delivered
O02839,C00037,2026-05-23,delivered
O02840,C00794,2025-05-06,delivered
O02841,C00137,2026-05-06,processing
O02842,C00508,2026-04-27,shipped
O02843,C00227,2025-12-11,delivered
O02844,C00320,2025-08-09,delivered
O02845,C00840,2025-01-25,delivered
O02846,C00916,2026-06-12,cancelled
O02847,C00182,2025-07-01,delivered
O02848,C00874,2026-05-14,delivered
O02849,C00086,2025-02-11,delivered
O02850,C00467,2026-04-26,delivered
O02851,C00926,2026-03-15,delivered
O02852,C00053,2026-02-06,cancelled
O02853,C00860,2026-06-30,delivered
O02854,C00867,2025-12-11,shipped
O02855,C00235,2025-02-14,delivered
O02856,C00959,2025-01-21,delivered
O02857,C00779,2025-03-11,delivered
O02858,C00799,2025-02-17,delivered
O02859,C00433,2026-05-06,cancelled
O02860,C00496,2025-10-14,processing
O02861,C00999,2025-01-10,delivered
O02862,C00100,2026-06-26,delivered
O02863,C00990,2025-10-01,delivered
O02864,C00599,2026-01-16,processing
O02865,C00403,2025-11-25,processing
O02866,C00396,2026-04-24,shipped
O02867,C00527,2025-01-15,delivered
O02868,C00415,2026-05-31,delivered
O02869,C00939,2025-07-10,delivered
O02870,C00613,2025-06-17,delivered
O02871,C00677,2026-06-05,delivered
O02872,C00463,2025-05-17,delivered
O02873,C00541,2025-06-03,delivered
O02874,C00626,2026-01-23,processing
O02875,C00619,2025-07-28,shipped
O02876,C00922,2025-09-29,delivered
O02877,C00364,2025-05-23,delivered
O02878,C00130,2025-03-10,delivered
O02879,C00084,2025-09-04,shipped
O02880,C00271,2025-09-18,shipped
O02881,C00244,2025-03-20,shipped
O02882,C00388,2026-06-09,shipped
O02883,C00214,2025-11-26,delivered
O02884,C00818,2025-07-08,delivered
O02885,C00166,2025-04-05,delivered
O02886,C00791,2025-01-08,delivered
O02887,C00059,2025-03-08,shipped
O02888,C00602,2026-05-11,delivered
O02889,C00883,2025-07-10,delivered
O02890,C00843,2026-01-01,delivered
O02891,C00924,2026-06-05,cancelled
O02892,C00504,2025-04-27,delivered
O02893,C00706,2025-09-24,delivered
O02894,C00123,2026-04-30,delivered
O02895,C00648,2026-05-24,delivered
O02896,C00413,2025-10-25,delivered
O02897,C00139,2025-06-13,delivered
O02898,C00229,2026-01-11,delivered
O02899,C00274,2025-09-25,processing
O02900,C00439,2025-03-15,delivered
O02901,C00562,2026-05-23,delivered
O02902,C00910,2025-03-14,processing
O02903,C00118,2025-11-04,delivered
O02904,C00714,2025-07-18,delivered
O02905,C00995,2025-05-10,shipped
O02906,C00905,2026-05-02,delivered
O02907,C00483,2025-05-31,delivered
O02908,C00395,2025-07-25,delivered
O02909,C00703,2025-06-28,delivered
O02910,C00876,2025-07-16,delivered
O02911,C00460,2025-03-30,shipped
O02912,C00835,2026-03-10,delivered
O02913,C00693,2025-07-02,delivered
O02914,C00935,2025-07-28,cancelled
O02915,C00078,2026-05-08,delivered
O02916,C00952,2025-05-10,delivered
O02917,C00412,2025-01-13,delivered
O02918,C00075,2025-04-16,delivered
O02919,C00295,2026-01-10,delivered
O02920,C00793,2025-04-09,delivered
O02921,C00021,2025-07-11,cancelled
O02922,C00906,2025-11-21,processing
O02923,C00171,2026-04-12,processing
O02924,C00015,2026-01-02,processing
O02925,C00211,2025-11-14,delivered
O02926,C00560,2025-05-24,delivered
O02927,C00086,2026-01-19,processing
O02928,C00149,2025-08-04,delivered
O02929,C00700,2025-12-27,cancelled
O02930,C00372,2025-11-20,delivered
O02931,C00480,2025-01-15,delivered
O02932,C00818,2025-08-05,delivered
O02933,C00151,2026-05-07,cancelled
O02934,C00141,2025-07-02,delivered
O02935,C00069,2025-09-27,shipped
O02936,C00260,2026-04-12,delivered
O02937,C00988,2026-06-03,delivered
O02938,C00846,2026-06-26,shipped
O02939,C00968,2026-04-12,delivered
O02940,C00521,2025-11-01,delivered
O02941,C00633,2025-05-24,delivered
O02942,C00371,2025-04-21,delivered
O02943,C00419,2025-08-20,delivered
O02944,C00101,2026-05-15,delivered
O02945,C00661,2025-09-30,delivered
O02946,C00954,2025-06-22,cancelled
O02947,C00658,2025-01-07,delivered
O02948,C00865,2025-06-04,shipped
O02949,C00968,2026-06-06,delivered
O02950,C00243,2026-06-30,delivered
O02951,C00753,2026-06-02,delivered
O02952,C00512,2025-08-03,delivered
O02953,C00849,2025-05-14,delivered
O02954,C00555,2025-10-12,delivered
O02955,C00095,2025-05-06,delivered
O02956,C00226,2026-03-15,delivered
O02957,C00518,2025-06-01,delivered
O02958,C00214,2025-11-27,delivered
O02959,C00718,2026-06-22,delivered
O02960,C00067,2026-01-18,processing
O02961,C00396,2025-04-25,delivered
O02962,C00612,2026-04-27,delivered
O02963,C00012,2025-10-11,delivered
O02964,C00237,2025-03-16,processing
O02965,C00834,2025-06-15,delivered
O02966,C00770,2025-07-08,shipped
O02967,C00399,2025-03-19,delivered
O02968,C00407,2025-01-21,cancelled
O02969,C00925,2025-07-03,shipped
O02970,C00849,2025-08-10,processing
O02971,C00480,2025-11-24,delivered
O02972,C00647,2025-06-28,delivered
O02973,C00222,2025-04-22,delivered
O02974,C00156,2025-02-28,delivered
O02975,C00654,2025-11-23,processing
O02976,C00428,2025-07-10,delivered
O02977,C00158,2025-07-19,delivered
O02978,C00977,2025-11-08,delivered
O02979,C00416,2025-02-04,delivered
O02980,C00326,2026-01-14,delivered
O02981,C00371,2026-01-22,shipped
O02982,C00344,2025-08-25,delivered
O02983,C00262,2026-06-03,delivered
O02984,C00283,2025-10-10,delivered
O02985,C00850,2025-01-01,delivered
O02986,C00856,2026-04-09,delivered
O02987,C00229,2025-08-18,delivered
O02988,C00888,2025-06-21,delivered
O02989,C00280,2025-03-28,shipped
O02990,C00870,2025-05-03,shipped
O02991,C00290,2025-10-25,delivered
O02992,C00680,2026-04-29,cancelled
O02993,C00047,2025-06-14,shipped
O02994,C00975,2026-01-18,processing
O02995,C00715,2025-07-28,delivered
O02996,C00214,2026-03-08,processing
O02997,C00758,2026-01-24,shipped
O02998,C00024,2025-08-12,shipped
O02999,C00321,2025-01-03,delivered
O03000,C00274,2026-01-07,shipped
