order_item_id,order_id,product_id,quantity,price,line_total
OI000001,O02484,P0154,2,20058.27,40116.54
OI000002,O01859,P0009,3,22013.97,66041.91
OI000003,O00686,P0148,2,3514.03,7028.06
OI000004,O00586,P0184,2,22388.43,44776.86
OI000005,O02399,P0036,4,3895.16,15580.64
OI000006,O00143,P0036,1,3895.16,3895.16
OI000007,O00967,P0073,3,19771.76,59315.28
OI000008,O02852,P0150,2,5458.53,10917.06
OI000009,O00718,P0001,3,5743.74,17231.22
OI000010,O00643,P0069,4,9577.52,38310.08
OI000011,O02549,P0037,2,24812.84,49625.68
OI000012,O00370,P0072,1,20167.54,20167.54
OI000013,O01110,P0107,2,15527.74,31055.48
OI000014,O00787,P0096,4,3465.64,13862.56
OI000015,O02787,P0141,2,19255.69,38511.38
OI000016,O01484,P0084,4,21564.16,86256.64
OI000017,O00950,P0043,2,2319.2,4638.4
OI000018,O01349,P0037,3,24812.84,74438.52
OI000019,O00522,P0025,1,5103.25,5103.25
OI000020,O02537,P0149,4,13429.22,53716.88
OI000021,O01953,P0169,3,11540.22,34620.66
OI000022,O02445,P0073,4,19771.76,79087.04
OI000023,O02944,P0170,2,19646.91,39293.82
OI000024,O00355,P0042,4,15627.28,62509.12
OI000025,O00947,P0002,4,8939.41,35757.64
OI000026,O02336,P0196,1,1894.9,1894.9
OI000027,O01483,P0136,3,4946.1,14838.3
OI000028,O01648,P0096,2,3465.64,6931.28
OI000029,O00536,P0061,1,22992.86,22992.86
OI000030,O01315,P0014,4,16770.23,67080.92
OI000031,O02899,P0113,1,1548.28,1548.28
OI000032,O02886,P0077,4,4420.76,17683.04
OI000033,O02216,P0021,2,14101.19,28202.38
OI000034,O00950,P0152,4,6105.92,24423.68
OI000035,O00621,P0178,1,21037.7,21037.7
OI000036,O00428,P0173,1,19693.89,19693.89
OI000037,O01726,P0192,4,17037.67,68150.68
OI000038,O02538,P0064,3,21300.48,63901.44
OI000039,O02403,P0154,1,20058.27,20058.27
OI000040,O02244,P0160,3,21124.49,63373.47
OI000041,O00545,P0057,3,9984.84,29954.52
OI000042,O02765,P0119,3,3642.01,10926.03
OI000043,O00824,P0181,3,11590.79,34772.37
OI000044,O02980,P0161,1,2542.26,2542.26
OI000045,O01003,P0052,1,9067.4,9067.4
OI000046,O00659,P0095,3,742.72,2228.16
OI000047,O02987,P0146,1,6569.35,6569.35
OI000048,O02828,P0163,3,3836.21,11508.63
OI000049,O02059,P0140,3,18367.0,55101.0
OI000050,O02444,P0179,3,1056.82,3170.46
OI000051,O00731,P0089,4,4453.48,17813.92
OI000052,O01833,P0010,2,16306.85,32613.7
OI000053,O00409,P0052,1,9067.4,9067.4
OI000054,O02410,P0034,1,5942.59,5942.59
OI000055,O00084,P0115,3,1538.74,4616.22
OI000056,O02204,P0195,4,17936.45,71745.8
OI000057,O00707,P0167,4,9459.62,37838.48
OI000058,O01962,P0136,1,4946.1,4946.1
OI000059,O02520,P0125,3,12784.61,38353.83
OI000060,O02667,P0157,1,2832.43,2832.43
OI000061,O01448,P0150,3,5458.53,16375.59
OI000062,O00134,P0198,3,401.5,1204.5
OI000063,O00788,P0189,2,3839.21,7678.42
OI000064,O02955,P0043,3,2319.2,6957.6
OI000065,O00864,P0177,2,6441.3,12882.6
OI000066,O00667,P0029,1,18928.47,18928.47
OI000067,O00277,P0106,1,5479.35,5479.35
OI000068,O01776,P0120,4,3122.48,12489.92
OI000069,O00882,P0081,2,16060.2,32120.4
OI000070,O02061,P0031,1,16656.3,16656.3
OI000071,O02390,P0181,2,11590.79,23181.58
OI000072,O02083,P0162,1,12257.2,12257.2
OI000073,O02607,P0128,2,15418.96,30837.92
OI000074,O01238,P0038,2,23182.32,46364.64
OI000075,O02453,P0185,3,15953.08,47859.24
OI000076,O02706,P0101,1,7864.22,7864.22
OI000077,O00159,P0132,4,10709.48,42837.92
OI000078,O01134,P0130,3,15635.01,46905.03
OI000079,O02597,P0012,4,8175.91,32703.64
OI000080,O01852,P0035,2,10042.97,20085.94
OI000081,O00279,P0198,3,401.5,1204.5
OI000082,O02527,P0110,2,1627.61,3255.22
OI000083,O00111,P0072,1,20167.54,20167.54
OI000084,O02479,P0149,1,13429.22,13429.22
OI000085,O00542,P0110,4,1627.61,6510.44
OI000086,O01139,P0061,1,22992.86,22992.86
OI000087,O00360,P0163,4,3836.21,15344.84
OI000088,O02420,P0048,2,17747.74,35495.48
OI000089,O01239,P0143,3,10462.23,31386.69
OI000090,O01757,P0071,1,21714.61,21714.61
OI000091,O00955,P0143,2,10462.23,20924.46
OI000092,O02307,P0134,3,22176.44,66529.32
OI000093,O02826,P0068,2,20454.5,40909.0
OI000094,O02168,P0022,4,23944.87,95779.48
OI000095,O00976,P0032,2,19906.7,39813.4
OI000096,O00913,P0123,4,17334.82,69339.28
OI000097,O01152,P0022,4,23944.87,95779.48
OI000098,O00723,P0155,1,23993.46,23993.46
OI000099,O02571,P0110,4,1627.61,6510.44
OI000100,O01712,P0015,4,24854.07,99416.28
OI000101,O00325,P0124,2,1651.07,3302.14
OI000102,O01530,P0044,4,18906.23,75624.92
OI000103,O01550,P0115,4,1538.74,6154.96
OI000104,O01074,P0009,2,22013.97,44027.94
OI000105,O01946,P0034,3,5942.59,17827.77
OI000106,O01608,P0073,1,19771.76,19771.76
OI000107,O02117,P0143,2,10462.23,20924.46
OI000108,O00391,P0190,4,18462.1,73848.4
OI000109,O02431,P0045,2,3280.07,6560.14
OI000110,O00016,P0072,3,20167.54,60502.62
OI000111,O00846,P0058,2,11235.34,22470.68
OI000112,O00869,P0115,2,1538.74,3077.48
OI000113,O00568,P0019,2,11683.62,23367.24
OI000114,O02180,P0016,2,16579.8,33159.6
OI000115,O02020,P0075,4,2114.89,8459.56
OI000116,O02321,P0106,2,5479.35,10958.7
OI000117,O01647,P0136,3,4946.1,14838.3
OI000118,O02532,P0161,2,2542.26,5084.52
OI000119,O02598,P0074,2,7686.51,15373.02
OI000120,O00357,P0018,4,18293.2,73172.8
OI000121,O01657,P0163,4,3836.21,15344.84
OI000122,O02281,P0043,2,2319.2,4638.4
OI000123,O00036,P0050,4,7647.9,30591.6
OI000124,O02461,P0003,4,1828.65,7314.6
OI000125,O01028,P0059,2,15054.8,30109.6
OI000126,O02092,P0028,4,11314.24,45256.96
OI000127,O02616,P0046,1,20669.08,20669.08
OI000128,O02788,P0064,1,21300.48,21300.48
OI000129,O00114,P0070,1,21961.56,21961.56
OI000130,O01773,P0047,4,19572.5,78290.0
OI000131,O02445,P0142,1,374.68,374.68
OI000132,O01198,P0135,3,11299.64,33898.92
OI000133,O01279,P0159,1,11414.0,11414.0
OI000134,O00466,P0106,3,5479.35,16438.05
OI000135,O01488,P0081,4,16060.2,64240.8
OI000136,O00847,P0051,1,6651.5,6651.5
OI000137,O00502,P0029,3,18928.47,56785.41
OI000138,O00441,P0113,4,1548.28,6193.12
OI000139,O02117,P0143,1,10462.23,10462.23
OI000140,O00326,P0128,2,15418.96,30837.92
OI000141,O01766,P0090,1,12613.9,12613.9
OI000142,O00067,P0025,1,5103.25,5103.25
OI000143,O00304,P0189,1,3839.21,3839.21
OI000144,O00972,P0041,2,13071.85,26143.7
OI000145,O00484,P0069,3,9577.52,28732.56
OI000146,O00929,P0004,3,13024.59,39073.77
OI000147,O01441,P0105,2,16056.58,32113.16
OI000148,O00149,P0185,1,15953.08,15953.08
OI000149,O02632,P0031,1,16656.3,16656.3
OI000150,O02296,P0131,1,13223.33,13223.33
OI000151,O01125,P0117,3,24593.61,73780.83
OI000152,O02750,P0195,3,17936.45,53809.35
OI000153,O00096,P0090,2,12613.9,25227.8
OI000154,O00282,P0178,4,21037.7,84150.8
OI000155,O02370,P0145,2,577.89,1155.78
OI000156,O00529,P0188,3,13008.36,39025.08
OI000157,O02311,P0066,1,23271.82,23271.82
OI000158,O01643,P0088,1,19143.76,19143.76
OI000159,O00580,P0024,1,17281.12,17281.12
OI000160,O01664,P0099,1,24148.97,24148.97
OI000161,O02342,P0160,4,21124.49,84497.96
OI000162,O01632,P0105,2,16056.58,32113.16
OI000163,O02443,P0019,2,11683.62,23367.24
OI000164,O02561,P0066,3,23271.82,69815.46
OI000165,O02969,P0060,2,12940.42,25880.84
OI000166,O00810,P0115,4,1538.74,6154.96
OI000167,O02968,P0194,4,2211.32,8845.28
OI000168,O00693,P0015,4,24854.07,99416.28
OI000169,O00235,P0085,1,23076.65,23076.65
OI000170,O00952,P0163,3,3836.21,11508.63
OI000171,O01855,P0197,4,1874.29,7497.16
OI000172,O01361,P0155,2,23993.46,47986.92
OI000173,O01032,P0088,2,19143.76,38287.52
OI000174,O01467,P0007,2,5919.43,11838.86
OI000175,O01965,P0006,4,20028.88,80115.52
OI000176,O00539,P0125,4,12784.61,51138.44
OI000177,O00820,P0033,2,23186.73,46373.46
OI000178,O01682,P0058,4,11235.34,44941.36
OI000179,O00272,P0177,2,6441.3,12882.6
OI000180,O01029,P0145,1,577.89,577.89
OI000181,O01923,P0110,4,1627.61,6510.44
OI000182,O01243,P0042,1,15627.28,15627.28
OI000183,O01142,P0094,1,1797.49,1797.49
OI000184,O00593,P0200,4,18463.96,73855.84
OI000185,O01606,P0168,2,9922.46,19844.92
OI000186,O00115,P0174,3,7953.63,23860.89
OI000187,O02311,P0199,1,23916.88,23916.88
OI000188,O01678,P0198,4,401.5,1606.0
OI000189,O01446,P0196,1,1894.9,1894.9
OI000190,O00207,P0129,2,7725.72,15451.44
OI000191,O02351,P0079,4,8717.88,34871.52
OI000192,O00112,P0095,3,742.72,2228.16
OI000193,O01441,P0111,4,19540.96,78163.84
OI000194,O01883,P0097,1,24081.57,24081.57
OI000195,O00185,P0180,4,22553.87,90215.48
OI000196,O01765,P0163,4,3836.21,15344.84
OI000197,O00901,P0119,1,3642.01,3642.01
OI000198,O00221,P0069,3,9577.52,28732.56
OI000199,O01468,P0133,2,3354.69,6709.38
OI000200,O01094,P0145,4,577.89,2311.56
OI000201,O02946,P0181,3,11590.79,34772.37
OI000202,O02670,P0052,2,9067.4,18134.8
OI000203,O02475,P0142,1,374.68,374.68
OI000204,O02692,P0122,3,2616.04,7848.12
OI000205,O02616,P0029,3,18928.47,56785.41
OI000206,O02013,P0136,4,4946.1,19784.4
OI000207,O02491,P0104,1,2731.05,2731.05
OI000208,O00601,P0001,4,5743.74,22974.96
OI000209,O01161,P0029,1,18928.47,18928.47
OI000210,O00504,P0164,2,8184.43,16368.86
OI000211,O02179,P0179,4,1056.82,4227.28
OI000212,O00218,P0165,1,18460.19,18460.19
OI000213,O02736,P0069,1,9577.52,9577.52
OI000214,O02219,P0053,3,2282.3,6846.9
OI000215,O01499,P0124,4,1651.07,6604.28
OI000216,O00612,P0180,4,22553.87,90215.48
OI000217,O01153,P0088,2,19143.76,38287.52
OI000218,O00057,P0083,1,3399.86,3399.86
OI000219,O01205,P0012,3,8175.91,24527.73
OI000220,O00246,P0052,1,9067.4,9067.4
OI000221,O00144,P0129,1,7725.72,7725.72
OI000222,O00368,P0135,1,11299.64,11299.64
OI000223,O01483,P0145,4,577.89,2311.56
OI000224,O02266,P0127,1,20367.86,20367.86
OI000225,O00616,P0171,2,22312.91,44625.82
OI000226,O01882,P0071,3,21714.61,65143.83
OI000227,O01589,P0017,3,13988.81,41966.43
OI000228,O02490,P0187,1,1759.64,1759.64
OI000229,O02889,P0003,3,1828.65,5485.95
OI000230,O00699,P0029,1,18928.47,18928.47
OI000231,O00876,P0022,4,23944.87,95779.48
OI000232,O01686,P0166,3,11952.85,35858.55
OI000233,O02824,P0054,4,23430.25,93721.0
OI000234,O02810,P0107,4,15527.74,62110.96
OI000235,O00945,P0178,2,21037.7,42075.4
OI000236,O00923,P0069,2,9577.52,19155.04
OI000237,O02983,P0158,3,13744.19,41232.57
OI000238,O01747,P0151,1,401.81,401.81
OI000239,O00025,P0120,1,3122.48,3122.48
OI000240,O02854,P0047,1,19572.5,19572.5
OI000241,O01688,P0149,1,13429.22,13429.22
OI000242,O01560,P0020,2,1597.54,3195.08
OI000243,O02812,P0151,1,401.81,401.81
OI000244,O01084,P0196,1,1894.9,1894.9
OI000245,O00434,P0149,4,13429.22,53716.88
OI000246,O02927,P0021,1,14101.19,14101.19
OI000247,O01090,P0001,1,5743.74,5743.74
OI000248,O02958,P0143,2,10462.23,20924.46
OI000249,O02613,P0017,3,13988.81,41966.43
OI000250,O01952,P0051,4,6651.5,26606.0
OI000251,O02154,P0191,4,12854.33,51417.32
OI000252,O00096,P0014,3,16770.23,50310.69
OI000253,O00168,P0059,4,15054.8,60219.2
OI000254,O02090,P0083,1,3399.86,3399.86
OI000255,O01903,P0050,1,7647.9,7647.9
OI000256,O02152,P0124,3,1651.07,4953.21
OI000257,O01869,P0034,2,5942.59,11885.18
OI000258,O02568,P0006,2,20028.88,40057.76
OI000259,O01999,P0109,4,3885.42,15541.68
OI000260,O02330,P0049,2,1000.39,2000.78
OI000261,O02995,P0006,2,20028.88,40057.76
OI000262,O01134,P0117,2,24593.61,49187.22
OI000263,O02011,P0118,2,6055.58,12111.16
OI000264,O00749,P0197,2,1874.29,3748.58
OI000265,O01892,P0007,2,5919.43,11838.86
OI000266,O00831,P0097,2,24081.57,48163.14
OI000267,O00049,P0179,4,1056.82,4227.28
OI000268,O00115,P0118,1,6055.58,6055.58
OI000269,O01179,P0129,2,7725.72,15451.44
OI000270,O01673,P0141,1,19255.69,19255.69
OI000271,O02551,P0171,3,22312.91,66938.73
OI000272,O00071,P0027,1,2507.24,2507.24
OI000273,O01360,P0199,3,23916.88,71750.64
OI000274,O00067,P0116,4,17406.38,69625.52
OI000275,O01517,P0131,1,13223.33,13223.33
OI000276,O01674,P0058,3,11235.34,33706.02
OI000277,O01778,P0089,1,4453.48,4453.48
OI000278,O00967,P0097,4,24081.57,96326.28
OI000279,O02229,P0017,1,13988.81,13988.81
OI000280,O01790,P0173,3,19693.89,59081.67
OI000281,O00613,P0101,2,7864.22,15728.44
OI000282,O01887,P0186,2,15386.95,30773.9
OI000283,O01623,P0184,2,22388.43,44776.86
OI000284,O00697,P0182,4,15966.32,63865.28
OI000285,O02651,P0029,2,18928.47,37856.94
OI000286,O02296,P0102,4,12702.93,50811.72
OI000287,O01238,P0123,2,17334.82,34669.64
OI000288,O02407,P0054,4,23430.25,93721.0
OI000289,O00249,P0027,4,2507.24,10028.96
OI000290,O00638,P0102,1,12702.93,12702.93
OI000291,O00950,P0117,2,24593.61,49187.22
OI000292,O01905,P0104,1,2731.05,2731.05
OI000293,O01112,P0045,3,3280.07,9840.21
OI000294,O02711,P0114,2,24872.17,49744.34
OI000295,O00176,P0087,2,15195.7,30391.4
OI000296,O00723,P0031,2,16656.3,33312.6
OI000297,O02474,P0164,2,8184.43,16368.86
OI000298,O00771,P0189,1,3839.21,3839.21
OI000299,O01948,P0037,1,24812.84,24812.84
OI000300,O00703,P0195,4,17936.45,71745.8
OI000301,O02129,P0036,1,3895.16,3895.16
OI000302,O00927,P0119,4,3642.01,14568.04
OI000303,O00138,P0005,3,1783.55,5350.65
OI000304,O02518,P0174,1,7953.63,7953.63
OI000305,O02398,P0052,4,9067.4,36269.6
OI000306,O01150,P0049,2,1000.39,2000.78
OI000307,O01941,P0006,3,20028.88,60086.64
OI000308,O01892,P0123,4,17334.82,69339.28
OI000309,O01879,P0138,3,10411.83,31235.49
OI000310,O01254,P0118,2,6055.58,12111.16
OI000311,O01484,P0023,2,4465.04,8930.08
OI000312,O01369,P0145,4,577.89,2311.56
OI000313,O00310,P0110,4,1627.61,6510.44
OI000314,O01044,P0044,2,18906.23,37812.46
OI000315,O01671,P0041,4,13071.85,52287.4
OI000316,O01565,P0143,2,10462.23,20924.46
OI000317,O01584,P0172,1,23887.83,23887.83
OI000318,O01501,P0186,4,15386.95,61547.8
OI000319,O02317,P0050,3,7647.9,22943.7
OI000320,O00770,P0052,2,9067.4,18134.8
OI000321,O00016,P0070,1,21961.56,21961.56
OI000322,O00606,P0196,4,1894.9,7579.6
OI000323,O01382,P0191,2,12854.33,25708.66
OI000324,O00813,P0186,1,15386.95,15386.95
OI000325,O01991,P0151,4,401.81,1607.24
OI000326,O02530,P0172,2,23887.83,47775.66
OI000327,O00895,P0109,2,3885.42,7770.84
OI000328,O01568,P0118,2,6055.58,12111.16
OI000329,O02317,P0109,4,3885.42,15541.68
OI000330,O00414,P0095,1,742.72,742.72
OI000331,O00025,P0044,2,18906.23,37812.46
OI000332,O02005,P0180,1,22553.87,22553.87
OI000333,O00316,P0067,1,2997.52,2997.52
OI000334,O00571,P0156,3,12247.57,36742.71
OI000335,O00725,P0067,1,2997.52,2997.52
OI000336,O01850,P0018,1,18293.2,18293.2
OI000337,O01300,P0155,1,23993.46,23993.46
OI000338,O01954,P0179,1,1056.82,1056.82
OI000339,O00389,P0060,1,12940.42,12940.42
OI000340,O02770,P0074,4,7686.51,30746.04
OI000341,O00444,P0049,3,1000.39,3001.17
OI000342,O02745,P0015,2,24854.07,49708.14
OI000343,O00971,P0073,3,19771.76,59315.28
OI000344,O02769,P0196,3,1894.9,5684.7
OI000345,O02416,P0143,2,10462.23,20924.46
OI000346,O01965,P0179,1,1056.82,1056.82
OI000347,O02390,P0048,2,17747.74,35495.48
OI000348,O01829,P0072,1,20167.54,20167.54
OI000349,O00304,P0113,2,1548.28,3096.56
OI000350,O00764,P0129,4,7725.72,30902.88
OI000351,O01974,P0135,3,11299.64,33898.92
OI000352,O00816,P0053,1,2282.3,2282.3
OI000353,O02160,P0159,3,11414.0,34242.0
OI000354,O00878,P0018,1,18293.2,18293.2
OI000355,O02978,P0012,2,8175.91,16351.82
OI000356,O00703,P0048,2,17747.74,35495.48
OI000357,O02894,P0030,2,8754.53,17509.06
OI000358,O00944,P0097,4,24081.57,96326.28
OI000359,O02327,P0007,2,5919.43,11838.86
OI000360,O02430,P0092,2,3744.71,7489.42
OI000361,O02061,P0113,4,1548.28,6193.12
OI000362,O00303,P0003,3,1828.65,5485.95
OI000363,O01580,P0107,3,15527.74,46583.22
OI000364,O00160,P0063,1,24804.73,24804.73
OI000365,O02202,P0134,3,22176.44,66529.32
OI000366,O02802,P0102,1,12702.93,12702.93
OI000367,O02229,P0015,1,24854.07,24854.07
OI000368,O01204,P0199,3,23916.88,71750.64
OI000369,O02425,P0171,3,22312.91,66938.73
OI000370,O02824,P0091,4,10026.71,40106.84
OI000371,O01192,P0081,1,16060.2,16060.2
OI000372,O01174,P0146,3,6569.35,19708.05
OI000373,O02064,P0150,3,5458.53,16375.59
OI000374,O01115,P0061,4,22992.86,91971.44
OI000375,O01144,P0120,3,3122.48,9367.44
OI000376,O01980,P0061,2,22992.86,45985.72
OI000377,O00253,P0053,2,2282.3,4564.6
OI000378,O01433,P0026,1,13442.11,13442.11
OI000379,O02079,P0115,4,1538.74,6154.96
OI000380,O00731,P0040,3,21066.63,63199.89
OI000381,O02337,P0088,1,19143.76,19143.76
OI000382,O00498,P0116,3,17406.38,52219.14
OI000383,O01429,P0136,2,4946.1,9892.2
OI000384,O00548,P0021,3,14101.19,42303.57
OI000385,O00961,P0043,3,2319.2,6957.6
OI000386,O00132,P0021,3,14101.19,42303.57
OI000387,O01348,P0131,2,13223.33,26446.66
OI000388,O00858,P0031,2,16656.3,33312.6
OI000389,O01156,P0155,4,23993.46,95973.84
OI000390,O02033,P0027,2,2507.24,5014.48
OI000391,O00521,P0073,1,19771.76,19771.76
OI000392,O00030,P0185,3,15953.08,47859.24
OI000393,O02675,P0097,2,24081.57,48163.14
OI000394,O02052,P0161,1,2542.26,2542.26
OI000395,O00509,P0090,2,12613.9,25227.8
OI000396,O01261,P0044,3,18906.23,56718.69
OI000397,O01559,P0043,1,2319.2,2319.2
OI000398,O00016,P0031,2,16656.3,33312.6
OI000399,O00997,P0117,2,24593.61,49187.22
OI000400,O01608,P0193,1,1137.66,1137.66
OI000401,O01840,P0076,4,10134.21,40536.84
OI000402,O02017,P0145,1,577.89,577.89
OI000403,O01254,P0143,1,10462.23,10462.23
OI000404,O01744,P0034,1,5942.59,5942.59
OI000405,O02311,P0080,1,24392.69,24392.69
OI000406,O01089,P0004,2,13024.59,26049.18
OI000407,O02313,P0072,1,20167.54,20167.54
OI000408,O01362,P0098,1,13783.29,13783.29
OI000409,O00378,P0110,3,1627.61,4882.83
OI000410,O01199,P0028,2,11314.24,22628.48
OI000411,O00476,P0130,3,15635.01,46905.03
OI000412,O01290,P0017,2,13988.81,27977.62
OI000413,O00329,P0058,4,11235.34,44941.36
OI000414,O01840,P0127,4,20367.86,81471.44
OI000415,O01187,P0009,2,22013.97,44027.94
OI000416,O00438,P0031,4,16656.3,66625.2
OI000417,O01391,P0194,4,2211.32,8845.28
OI000418,O01774,P0088,2,19143.76,38287.52
OI000419,O01223,P0062,1,12474.39,12474.39
OI000420,O01524,P0019,3,11683.62,35050.86
OI000421,O02064,P0081,2,16060.2,32120.4
OI000422,O01845,P0107,2,15527.74,31055.48
OI000423,O01320,P0055,2,13889.68,27779.36
OI000424,O00868,P0156,3,12247.57,36742.71
OI000425,O02559,P0112,2,11549.03,23098.06
OI000426,O01812,P0123,3,17334.82,52004.46
OI000427,O00984,P0178,3,21037.7,63113.1
OI000428,O01263,P0065,4,5291.91,21167.64
OI000429,O02629,P0124,1,1651.07,1651.07
OI000430,O01325,P0003,4,1828.65,7314.6
OI000431,O02054,P0180,2,22553.87,45107.74
OI000432,O01019,P0138,2,10411.83,20823.66
OI000433,O01790,P0021,3,14101.19,42303.57
OI000434,O00807,P0037,4,24812.84,99251.36
OI000435,O01894,P0015,3,24854.07,74562.21
OI000436,O01410,P0087,4,15195.7,60782.8
OI000437,O02667,P0120,4,3122.48,12489.92
OI000438,O01319,P0137,4,9257.21,37028.84
OI000439,O01142,P0044,4,18906.23,75624.92
OI000440,O00405,P0039,4,13544.93,54179.72
OI000441,O01787,P0133,1,3354.69,3354.69
OI000442,O00594,P0025,2,5103.25,10206.5
OI000443,O02614,P0056,4,7707.56,30830.24
OI000444,O02800,P0121,4,7651.55,30606.2
OI000445,O00012,P0090,3,12613.9,37841.7
OI000446,O02213,P0064,2,21300.48,42600.96
OI000447,O02926,P0200,2,18463.96,36927.92
OI000448,O01318,P0180,2,22553.87,45107.74
OI000449,O01543,P0089,4,4453.48,17813.92
OI000450,O02126,P0112,3,11549.03,34647.09
OI000451,O00614,P0076,2,10134.21,20268.42
OI000452,O01987,P0137,3,9257.21,27771.63
OI000453,O00869,P0138,1,10411.83,10411.83
OI000454,O00812,P0010,1,16306.85,16306.85
OI000455,O01823,P0062,3,12474.39,37423.17
OI000456,O00767,P0090,4,12613.9,50455.6
OI000457,O00082,P0060,2,12940.42,25880.84
OI000458,O01745,P0147,1,19031.22,19031.22
OI000459,O02257,P0107,1,15527.74,15527.74
OI000460,O00522,P0038,3,23182.32,69546.96
OI000461,O01328,P0134,4,22176.44,88705.76
OI000462,O00994,P0143,3,10462.23,31386.69
OI000463,O02513,P0047,3,19572.5,58717.5
OI000464,O01526,P0173,3,19693.89,59081.67
OI000465,O01470,P0133,3,3354.69,10064.07
OI000466,O02676,P0078,3,17404.28,52212.84
OI000467,O01514,P0053,4,2282.3,9129.2
OI000468,O00781,P0194,3,2211.32,6633.96
OI000469,O01452,P0062,4,12474.39,49897.56
OI000470,O00559,P0023,2,4465.04,8930.08
OI000471,O02139,P0044,2,18906.23,37812.46
OI000472,O02038,P0052,2,9067.4,18134.8
OI000473,O01754,P0046,2,20669.08,41338.16
OI000474,O00860,P0147,1,19031.22,19031.22
OI000475,O01613,P0084,4,21564.16,86256.64
OI000476,O00556,P0047,2,19572.5,39145.0
OI000477,O00156,P0091,1,10026.71,10026.71
OI000478,O02050,P0052,4,9067.4,36269.6
OI000479,O01381,P0024,1,17281.12,17281.12
OI000480,O00825,P0145,1,577.89,577.89
OI000481,O01593,P0089,3,4453.48,13360.44
OI000482,O02850,P0174,1,7953.63,7953.63
OI000483,O01082,P0064,1,21300.48,21300.48
OI000484,O01204,P0119,4,3642.01,14568.04
OI000485,O00493,P0156,1,12247.57,12247.57
OI000486,O00669,P0178,3,21037.7,63113.1
OI000487,O00075,P0064,2,21300.48,42600.96
OI000488,O02992,P0156,2,12247.57,24495.14
OI000489,O00371,P0086,4,12227.84,48911.36
OI000490,O00587,P0056,4,7707.56,30830.24
OI000491,O00329,P0059,1,15054.8,15054.8
OI000492,O00590,P0133,4,3354.69,13418.76
OI000493,O01791,P0182,1,15966.32,15966.32
OI000494,O00777,P0172,4,23887.83,95551.32
OI000495,O02023,P0170,2,19646.91,39293.82
OI000496,O02352,P0200,2,18463.96,36927.92
OI000497,O00579,P0125,2,12784.61,25569.22
OI000498,O00221,P0185,2,15953.08,31906.16
OI000499,O01188,P0047,1,19572.5,19572.5
OI000500,O01504,P0121,1,7651.55,7651.55
OI000501,O02423,P0153,1,24399.26,24399.26
OI000502,O01708,P0102,2,12702.93,25405.86
OI000503,O01746,P0044,3,18906.23,56718.69
OI000504,O00188,P0015,2,24854.07,49708.14
OI000505,O01215,P0105,2,16056.58,32113.16
OI000506,O01110,P0051,3,6651.5,19954.5
OI000507,O02522,P0053,3,2282.3,6846.9
OI000508,O00844,P0034,4,5942.59,23770.36
OI000509,O00531,P0124,2,1651.07,3302.14
OI000510,O01071,P0077,3,4420.76,13262.28
OI000511,O00963,P0136,4,4946.1,19784.4
OI000512,O02523,P0123,3,17334.82,52004.46
OI000513,O01170,P0070,3,21961.56,65884.68
OI000514,O02994,P0021,4,14101.19,56404.76
OI000515,O01406,P0108,2,16290.01,32580.02
OI000516,O00517,P0108,4,16290.01,65160.04
OI000517,O01889,P0135,2,11299.64,22599.28
OI000518,O02474,P0090,3,12613.9,37841.7
OI000519,O01492,P0079,4,8717.88,34871.52
OI000520,O01118,P0184,1,22388.43,22388.43
OI000521,O00133,P0177,3,6441.3,19323.9
OI000522,O00314,P0042,4,15627.28,62509.12
OI000523,O00591,P0151,3,401.81,1205.43
OI000524,O01544,P0052,4,9067.4,36269.6
OI000525,O02207,P0102,2,12702.93,25405.86
OI000526,O02709,P0105,1,16056.58,16056.58
OI000527,O01886,P0079,3,8717.88,26153.64
OI000528,O01627,P0112,1,11549.03,11549.03
OI000529,O00748,P0181,2,11590.79,23181.58
OI000530,O01498,P0104,4,2731.05,10924.2
OI000531,O00801,P0016,1,16579.8,16579.8
OI000532,O02458,P0096,4,3465.64,13862.56
OI000533,O01498,P0037,2,24812.84,49625.68
OI000534,O01380,P0146,3,6569.35,19708.05
OI000535,O00680,P0148,2,3514.03,7028.06
OI000536,O02162,P0046,1,20669.08,20669.08
OI000537,O00897,P0002,1,8939.41,8939.41
OI000538,O01547,P0119,1,3642.01,3642.01
OI000539,O01794,P0087,4,15195.7,60782.8
OI000540,O02113,P0094,3,1797.49,5392.47
OI000541,O00684,P0191,1,12854.33,12854.33
OI000542,O01296,P0003,1,1828.65,1828.65
OI000543,O01686,P0174,1,7953.63,7953.63
OI000544,O01386,P0111,2,19540.96,39081.92
OI000545,O02194,P0177,1,6441.3,6441.3
OI000546,O00943,P0001,2,5743.74,11487.48
OI000547,O01310,P0105,1,16056.58,16056.58
OI000548,O01034,P0022,2,23944.87,47889.74
OI000549,O02787,P0142,4,374.68,1498.72
OI000550,O02234,P0173,4,19693.89,78775.56
OI000551,O01621,P0134,2,22176.44,44352.88
OI000552,O02883,P0065,3,5291.91,15875.73
OI000553,O00809,P0021,3,14101.19,42303.57
OI000554,O00171,P0004,2,13024.59,26049.18
OI000555,O02261,P0131,4,13223.33,52893.32
OI000556,O01554,P0113,2,1548.28,3096.56
OI000557,O01596,P0030,3,8754.53,26263.59
OI000558,O01624,P0031,2,16656.3,33312.6
OI000559,O00027,P0162,4,12257.2,49028.8
OI000560,O01014,P0020,3,1597.54,4792.62
OI000561,O01092,P0054,3,23430.25,70290.75
OI000562,O02838,P0126,1,24917.75,24917.75
OI000563,O00408,P0153,1,24399.26,24399.26
OI000564,O01133,P0015,3,24854.07,74562.21
OI000565,O00074,P0166,3,11952.85,35858.55
OI000566,O02626,P0151,2,401.81,803.62
OI000567,O00680,P0180,4,22553.87,90215.48
OI000568,O01392,P0194,3,2211.32,6633.96
OI000569,O02834,P0185,4,15953.08,63812.32
OI000570,O00849,P0057,3,9984.84,29954.52
OI000571,O00870,P0079,4,8717.88,34871.52
OI000572,O00237,P0180,1,22553.87,22553.87
OI000573,O02775,P0163,3,3836.21,11508.63
OI000574,O02426,P0014,2,16770.23,33540.46
OI000575,O02709,P0091,4,10026.71,40106.84
OI000576,O02878,P0014,3,16770.23,50310.69
OI000577,O00906,P0099,1,24148.97,24148.97
OI000578,O02424,P0033,1,23186.73,23186.73
OI000579,O00619,P0180,1,22553.87,22553.87
OI000580,O02701,P0001,1,5743.74,5743.74
OI000581,O01033,P0034,3,5942.59,17827.77
OI000582,O02244,P0019,2,11683.62,23367.24
OI000583,O02855,P0152,4,6105.92,24423.68
OI000584,O02941,P0004,2,13024.59,26049.18
OI000585,O01314,P0164,4,8184.43,32737.72
OI000586,O02985,P0077,2,4420.76,8841.52
OI000587,O00847,P0058,3,11235.34,33706.02
OI000588,O02866,P0160,3,21124.49,63373.47
OI000589,O01924,P0137,4,9257.21,37028.84
OI000590,O02612,P0103,3,11043.84,33131.52
OI000591,O00634,P0067,4,2997.52,11990.08
OI000592,O02727,P0116,2,17406.38,34812.76
OI000593,O01018,P0148,3,3514.03,10542.09
OI000594,O00008,P0120,3,3122.48,9367.44
OI000595,O01393,P0190,4,18462.1,73848.4
OI000596,O01069,P0186,4,15386.95,61547.8
OI000597,O02392,P0022,4,23944.87,95779.48
OI000598,O01781,P0112,4,11549.03,46196.12
OI000599,O02844,P0195,1,17936.45,17936.45
OI000600,O01643,P0075,4,2114.89,8459.56
OI000601,O01217,P0176,1,10996.32,10996.32
OI000602,O00849,P0136,2,4946.1,9892.2
OI000603,O01381,P0143,4,10462.23,41848.92
OI000604,O00062,P0032,1,19906.7,19906.7
OI000605,O01086,P0181,1,11590.79,11590.79
OI000606,O02470,P0067,1,2997.52,2997.52
OI000607,O01818,P0004,3,13024.59,39073.77
OI000608,O00633,P0030,1,8754.53,8754.53
OI000609,O00792,P0013,4,8391.75,33567.0
OI000610,O02599,P0021,4,14101.19,56404.76
OI000611,O01301,P0041,4,13071.85,52287.4
OI000612,O02654,P0121,1,7651.55,7651.55
OI000613,O01455,P0019,1,11683.62,11683.62
OI000614,O01139,P0048,3,17747.74,53243.22
OI000615,O01712,P0086,2,12227.84,24455.68
OI000616,O00525,P0063,3,24804.73,74414.19
OI000617,O02021,P0148,4,3514.03,14056.12
OI000618,O00899,P0192,4,17037.67,68150.68
OI000619,O02211,P0037,4,24812.84,99251.36
OI000620,O00787,P0031,3,16656.3,49968.9
OI000621,O02958,P0074,4,7686.51,30746.04
OI000622,O01361,P0146,4,6569.35,26277.4
OI000623,O02427,P0107,4,15527.74,62110.96
OI000624,O00173,P0103,1,11043.84,11043.84
OI000625,O01000,P0110,2,1627.61,3255.22
OI000626,O01811,P0020,1,1597.54,1597.54
OI000627,O00064,P0139,1,20705.69,20705.69
OI000628,O01346,P0086,2,12227.84,24455.68
OI000629,O00975,P0044,2,18906.23,37812.46
OI000630,O00066,P0082,3,20579.77,61739.31
OI000631,O01867,P0064,2,21300.48,42600.96
OI000632,O01623,P0122,3,2616.04,7848.12
OI000633,O00458,P0162,3,12257.2,36771.6
OI000634,O01603,P0087,1,15195.7,15195.7
OI000635,O02501,P0065,4,5291.91,21167.64
OI000636,O01958,P0055,1,13889.68,13889.68
OI000637,O01741,P0074,1,7686.51,7686.51
OI000638,O01450,P0117,2,24593.61,49187.22
OI000639,O01960,P0129,2,7725.72,15451.44
OI000640,O02226,P0166,3,11952.85,35858.55
OI000641,O01955,P0137,3,9257.21,27771.63
OI000642,O00280,P0095,3,742.72,2228.16
OI000643,O02392,P0199,2,23916.88,47833.76
OI000644,O01041,P0145,3,577.89,1733.67
OI000645,O02344,P0099,3,24148.97,72446.91
OI000646,O02250,P0112,2,11549.03,23098.06
OI000647,O00962,P0052,4,9067.4,36269.6
OI000648,O02732,P0146,1,6569.35,6569.35
OI000649,O01943,P0191,2,12854.33,25708.66
OI000650,O01218,P0033,3,23186.73,69560.19
OI000651,O00375,P0004,1,13024.59,13024.59
OI000652,O01912,P0087,2,15195.7,30391.4
OI000653,O00035,P0075,1,2114.89,2114.89
OI000654,O01393,P0180,1,22553.87,22553.87
OI000655,O02077,P0009,4,22013.97,88055.88
OI000656,O00775,P0064,3,21300.48,63901.44
OI000657,O00221,P0030,2,8754.53,17509.06
OI000658,O02101,P0136,3,4946.1,14838.3
OI000659,O02839,P0133,4,3354.69,13418.76
OI000660,O02124,P0076,4,10134.21,40536.84
OI000661,O00494,P0191,2,12854.33,25708.66
OI000662,O01712,P0129,2,7725.72,15451.44
OI000663,O02165,P0015,4,24854.07,99416.28
OI000664,O00280,P0089,2,4453.48,8906.96
OI000665,O00746,P0166,1,11952.85,11952.85
OI000666,O02997,P0170,1,19646.91,19646.91
OI000667,O02812,P0128,4,15418.96,61675.84
OI000668,O02343,P0174,3,7953.63,23860.89
OI000669,O01475,P0181,2,11590.79,23181.58
OI000670,O01858,P0026,2,13442.11,26884.22
OI000671,O01542,P0061,1,22992.86,22992.86
OI000672,O01097,P0123,2,17334.82,34669.64
OI000673,O02890,P0067,3,2997.52,8992.56
OI000674,O01060,P0182,2,15966.32,31932.64
OI000675,O01923,P0150,2,5458.53,10917.06
OI000676,O02006,P0026,1,13442.11,13442.11
OI000677,O00497,P0083,2,3399.86,6799.72
OI000678,O02254,P0108,4,16290.01,65160.04
OI000679,O02474,P0111,4,19540.96,78163.84
OI000680,O00044,P0060,3,12940.42,38821.26
OI000681,O01852,P0039,3,13544.93,40634.79
OI000682,O02653,P0123,3,17334.82,52004.46
OI000683,O00454,P0036,3,3895.16,11685.48
OI000684,O00595,P0021,1,14101.19,14101.19
OI000685,O01357,P0169,2,11540.22,23080.44
OI000686,O00507,P0118,1,6055.58,6055.58
OI000687,O00794,P0048,3,17747.74,53243.22
OI000688,O00021,P0026,2,13442.11,26884.22
OI000689,O01400,P0191,4,12854.33,51417.32
OI000690,O02668,P0036,1,3895.16,3895.16
OI000691,O02462,P0152,2,6105.92,12211.84
OI000692,O01095,P0128,4,15418.96,61675.84
OI000693,O01428,P0149,4,13429.22,53716.88
OI000694,O01586,P0146,3,6569.35,19708.05
OI000695,O01815,P0015,4,24854.07,99416.28
OI000696,O01421,P0079,4,8717.88,34871.52
OI000697,O00337,P0134,3,22176.44,66529.32
OI000698,O01668,P0171,2,22312.91,44625.82
OI000699,O00910,P0159,2,11414.0,22828.0
OI000700,O00276,P0028,3,11314.24,33942.72
OI000701,O00892,P0136,1,4946.1,4946.1
OI000702,O00013,P0157,3,2832.43,8497.29
OI000703,O01027,P0149,2,13429.22,26858.44
OI000704,O00974,P0120,1,3122.48,3122.48
OI000705,O00175,P0088,3,19143.76,57431.28
OI000706,O01409,P0186,2,15386.95,30773.9
OI000707,O01626,P0188,2,13008.36,26016.72
OI000708,O01944,P0178,2,21037.7,42075.4
OI000709,O02289,P0031,4,16656.3,66625.2
OI000710,O00547,P0047,4,19572.5,78290.0
OI000711,O02062,P0034,1,5942.59,5942.59
OI000712,O01219,P0002,1,8939.41,8939.41
OI000713,O01421,P0106,1,5479.35,5479.35
OI000714,O01455,P0195,4,17936.45,71745.8
OI000715,O02773,P0094,1,1797.49,1797.49
OI000716,O01434,P0072,2,20167.54,40335.08
OI000717,O00003,P0052,2,9067.4,18134.8
OI000718,O02739,P0135,1,11299.64,11299.64
OI000719,O01843,P0147,1,19031.22,19031.22
OI000720,O00747,P0090,4,12613.9,50455.6
OI000721,O02817,P0092,2,3744.71,7489.42
OI000722,O00872,P0143,3,10462.23,31386.69
OI000723,O00495,P0078,3,17404.28,52212.84
OI000724,O02465,P0176,4,10996.32,43985.28
OI000725,O01415,P0125,4,12784.61,51138.44
OI000726,O00628,P0142,4,374.68,1498.72
OI000727,O01076,P0131,2,13223.33,26446.66
OI000728,O00142,P0050,1,7647.9,7647.9
OI000729,O01488,P0093,1,9251.61,9251.61
OI000730,O00046,P0124,4,1651.07,6604.28
OI000731,O02892,P0054,2,23430.25,46860.5
OI000732,O02058,P0134,3,22176.44,66529.32
OI000733,O00664,P0177,4,6441.3,25765.2
OI000734,O00573,P0151,2,401.81,803.62
OI000735,O02030,P0078,4,17404.28,69617.12
OI000736,O01554,P0078,2,17404.28,34808.56
OI000737,O01622,P0020,2,1597.54,3195.08
OI000738,O02697,P0091,4,10026.71,40106.84
OI000739,O00913,P0188,1,13008.36,13008.36
OI000740,O00640,P0099,4,24148.97,96595.88
OI000741,O02664,P0173,1,19693.89,19693.89
OI000742,O02746,P0189,1,3839.21,3839.21
OI000743,O00909,P0056,3,7707.56,23122.68
OI000744,O02226,P0002,2,8939.41,17878.82
OI000745,O00869,P0105,4,16056.58,64226.32
OI000746,O01030,P0173,2,19693.89,39387.78
OI000747,O00853,P0168,3,9922.46,29767.38
OI000748,O00307,P0112,1,11549.03,11549.03
OI000749,O02596,P0024,4,17281.12,69124.48
OI000750,O02375,P0157,2,2832.43,5664.86
OI000751,O01817,P0195,3,17936.45,53809.35
OI000752,O00395,P0109,1,3885.42,3885.42
OI000753,O02348,P0068,1,20454.5,20454.5
OI000754,O00749,P0114,2,24872.17,49744.34
OI000755,O02333,P0194,1,2211.32,2211.32
OI000756,O00330,P0084,3,21564.16,64692.48
OI000757,O02098,P0182,1,15966.32,15966.32
OI000758,O02032,P0181,4,11590.79,46363.16
OI000759,O00773,P0049,4,1000.39,4001.56
OI000760,O01646,P0032,2,19906.7,39813.4
OI000761,O01733,P0061,3,22992.86,68978.58
OI000762,O00378,P0170,1,19646.91,19646.91
OI000763,O01788,P0129,1,7725.72,7725.72
OI000764,O01624,P0191,1,12854.33,12854.33
OI000765,O01000,P0102,4,12702.93,50811.72
OI000766,O01849,P0035,3,10042.97,30128.91
OI000767,O01562,P0051,1,6651.5,6651.5
OI000768,O00774,P0199,2,23916.88,47833.76
OI000769,O01084,P0045,3,3280.07,9840.21
OI000770,O02916,P0077,3,4420.76,13262.28
OI000771,O01804,P0113,1,1548.28,1548.28
OI000772,O01099,P0065,4,5291.91,21167.64
OI000773,O02051,P0014,3,16770.23,50310.69
OI000774,O01599,P0093,2,9251.61,18503.22
OI000775,O00748,P0131,3,13223.33,39669.99
OI000776,O01472,P0024,4,17281.12,69124.48
OI000777,O01765,P0065,2,5291.91,10583.82
OI000778,O02323,P0176,4,10996.32,43985.28
OI000779,O01554,P0138,1,10411.83,10411.83
OI000780,O01616,P0013,3,8391.75,25175.25
OI000781,O02263,P0142,2,374.68,749.36
OI000782,O01509,P0100,4,10869.2,43476.8
OI000783,O00329,P0138,1,10411.83,10411.83
OI000784,O02303,P0168,2,9922.46,19844.92
OI000785,O01411,P0151,3,401.81,1205.43
OI000786,O00126,P0099,3,24148.97,72446.91
OI000787,O00767,P0055,4,13889.68,55558.72
OI000788,O01574,P0063,2,24804.73,49609.46
OI000789,O01228,P0071,1,21714.61,21714.61
OI000790,O01196,P0170,1,19646.91,19646.91
OI000791,O01759,P0099,1,24148.97,24148.97
OI000792,O00217,P0066,4,23271.82,93087.28
OI000793,O01360,P0079,1,8717.88,8717.88
OI000794,O01322,P0073,2,19771.76,39543.52
OI000795,O00832,P0047,4,19572.5,78290.0
OI000796,O00182,P0081,3,16060.2,48180.6
OI000797,O00334,P0126,4,24917.75,99671.0
OI000798,O00511,P0052,4,9067.4,36269.6
OI000799,O00383,P0146,4,6569.35,26277.4
OI000800,O01897,P0146,2,6569.35,13138.7
OI000801,O00332,P0152,3,6105.92,18317.76
OI000802,O01189,P0023,3,4465.04,13395.12
OI000803,O01266,P0140,4,18367.0,73468.0
OI000804,O00900,P0151,4,401.81,1607.24
OI000805,O00642,P0021,4,14101.19,56404.76
OI000806,O01251,P0064,2,21300.48,42600.96
OI000807,O00634,P0072,2,20167.54,40335.08
OI000808,O02499,P0162,1,12257.2,12257.2
OI000809,O00196,P0130,3,15635.01,46905.03
OI000810,O01894,P0069,1,9577.52,9577.52
OI000811,O00458,P0159,1,11414.0,11414.0
OI000812,O00830,P0068,4,20454.5,81818.0
OI000813,O02305,P0198,2,401.5,803.0
OI000814,O02057,P0147,1,19031.22,19031.22
OI000815,O02809,P0128,1,15418.96,15418.96
OI000816,O02997,P0107,1,15527.74,15527.74
OI000817,O01225,P0109,4,3885.42,15541.68
OI000818,O00887,P0072,4,20167.54,80670.16
OI000819,O00393,P0103,2,11043.84,22087.68
OI000820,O01676,P0141,1,19255.69,19255.69
OI000821,O02447,P0065,1,5291.91,5291.91
OI000822,O02379,P0134,2,22176.44,44352.88
OI000823,O02528,P0199,2,23916.88,47833.76
OI000824,O02182,P0112,2,11549.03,23098.06
OI000825,O00916,P0155,3,23993.46,71980.38
OI000826,O00935,P0079,2,8717.88,17435.76
OI000827,O00355,P0180,4,22553.87,90215.48
OI000828,O02632,P0126,3,24917.75,74753.25
OI000829,O01522,P0121,2,7651.55,15303.1
OI000830,O02673,P0087,4,15195.7,60782.8
OI000831,O02338,P0048,2,17747.74,35495.48
OI000832,O02873,P0088,2,19143.76,38287.52
OI000833,O00629,P0068,3,20454.5,61363.5
OI000834,O02680,P0172,4,23887.83,95551.32
OI000835,O01171,P0101,1,7864.22,7864.22
OI000836,O00327,P0017,2,13988.81,27977.62
OI000837,O01439,P0038,3,23182.32,69546.96
OI000838,O02258,P0138,4,10411.83,41647.32
OI000839,O01422,P0054,2,23430.25,46860.5
OI000840,O01127,P0134,1,22176.44,22176.44
OI000841,O02684,P0134,4,22176.44,88705.76
OI000842,O01781,P0052,4,9067.4,36269.6
OI000843,O01532,P0015,3,24854.07,74562.21
OI000844,O01915,P0068,2,20454.5,40909.0
OI000845,O02916,P0185,2,15953.08,31906.16
OI000846,O01233,P0112,4,11549.03,46196.12
OI000847,O01957,P0184,2,22388.43,44776.86
OI000848,O02476,P0104,4,2731.05,10924.2
OI000849,O00393,P0007,1,5919.43,5919.43
OI000850,O00826,P0051,3,6651.5,19954.5
OI000851,O02964,P0058,2,11235.34,22470.68
OI000852,O01913,P0192,2,17037.67,34075.34
OI000853,O02396,P0109,3,3885.42,11656.26
OI000854,O00050,P0111,1,19540.96,19540.96
OI000855,O02964,P0154,1,20058.27,20058.27
OI000856,O01397,P0186,1,15386.95,15386.95
OI000857,O01051,P0031,1,16656.3,16656.3
OI000858,O00800,P0194,1,2211.32,2211.32
OI000859,O01793,P0092,4,3744.71,14978.84
OI000860,O02697,P0106,2,5479.35,10958.7
OI000861,O01364,P0013,2,8391.75,16783.5
OI000862,O02349,P0146,2,6569.35,13138.7
OI000863,O01566,P0119,4,3642.01,14568.04
OI000864,O02214,P0141,3,19255.69,57767.07
OI000865,O02364,P0115,1,1538.74,1538.74
OI000866,O00001,P0152,3,6105.92,18317.76
OI000867,O01020,P0057,1,9984.84,9984.84
OI000868,O01285,P0126,1,24917.75,24917.75
OI000869,O00063,P0157,3,2832.43,8497.29
OI000870,O02531,P0184,2,22388.43,44776.86
OI000871,O01870,P0054,4,23430.25,93721.0
OI000872,O02270,P0133,3,3354.69,10064.07
OI000873,O00152,P0163,2,3836.21,7672.42
OI000874,O00644,P0019,1,11683.62,11683.62
OI000875,O00626,P0183,2,16517.91,33035.82
OI000876,O00217,P0077,1,4420.76,4420.76
OI000877,O00196,P0069,1,9577.52,9577.52
OI000878,O01015,P0044,2,18906.23,37812.46
OI000879,O02695,P0038,1,23182.32,23182.32
OI000880,O02756,P0062,4,12474.39,49897.56
OI000881,O01522,P0022,2,23944.87,47889.74
OI000882,O01579,P0073,3,19771.76,59315.28
OI000883,O01081,P0168,1,9922.46,9922.46
OI000884,O01528,P0154,1,20058.27,20058.27
OI000885,O00722,P0125,4,12784.61,51138.44
OI000886,O01608,P0005,4,1783.55,7134.2
OI000887,O01760,P0054,3,23430.25,70290.75
OI000888,O01563,P0086,1,12227.84,12227.84
OI000889,O00640,P0177,3,6441.3,19323.9
OI000890,O02154,P0003,3,1828.65,5485.95
OI000891,O00165,P0038,1,23182.32,23182.32
OI000892,O00215,P0142,3,374.68,1124.04
OI000893,O01095,P0175,3,17234.55,51703.65
OI000894,O00090,P0142,4,374.68,1498.72
OI000895,O01796,P0073,4,19771.76,79087.04
OI000896,O02922,P0038,3,23182.32,69546.96
OI000897,O01252,P0192,1,17037.67,17037.67
OI000898,O01103,P0172,4,23887.83,95551.32
OI000899,O00608,P0125,3,12784.61,38353.83
OI000900,O00349,P0070,2,21961.56,43923.12
OI000901,O02942,P0065,2,5291.91,10583.82
OI000902,O00246,P0025,3,5103.25,15309.75
OI000903,O00272,P0016,2,16579.8,33159.6
OI000904,O02031,P0015,4,24854.07,99416.28
OI000905,O00403,P0131,1,13223.33,13223.33
OI000906,O01466,P0195,3,17936.45,53809.35
OI000907,O01196,P0037,4,24812.84,99251.36
OI000908,O02946,P0183,1,16517.91,16517.91
OI000909,O01080,P0125,2,12784.61,25569.22
OI000910,O01615,P0113,2,1548.28,3096.56
OI000911,O01127,P0166,2,11952.85,23905.7
OI000912,O00284,P0191,2,12854.33,25708.66
OI000913,O00517,P0001,4,5743.74,22974.96
OI000914,O02666,P0071,4,21714.61,86858.44
OI000915,O01302,P0103,1,11043.84,11043.84
OI000916,O00612,P0019,3,11683.62,35050.86
OI000917,O00750,P0052,1,9067.4,9067.4
OI000918,O01293,P0118,3,6055.58,18166.74
OI000919,O01857,P0158,2,13744.19,27488.38
OI000920,O00400,P0107,2,15527.74,31055.48
OI000921,O01527,P0055,2,13889.68,27779.36
OI000922,O02025,P0014,2,16770.23,33540.46
OI000923,O02134,P0013,4,8391.75,33567.0
OI000924,O00320,P0084,1,21564.16,21564.16
OI000925,O01056,P0090,3,12613.9,37841.7
OI000926,O00336,P0027,3,2507.24,7521.72
OI000927,O02099,P0089,4,4453.48,17813.92
OI000928,O00174,P0137,2,9257.21,18514.42
OI000929,O01642,P0041,1,13071.85,13071.85
OI000930,O00501,P0048,2,17747.74,35495.48
OI000931,O02124,P0012,4,8175.91,32703.64
OI000932,O02364,P0138,3,10411.83,31235.49
OI000933,O01857,P0006,4,20028.88,80115.52
OI000934,O01897,P0162,3,12257.2,36771.6
OI000935,O01664,P0180,1,22553.87,22553.87
OI000936,O01719,P0041,3,13071.85,39215.55
OI000937,O01779,P0006,1,20028.88,20028.88
OI000938,O00697,P0130,2,15635.01,31270.02
OI000939,O00732,P0015,2,24854.07,49708.14
OI000940,O01095,P0145,4,577.89,2311.56
OI000941,O02902,P0016,1,16579.8,16579.8
OI000942,O02714,P0156,2,12247.57,24495.14
OI000943,O00652,P0085,1,23076.65,23076.65
OI000944,O01095,P0200,2,18463.96,36927.92
OI000945,O00046,P0010,2,16306.85,32613.7
OI000946,O01071,P0138,3,10411.83,31235.49
OI000947,O01446,P0138,4,10411.83,41647.32
OI000948,O02197,P0156,3,12247.57,36742.71
OI000949,O02958,P0152,1,6105.92,6105.92
OI000950,O00456,P0019,2,11683.62,23367.24
OI000951,O01663,P0068,4,20454.5,81818.0
OI000952,O02925,P0184,2,22388.43,44776.86
OI000953,O00966,P0195,2,17936.45,35872.9
OI000954,O02021,P0042,3,15627.28,46881.84
OI000955,O00869,P0140,1,18367.0,18367.0
OI000956,O01529,P0146,4,6569.35,26277.4
OI000957,O02977,P0151,4,401.81,1607.24
OI000958,O01001,P0084,4,21564.16,86256.64
OI000959,O00774,P0134,1,22176.44,22176.44
OI000960,O02292,P0053,4,2282.3,9129.2
OI000961,O02522,P0098,1,13783.29,13783.29
OI000962,O02430,P0042,4,15627.28,62509.12
OI000963,O01127,P0194,2,2211.32,4422.64
OI000964,O02537,P0030,1,8754.53,8754.53
OI000965,O01061,P0009,3,22013.97,66041.91
OI000966,O01678,P0170,4,19646.91,78587.64
OI000967,O01544,P0034,3,5942.59,17827.77
OI000968,O00397,P0168,1,9922.46,9922.46
OI000969,O02344,P0088,2,19143.76,38287.52
OI000970,O00107,P0145,3,577.89,1733.67
OI000971,O02908,P0157,3,2832.43,8497.29
OI000972,O00954,P0050,2,7647.9,15295.8
OI000973,O02578,P0076,2,10134.21,20268.42
OI000974,O01849,P0177,1,6441.3,6441.3
OI000975,O00934,P0189,4,3839.21,15356.84
OI000976,O00288,P0046,3,20669.08,62007.24
OI000977,O00706,P0046,3,20669.08,62007.24
OI000978,O02044,P0126,1,24917.75,24917.75
OI000979,O01485,P0017,4,13988.81,55955.24
OI000980,O00215,P0066,1,23271.82,23271.82
OI000981,O01305,P0104,3,2731.05,8193.15
OI000982,O02780,P0005,3,1783.55,5350.65
OI000983,O01978,P0123,2,17334.82,34669.64
OI000984,O01483,P0182,2,15966.32,31932.64
OI000985,O01825,P0125,4,12784.61,51138.44
OI000986,O00344,P0112,3,11549.03,34647.09
OI000987,O00194,P0016,3,16579.8,49739.4
OI000988,O00158,P0081,2,16060.2,32120.4
OI000989,O00465,P0091,1,10026.71,10026.71
OI000990,O02152,P0135,1,11299.64,11299.64
OI000991,O02082,P0136,3,4946.1,14838.3
OI000992,O02687,P0072,3,20167.54,60502.62
OI000993,O01750,P0096,4,3465.64,13862.56
OI000994,O02373,P0111,4,19540.96,78163.84
OI000995,O02739,P0082,2,20579.77,41159.54
OI000996,O00592,P0038,3,23182.32,69546.96
OI000997,O02189,P0054,1,23430.25,23430.25
OI000998,O02522,P0076,4,10134.21,40536.84
OI000999,O01055,P0015,2,24854.07,49708.14
OI001000,O00884,P0178,2,21037.7,42075.4
OI001001,O00063,P0184,1,22388.43,22388.43
OI001002,O01111,P0116,4,17406.38,69625.52
OI001003,O00304,P0009,1,22013.97,22013.97
OI001004,O01085,P0008,2,13546.3,27092.6
OI001005,O00396,P0110,3,1627.61,4882.83
OI001006,O00334,P0147,1,19031.22,19031.22
OI001007,O02834,P0051,2,6651.5,13303.0
OI001008,O00411,P0200,3,18463.96,55391.88
OI001009,O02332,P0185,3,15953.08,47859.24
OI001010,O00466,P0196,4,1894.9,7579.6
OI001011,O00080,P0031,4,16656.3,66625.2
OI001012,O02832,P0102,2,12702.93,25405.86
OI001013,O01101,P0003,1,1828.65,1828.65
OI001014,O01978,P0099,3,24148.97,72446.91
OI001015,O00733,P0083,4,3399.86,13599.44
OI001016,O01818,P0043,4,2319.2,9276.8
OI001017,O01564,P0029,1,18928.47,18928.47
OI001018,O01385,P0010,4,16306.85,65227.4
OI001019,O02125,P0140,2,18367.0,36734.0
OI001020,O02557,P0046,1,20669.08,20669.08
OI001021,O01188,P0030,3,8754.53,26263.59
OI001022,O01199,P0094,2,1797.49,3594.98
OI001023,O02510,P0032,3,19906.7,59720.1
OI001024,O01612,P0047,3,19572.5,58717.5
OI001025,O02293,P0088,4,19143.76,76575.04
OI001026,O00122,P0063,2,24804.73,49609.46
OI001027,O00185,P0154,2,20058.27,40116.54
OI001028,O00032,P0131,1,13223.33,13223.33
OI001029,O00998,P0023,2,4465.04,8930.08
OI001030,O01987,P0074,1,7686.51,7686.51
OI001031,O02810,P0050,2,7647.9,15295.8
OI001032,O00569,P0164,3,8184.43,24553.29
OI001033,O02358,P0124,1,1651.07,1651.07
OI001034,O01396,P0013,2,8391.75,16783.5
OI001035,O01680,P0126,1,24917.75,24917.75
OI001036,O00830,P0029,4,18928.47,75713.88
OI001037,O01620,P0166,4,11952.85,47811.4
OI001038,O01080,P0121,1,7651.55,7651.55
OI001039,O00791,P0090,1,12613.9,12613.9
OI001040,O02512,P0133,3,3354.69,10064.07
OI001041,O02726,P0148,2,3514.03,7028.06
OI001042,O02718,P0078,4,17404.28,69617.12
OI001043,O02746,P0109,4,3885.42,15541.68
OI001044,O00994,P0014,2,16770.23,33540.46
OI001045,O00078,P0136,4,4946.1,19784.4
OI001046,O02582,P0048,4,17747.74,70990.96
OI001047,O00108,P0141,1,19255.69,19255.69
OI001048,O01297,P0024,4,17281.12,69124.48
OI001049,O02812,P0079,4,8717.88,34871.52
OI001050,O02063,P0193,4,1137.66,4550.64
OI001051,O00370,P0162,2,12257.2,24514.4
OI001052,O02253,P0051,3,6651.5,19954.5
OI001053,O02005,P0003,1,1828.65,1828.65
OI001054,O01704,P0128,3,15418.96,46256.88
OI001055,O02913,P0119,4,3642.01,14568.04
OI001056,O00441,P0058,4,11235.34,44941.36
OI001057,O02907,P0125,4,12784.61,51138.44
OI001058,O00227,P0200,3,18463.96,55391.88
OI001059,O02576,P0113,2,1548.28,3096.56
OI001060,O02402,P0055,2,13889.68,27779.36
OI001061,O00623,P0119,1,3642.01,3642.01
OI001062,O01025,P0120,3,3122.48,9367.44
OI001063,O01577,P0080,2,24392.69,48785.38
OI001064,O02975,P0042,1,15627.28,15627.28
OI001065,O01644,P0021,4,14101.19,56404.76
OI001066,O01185,P0010,4,16306.85,65227.4
OI001067,O00161,P0057,1,9984.84,9984.84
OI001068,O00871,P0153,2,24399.26,48798.52
OI001069,O01746,P0056,3,7707.56,23122.68
OI001070,O01175,P0038,1,23182.32,23182.32
OI001071,O00444,P0086,2,12227.84,24455.68
OI001072,O01791,P0113,1,1548.28,1548.28
OI001073,O01495,P0189,2,3839.21,7678.42
OI001074,O00463,P0112,4,11549.03,46196.12
OI001075,O00473,P0175,1,17234.55,17234.55
OI001076,O02605,P0054,3,23430.25,70290.75
OI001077,O00080,P0046,1,20669.08,20669.08
OI001078,O01063,P0196,4,1894.9,7579.6
OI001079,O00240,P0004,4,13024.59,52098.36
OI001080,O00557,P0194,2,2211.32,4422.64
OI001081,O00590,P0171,4,22312.91,89251.64
OI001082,O01361,P0062,2,12474.39,24948.78
OI001083,O01885,P0124,4,1651.07,6604.28
OI001084,O01976,P0128,2,15418.96,30837.92
OI001085,O01304,P0112,3,11549.03,34647.09
OI001086,O01140,P0085,2,23076.65,46153.3
OI001087,O02317,P0004,2,13024.59,26049.18
OI001088,O01940,P0065,3,5291.91,15875.73
OI001089,O00335,P0062,2,12474.39,24948.78
OI001090,O00312,P0090,2,12613.9,25227.8
OI001091,O01077,P0120,3,3122.48,9367.44
OI001092,O02742,P0130,4,15635.01,62540.04
OI001093,O00034,P0137,1,9257.21,9257.21
OI001094,O01842,P0185,2,15953.08,31906.16
OI001095,O00386,P0045,4,3280.07,13120.28
OI001096,O00249,P0146,1,6569.35,6569.35
OI001097,O01135,P0112,3,11549.03,34647.09
OI001098,O01434,P0176,2,10996.32,21992.64
OI001099,O01203,P0042,2,15627.28,31254.56
OI001100,O00794,P0041,3,13071.85,39215.55
OI001101,O00852,P0089,2,4453.48,8906.96
OI001102,O02922,P0186,1,15386.95,15386.95
OI001103,O00376,P0042,1,15627.28,15627.28
OI001104,O00724,P0035,3,10042.97,30128.91
OI001105,O01611,P0166,2,11952.85,23905.7
OI001106,O01914,P0067,4,2997.52,11990.08
OI001107,O00202,P0041,2,13071.85,26143.7
OI001108,O02493,P0099,3,24148.97,72446.91
OI001109,O01943,P0050,4,7647.9,30591.6
OI001110,O02345,P0104,1,2731.05,2731.05
OI001111,O01332,P0086,1,12227.84,12227.84
OI001112,O00493,P0200,4,18463.96,73855.84
OI001113,O00338,P0079,4,8717.88,34871.52
OI001114,O01969,P0045,3,3280.07,9840.21
OI001115,O02971,P0199,2,23916.88,47833.76
OI001116,O01866,P0147,1,19031.22,19031.22
OI001117,O00792,P0106,2,5479.35,10958.7
OI001118,O01517,P0145,1,577.89,577.89
OI001119,O02023,P0193,2,1137.66,2275.32
OI001120,O02365,P0122,1,2616.04,2616.04
OI001121,O00942,P0077,2,4420.76,8841.52
OI001122,O02674,P0056,3,7707.56,23122.68
OI001123,O02123,P0112,1,11549.03,11549.03
OI001124,O02987,P0093,3,9251.61,27754.83
OI001125,O00059,P0041,1,13071.85,13071.85
OI001126,O02434,P0170,1,19646.91,19646.91
OI001127,O02063,P0006,1,20028.88,20028.88
OI001128,O01255,P0197,2,1874.29,3748.58
OI001129,O02247,P0098,1,13783.29,13783.29
OI001130,O01378,P0073,3,19771.76,59315.28
OI001131,O00035,P0168,2,9922.46,19844.92
OI001132,O00162,P0041,2,13071.85,26143.7
OI001133,O02847,P0009,1,22013.97,22013.97
OI001134,O00895,P0008,4,13546.3,54185.2
OI001135,O00471,P0172,2,23887.83,47775.66
OI001136,O02579,P0186,1,15386.95,15386.95
OI001137,O02840,P0104,3,2731.05,8193.15
OI001138,O02900,P0195,4,17936.45,71745.8
OI001139,O01447,P0013,2,8391.75,16783.5
OI001140,O00348,P0019,4,11683.62,46734.48
OI001141,O00694,P0098,2,13783.29,27566.58
OI001142,O00935,P0096,4,3465.64,13862.56
OI001143,O00913,P0049,4,1000.39,4001.56
OI001144,O00147,P0100,3,10869.2,32607.6
OI001145,O01712,P0082,4,20579.77,82319.08
OI001146,O00675,P0158,3,13744.19,41232.57
OI001147,O01440,P0066,1,23271.82,23271.82
OI001148,O02735,P0091,2,10026.71,20053.42
OI001149,O01518,P0059,3,15054.8,45164.4
OI001150,O01280,P0053,2,2282.3,4564.6
OI001151,O00686,P0052,3,9067.4,27202.2
OI001152,O01127,P0081,2,16060.2,32120.4
OI001153,O00121,P0159,3,11414.0,34242.0
OI001154,O02467,P0015,2,24854.07,49708.14
OI001155,O02398,P0121,1,7651.55,7651.55
OI001156,O00042,P0148,2,3514.03,7028.06
OI001157,O00029,P0005,1,1783.55,1783.55
OI001158,O00966,P0135,1,11299.64,11299.64
OI001159,O01916,P0018,1,18293.2,18293.2
OI001160,O02833,P0056,4,7707.56,30830.24
OI001161,O02001,P0075,2,2114.89,4229.78
OI001162,O02062,P0096,4,3465.64,13862.56
OI001163,O00920,P0114,4,24872.17,99488.68
OI001164,O00818,P0101,2,7864.22,15728.44
OI001165,O02873,P0173,1,19693.89,19693.89
OI001166,O01509,P0028,4,11314.24,45256.96
OI001167,O01213,P0050,4,7647.9,30591.6
OI001168,O00872,P0002,3,8939.41,26818.23
OI001169,O00295,P0068,2,20454.5,40909.0
OI001170,O00864,P0128,4,15418.96,61675.84
OI001171,O02596,P0077,2,4420.76,8841.52
OI001172,O01038,P0024,2,17281.12,34562.24
OI001173,O02683,P0112,4,11549.03,46196.12
OI001174,O00595,P0176,2,10996.32,21992.64
OI001175,O01183,P0173,1,19693.89,19693.89
OI001176,O01518,P0119,4,3642.01,14568.04
OI001177,O01353,P0186,4,15386.95,61547.8
OI001178,O00614,P0036,4,3895.16,15580.64
OI001179,O01873,P0002,3,8939.41,26818.23
OI001180,O01604,P0127,3,20367.86,61103.58
OI001181,O01584,P0105,3,16056.58,48169.74
OI001182,O01593,P0018,3,18293.2,54879.6
OI001183,O01156,P0177,4,6441.3,25765.2
OI001184,O00465,P0008,1,13546.3,13546.3
OI001185,O01480,P0186,2,15386.95,30773.9
OI001186,O02978,P0015,2,24854.07,49708.14
OI001187,O01291,P0145,4,577.89,2311.56
OI001188,O02847,P0023,1,4465.04,4465.04
OI001189,O02443,P0194,2,2211.32,4422.64
OI001190,O02294,P0198,1,401.5,401.5
OI001191,O00568,P0093,4,9251.61,37006.44
OI001192,O00038,P0155,3,23993.46,71980.38
OI001193,O00245,P0165,1,18460.19,18460.19
OI001194,O00021,P0049,2,1000.39,2000.78
OI001195,O01134,P0064,2,21300.48,42600.96
OI001196,O01630,P0034,2,5942.59,11885.18
OI001197,O00394,P0018,3,18293.2,54879.6
OI001198,O01434,P0064,1,21300.48,21300.48
OI001199,O00987,P0106,1,5479.35,5479.35
OI001200,O01672,P0074,2,7686.51,15373.02
OI001201,O02056,P0102,1,12702.93,12702.93
OI001202,O02376,P0172,2,23887.83,47775.66
OI001203,O01911,P0017,1,13988.81,13988.81
OI001204,O00290,P0187,3,1759.64,5278.92
OI001205,O01787,P0141,3,19255.69,57767.07
OI001206,O02559,P0052,4,9067.4,36269.6
OI001207,O00912,P0188,4,13008.36,52033.44
OI001208,O00361,P0170,4,19646.91,78587.64
OI001209,O01623,P0064,1,21300.48,21300.48
OI001210,O02764,P0194,3,2211.32,6633.96
OI001211,O00219,P0034,3,5942.59,17827.77
OI001212,O02454,P0095,3,742.72,2228.16
OI001213,O02016,P0087,2,15195.7,30391.4
OI001214,O02041,P0199,1,23916.88,23916.88
OI001215,O02045,P0102,1,12702.93,12702.93
OI001216,O02801,P0192,4,17037.67,68150.68
OI001217,O02971,P0161,2,2542.26,5084.52
OI001218,O00832,P0140,2,18367.0,36734.0
OI001219,O01794,P0076,3,10134.21,30402.63
OI001220,O01792,P0019,4,11683.62,46734.48
OI001221,O02842,P0137,1,9257.21,9257.21
OI001222,O01244,P0074,2,7686.51,15373.02
OI001223,O00595,P0145,3,577.89,1733.67
OI001224,O02155,P0050,1,7647.9,7647.9
OI001225,O00581,P0039,3,13544.93,40634.79
OI001226,O02657,P0169,1,11540.22,11540.22
OI001227,O01748,P0138,3,10411.83,31235.49
OI001228,O02056,P0012,1,8175.91,8175.91
OI001229,O02854,P0079,4,8717.88,34871.52
OI001230,O02237,P0015,1,24854.07,24854.07
OI001231,O00081,P0028,1,11314.24,11314.24
OI001232,O02156,P0132,1,10709.48,10709.48
OI001233,O01345,P0036,3,3895.16,11685.48
OI001234,O01603,P0119,2,3642.01,7284.02
OI001235,O02734,P0065,1,5291.91,5291.91
OI001236,O00346,P0098,1,13783.29,13783.29
OI001237,O01887,P0047,4,19572.5,78290.0
OI001238,O02376,P0081,1,16060.2,16060.2
OI001239,O00555,P0039,4,13544.93,54179.72
OI001240,O00302,P0038,1,23182.32,23182.32
OI001241,O00200,P0044,3,18906.23,56718.69
OI001242,O02941,P0179,2,1056.82,2113.64
OI001243,O01063,P0097,2,24081.57,48163.14
OI001244,O00307,P0124,2,1651.07,3302.14
OI001245,O01657,P0026,3,13442.11,40326.33
OI001246,O01872,P0164,4,8184.43,32737.72
OI001247,O02516,P0197,2,1874.29,3748.58
OI001248,O02227,P0097,3,24081.57,72244.71
OI001249,O02693,P0001,3,5743.74,17231.22
OI001250,O01847,P0053,1,2282.3,2282.3
OI001251,O01765,P0006,4,20028.88,80115.52
OI001252,O00276,P0037,3,24812.84,74438.52
OI001253,O01176,P0002,4,8939.41,35757.64
OI001254,O01402,P0123,2,17334.82,34669.64
OI001255,O02669,P0069,2,9577.52,19155.04
OI001256,O00638,P0169,2,11540.22,23080.44
OI001257,O01776,P0179,1,1056.82,1056.82
OI001258,O00930,P0175,1,17234.55,17234.55
OI001259,O01881,P0013,4,8391.75,33567.0
OI001260,O00183,P0069,4,9577.52,38310.08
OI001261,O01845,P0066,1,23271.82,23271.82
OI001262,O00072,P0059,3,15054.8,45164.4
OI001263,O02767,P0068,4,20454.5,81818.0
OI001264,O01677,P0059,4,15054.8,60219.2
OI001265,O01296,P0117,2,24593.61,49187.22
OI001266,O02774,P0010,4,16306.85,65227.4
OI001267,O02317,P0141,4,19255.69,77022.76
OI001268,O01044,P0130,3,15635.01,46905.03
OI001269,O02626,P0015,4,24854.07,99416.28
OI001270,O00815,P0046,3,20669.08,62007.24
OI001271,O01527,P0185,2,15953.08,31906.16
OI001272,O02195,P0138,1,10411.83,10411.83
OI001273,O02938,P0150,2,5458.53,10917.06
OI001274,O00310,P0089,3,4453.48,13360.44
OI001275,O02566,P0077,3,4420.76,13262.28
OI001276,O02062,P0136,4,4946.1,19784.4
OI001277,O00132,P0149,4,13429.22,53716.88
OI001278,O01878,P0150,1,5458.53,5458.53
OI001279,O02803,P0110,3,1627.61,4882.83
OI001280,O02487,P0097,3,24081.57,72244.71
OI001281,O02791,P0045,2,3280.07,6560.14
OI001282,O00740,P0091,1,10026.71,10026.71
OI001283,O00795,P0168,2,9922.46,19844.92
OI001284,O02311,P0114,4,24872.17,99488.68
OI001285,O02691,P0150,4,5458.53,21834.12
OI001286,O00258,P0158,2,13744.19,27488.38
OI001287,O01258,P0190,4,18462.1,73848.4
OI001288,O02457,P0073,2,19771.76,39543.52
OI001289,O01852,P0173,3,19693.89,59081.67
OI001290,O00975,P0035,3,10042.97,30128.91
OI001291,O01048,P0042,4,15627.28,62509.12
OI001292,O00271,P0133,1,3354.69,3354.69
OI001293,O01119,P0027,3,2507.24,7521.72
OI001294,O00142,P0198,4,401.5,1606.0
OI001295,O00902,P0190,1,18462.1,18462.1
OI001296,O00274,P0032,4,19906.7,79626.8
OI001297,O02324,P0136,2,4946.1,9892.2
OI001298,O00465,P0103,4,11043.84,44175.36
OI001299,O01232,P0085,2,23076.65,46153.3
OI001300,O01320,P0146,3,6569.35,19708.05
OI001301,O00288,P0078,3,17404.28,52212.84
OI001302,O00876,P0143,4,10462.23,41848.92
OI001303,O01993,P0154,1,20058.27,20058.27
OI001304,O02926,P0181,4,11590.79,46363.16
OI001305,O02228,P0044,4,18906.23,75624.92
OI001306,O01121,P0032,3,19906.7,59720.1
OI001307,O01215,P0028,3,11314.24,33942.72
OI001308,O00447,P0167,4,9459.62,37838.48
OI001309,O02833,P0160,3,21124.49,63373.47
OI001310,O02609,P0077,2,4420.76,8841.52
OI001311,O02532,P0018,4,18293.2,73172.8
OI001312,O02897,P0103,3,11043.84,33131.52
OI001313,O00722,P0070,4,21961.56,87846.24
OI001314,O02164,P0119,3,3642.01,10926.03
OI001315,O02583,P0139,2,20705.69,41411.38
OI001316,O01352,P0160,2,21124.49,42248.98
OI001317,O00407,P0148,4,3514.03,14056.12
OI001318,O01726,P0097,2,24081.57,48163.14
OI001319,O00694,P0168,2,9922.46,19844.92
OI001320,O00495,P0136,3,4946.1,14838.3
OI001321,O00948,P0035,4,10042.97,40171.88
OI001322,O00023,P0069,3,9577.52,28732.56
OI001323,O01129,P0126,3,24917.75,74753.25
OI001324,O01699,P0099,1,24148.97,24148.97
OI001325,O00558,P0078,2,17404.28,34808.56
OI001326,O01617,P0149,3,13429.22,40287.66
OI001327,O00941,P0111,3,19540.96,58622.88
OI001328,O01246,P0152,3,6105.92,18317.76
OI001329,O02903,P0017,2,13988.81,27977.62
OI001330,O02939,P0146,2,6569.35,13138.7
OI001331,O01657,P0140,2,18367.0,36734.0
OI001332,O00078,P0144,4,12085.47,48341.88
OI001333,O01346,P0004,3,13024.59,39073.77
OI001334,O00807,P0162,2,12257.2,24514.4
OI001335,O01042,P0092,3,3744.71,11234.13
OI001336,O00768,P0174,4,7953.63,31814.52
OI001337,O00454,P0075,1,2114.89,2114.89
OI001338,O02976,P0159,4,11414.0,45656.0
OI001339,O02325,P0153,2,24399.26,48798.52
OI001340,O01448,P0103,2,11043.84,22087.68
OI001341,O01500,P0024,4,17281.12,69124.48
OI001342,O01051,P0065,3,5291.91,15875.73
OI001343,O02562,P0117,2,24593.61,49187.22
OI001344,O01889,P0153,2,24399.26,48798.52
OI001345,O02512,P0156,4,12247.57,48990.28
OI001346,O02855,P0164,3,8184.43,24553.29
OI001347,O02872,P0082,4,20579.77,82319.08
OI001348,O00363,P0006,4,20028.88,80115.52
OI001349,O02799,P0066,3,23271.82,69815.46
OI001350,O00525,P0067,3,2997.52,8992.56
OI001351,O01218,P0072,1,20167.54,20167.54
OI001352,O01486,P0095,4,742.72,2970.88
OI001353,O02104,P0048,3,17747.74,53243.22
OI001354,O01254,P0070,2,21961.56,43923.12
OI001355,O02537,P0078,1,17404.28,17404.28
OI001356,O01856,P0067,4,2997.52,11990.08
OI001357,O00722,P0176,3,10996.32,32988.96
OI001358,O01984,P0065,1,5291.91,5291.91
OI001359,O01208,P0172,1,23887.83,23887.83
OI001360,O01449,P0063,2,24804.73,49609.46
OI001361,O01399,P0046,1,20669.08,20669.08
OI001362,O02089,P0147,4,19031.22,76124.88
OI001363,O01508,P0192,3,17037.67,51113.01
OI001364,O01004,P0073,1,19771.76,19771.76
OI001365,O02308,P0071,1,21714.61,21714.61
OI001366,O02489,P0110,4,1627.61,6510.44
OI001367,O00926,P0178,2,21037.7,42075.4
OI001368,O00856,P0063,2,24804.73,49609.46
OI001369,O00084,P0041,3,13071.85,39215.55
OI001370,O02094,P0007,4,5919.43,23677.72
OI001371,O02488,P0137,2,9257.21,18514.42
OI001372,O01543,P0004,3,13024.59,39073.77
OI001373,O00986,P0089,3,4453.48,13360.44
OI001374,O01869,P0177,2,6441.3,12882.6
OI001375,O00136,P0134,4,22176.44,88705.76
OI001376,O01207,P0082,1,20579.77,20579.77
OI001377,O01733,P0021,2,14101.19,28202.38
OI001378,O01196,P0143,1,10462.23,10462.23
OI001379,O00909,P0128,1,15418.96,15418.96
OI001380,O02909,P0195,4,17936.45,71745.8
OI001381,O02836,P0194,4,2211.32,8845.28
OI001382,O00590,P0184,3,22388.43,67165.29
OI001383,O01952,P0105,4,16056.58,64226.32
OI001384,O00956,P0104,3,2731.05,8193.15
OI001385,O02738,P0068,2,20454.5,40909.0
OI001386,O02587,P0160,1,21124.49,21124.49
OI001387,O01144,P0194,4,2211.32,8845.28
OI001388,O01332,P0110,2,1627.61,3255.22
OI001389,O02756,P0157,3,2832.43,8497.29
OI001390,O01554,P0066,4,23271.82,93087.28
OI001391,O02343,P0162,1,12257.2,12257.2
OI001392,O01807,P0027,2,2507.24,5014.48
OI001393,O02101,P0060,4,12940.42,51761.68
OI001394,O00806,P0118,4,6055.58,24222.32
OI001395,O01456,P0167,2,9459.62,18919.24
OI001396,O00052,P0044,3,18906.23,56718.69
OI001397,O02776,P0036,3,3895.16,11685.48
OI001398,O00072,P0019,4,11683.62,46734.48
OI001399,O00028,P0091,3,10026.71,30080.13
OI001400,O00469,P0045,3,3280.07,9840.21
OI001401,O00764,P0149,2,13429.22,26858.44
OI001402,O02934,P0151,3,401.81,1205.43
OI001403,O02960,P0155,3,23993.46,71980.38
OI001404,O02595,P0098,2,13783.29,27566.58
OI001405,O01425,P0200,4,18463.96,73855.84
OI001406,O02249,P0019,4,11683.62,46734.48
OI001407,O00820,P0041,2,13071.85,26143.7
OI001408,O01490,P0026,1,13442.11,13442.11
OI001409,O01676,P0028,2,11314.24,22628.48
OI001410,O00560,P0064,1,21300.48,21300.48
OI001411,O00379,P0068,3,20454.5,61363.5
OI001412,O01919,P0080,4,24392.69,97570.76
OI001413,O01076,P0051,1,6651.5,6651.5
OI001414,O00079,P0102,1,12702.93,12702.93
OI001415,O01409,P0176,3,10996.32,32988.96
OI001416,O00834,P0010,4,16306.85,65227.4
OI001417,O01032,P0167,3,9459.62,28378.86
OI001418,O02073,P0100,4,10869.2,43476.8
OI001419,O00450,P0122,4,2616.04,10464.16
OI001420,O02816,P0147,3,19031.22,57093.66
OI001421,O02803,P0064,1,21300.48,21300.48
OI001422,O01993,P0124,2,1651.07,3302.14
OI001423,O01485,P0019,4,11683.62,46734.48
OI001424,O02246,P0076,4,10134.21,40536.84
OI001425,O01743,P0062,2,12474.39,24948.78
OI001426,O01971,P0141,2,19255.69,38511.38
OI001427,O02485,P0025,3,5103.25,15309.75
OI001428,O01551,P0089,4,4453.48,17813.92
OI001429,O00690,P0092,3,3744.71,11234.13
OI001430,O01991,P0042,2,15627.28,31254.56
OI001431,O01402,P0117,3,24593.61,73780.83
OI001432,O00587,P0039,4,13544.93,54179.72
OI001433,O02152,P0158,1,13744.19,13744.19
OI001434,O01830,P0133,1,3354.69,3354.69
OI001435,O01986,P0081,4,16060.2,64240.8
OI001436,O00627,P0146,3,6569.35,19708.05
OI001437,O02032,P0107,2,15527.74,31055.48
OI001438,O02506,P0111,2,19540.96,39081.92
OI001439,O00364,P0021,1,14101.19,14101.19
OI001440,O02183,P0050,3,7647.9,22943.7
OI001441,O00374,P0121,2,7651.55,15303.1
OI001442,O02087,P0134,2,22176.44,44352.88
OI001443,O01988,P0050,4,7647.9,30591.6
OI001444,O02867,P0194,3,2211.32,6633.96
OI001445,O02095,P0115,3,1538.74,4616.22
OI001446,O02084,P0001,2,5743.74,11487.48
OI001447,O02143,P0185,3,15953.08,47859.24
OI001448,O01385,P0030,3,8754.53,26263.59
OI001449,O01549,P0186,3,15386.95,46160.85
OI001450,O01170,P0107,4,15527.74,62110.96
OI001451,O01941,P0180,2,22553.87,45107.74
OI001452,O00368,P0165,1,18460.19,18460.19
OI001453,O00065,P0048,3,17747.74,53243.22
OI001454,O00754,P0087,2,15195.7,30391.4
OI001455,O01544,P0129,1,7725.72,7725.72
OI001456,O02036,P0019,4,11683.62,46734.48
OI001457,O02864,P0046,2,20669.08,41338.16
OI001458,O01877,P0195,4,17936.45,71745.8
OI001459,O01579,P0130,2,15635.01,31270.02
OI001460,O00756,P0056,4,7707.56,30830.24
OI001461,O02229,P0145,2,577.89,1155.78
OI001462,O01525,P0092,4,3744.71,14978.84
OI001463,O00597,P0082,1,20579.77,20579.77
OI001464,O02835,P0079,2,8717.88,17435.76
OI001465,O02675,P0150,1,5458.53,5458.53
OI001466,O01835,P0105,3,16056.58,48169.74
OI001467,O02664,P0027,1,2507.24,2507.24
OI001468,O01396,P0055,2,13889.68,27779.36
OI001469,O01587,P0160,1,21124.49,21124.49
OI001470,O00112,P0060,2,12940.42,25880.84
OI001471,O00453,P0109,4,3885.42,15541.68
OI001472,O02804,P0156,3,12247.57,36742.71
OI001473,O02632,P0156,1,12247.57,12247.57
OI001474,O02187,P0120,3,3122.48,9367.44
OI001475,O01872,P0153,1,24399.26,24399.26
OI001476,O02279,P0085,2,23076.65,46153.3
OI001477,O01263,P0086,1,12227.84,12227.84
OI001478,O00253,P0117,3,24593.61,73780.83
OI001479,O02005,P0154,1,20058.27,20058.27
OI001480,O01460,P0108,3,16290.01,48870.03
OI001481,O01943,P0075,3,2114.89,6344.67
OI001482,O02609,P0119,2,3642.01,7284.02
OI001483,O01327,P0199,4,23916.88,95667.52
OI001484,O02120,P0145,4,577.89,2311.56
OI001485,O01858,P0007,1,5919.43,5919.43
OI001486,O02270,P0184,3,22388.43,67165.29
OI001487,O01101,P0192,2,17037.67,34075.34
OI001488,O00062,P0148,4,3514.03,14056.12
OI001489,O01495,P0166,2,11952.85,23905.7
OI001490,O01181,P0075,2,2114.89,4229.78
OI001491,O00806,P0058,3,11235.34,33706.02
OI001492,O02173,P0016,1,16579.8,16579.8
OI001493,O02789,P0179,3,1056.82,3170.46
OI001494,O01876,P0027,4,2507.24,10028.96
OI001495,O02209,P0051,4,6651.5,26606.0
OI001496,O00541,P0075,2,2114.89,4229.78
OI001497,O00626,P0144,3,12085.47,36256.41
OI001498,O01615,P0087,3,15195.7,45587.1
OI001499,O00106,P0188,2,13008.36,26016.72
OI001500,O01155,P0123,1,17334.82,17334.82
OI001501,O01709,P0076,2,10134.21,20268.42
OI001502,O02824,P0040,2,21066.63,42133.26
OI001503,O01909,P0067,4,2997.52,11990.08
OI001504,O02050,P0130,3,15635.01,46905.03
OI001505,O02281,P0102,4,12702.93,50811.72
OI001506,O00369,P0176,2,10996.32,21992.64
OI001507,O01275,P0180,3,22553.87,67661.61
OI001508,O00946,P0152,2,6105.92,12211.84
OI001509,O02228,P0093,2,9251.61,18503.22
OI001510,O00293,P0110,1,1627.61,1627.61
OI001511,O00584,P0082,4,20579.77,82319.08
OI001512,O02843,P0078,4,17404.28,69617.12
OI001513,O02223,P0002,2,8939.41,17878.82
OI001514,O02171,P0065,1,5291.91,5291.91
OI001515,O02275,P0020,2,1597.54,3195.08
OI001516,O02492,P0034,2,5942.59,11885.18
OI001517,O02476,P0041,2,13071.85,26143.7
OI001518,O00765,P0169,1,11540.22,11540.22
OI001519,O02680,P0023,3,4465.04,13395.12
OI001520,O02113,P0038,1,23182.32,23182.32
OI001521,O01305,P0172,2,23887.83,47775.66
OI001522,O01415,P0067,3,2997.52,8992.56
OI001523,O00428,P0062,2,12474.39,24948.78
OI001524,O02666,P0140,1,18367.0,18367.0
OI001525,O02973,P0030,1,8754.53,8754.53
OI001526,O02015,P0087,3,15195.7,45587.1
OI001527,O02860,P0193,1,1137.66,1137.66
OI001528,O00107,P0169,2,11540.22,23080.44
OI001529,O00659,P0148,3,3514.03,10542.09
OI001530,O01183,P0118,4,6055.58,24222.32
OI001531,O02313,P0006,2,20028.88,40057.76
OI001532,O01226,P0075,4,2114.89,8459.56
OI001533,O00155,P0132,3,10709.48,32128.44
OI001534,O00896,P0093,3,9251.61,27754.83
OI001535,O01522,P0010,2,16306.85,32613.7
OI001536,O01621,P0051,1,6651.5,6651.5
OI001537,O00993,P0093,2,9251.61,18503.22
OI001538,O02293,P0038,1,23182.32,23182.32
OI001539,O01324,P0129,1,7725.72,7725.72
OI001540,O01386,P0136,2,4946.1,9892.2
OI001541,O02434,P0102,3,12702.93,38108.79
OI001542,O02807,P0081,2,16060.2,32120.4
OI001543,O02462,P0083,4,3399.86,13599.44
OI001544,O01302,P0191,3,12854.33,38562.99
OI001545,O02763,P0161,1,2542.26,2542.26
OI001546,O00759,P0143,3,10462.23,31386.69
OI001547,O00747,P0031,2,16656.3,33312.6
OI001548,O00593,P0021,3,14101.19,42303.57
OI001549,O01549,P0131,1,13223.33,13223.33
OI001550,O02887,P0126,1,24917.75,24917.75
OI001551,O00016,P0194,3,2211.32,6633.96
OI001552,O00993,P0035,4,10042.97,40171.88
OI001553,O01069,P0169,1,11540.22,11540.22
OI001554,O01345,P0187,4,1759.64,7038.56
OI001555,O02699,P0144,1,12085.47,12085.47
OI001556,O02196,P0184,3,22388.43,67165.29
OI001557,O02403,P0045,1,3280.07,3280.07
OI001558,O00703,P0059,4,15054.8,60219.2
OI001559,O00613,P0178,4,21037.7,84150.8
OI001560,O00105,P0012,3,8175.91,24527.73
OI001561,O01498,P0140,4,18367.0,73468.0
OI001562,O00396,P0033,4,23186.73,92746.92
OI001563,O02654,P0177,3,6441.3,19323.9
OI001564,O02011,P0021,1,14101.19,14101.19
OI001565,O00851,P0060,3,12940.42,38821.26
OI001566,O01989,P0052,1,9067.4,9067.4
OI001567,O00442,P0182,1,15966.32,15966.32
OI001568,O01669,P0167,1,9459.62,9459.62
OI001569,O00873,P0177,2,6441.3,12882.6
OI001570,O00667,P0123,1,17334.82,17334.82
OI001571,O01052,P0106,3,5479.35,16438.05
OI001572,O02842,P0192,3,17037.67,51113.01
OI001573,O02523,P0100,3,10869.2,32607.6
OI001574,O00628,P0154,2,20058.27,40116.54
OI001575,O01429,P0071,4,21714.61,86858.44
OI001576,O02550,P0135,2,11299.64,22599.28
OI001577,O00348,P0200,3,18463.96,55391.88
OI001578,O01264,P0062,3,12474.39,37423.17
OI001579,O01018,P0088,4,19143.76,76575.04
OI001580,O00570,P0024,2,17281.12,34562.24
OI001581,O02743,P0040,3,21066.63,63199.89
OI001582,O02074,P0076,1,10134.21,10134.21
OI001583,O01953,P0175,1,17234.55,17234.55
OI001584,O02265,P0136,3,4946.1,14838.3
OI001585,O01352,P0182,1,15966.32,15966.32
OI001586,O02885,P0009,4,22013.97,88055.88
OI001587,O02822,P0003,3,1828.65,5485.95
OI001588,O00670,P0182,2,15966.32,31932.64
OI001589,O00718,P0021,3,14101.19,42303.57
OI001590,O02358,P0095,4,742.72,2970.88
OI001591,O02647,P0176,2,10996.32,21992.64
OI001592,O00267,P0175,4,17234.55,68938.2
OI001593,O01439,P0196,1,1894.9,1894.9
OI001594,O02694,P0191,1,12854.33,12854.33
OI001595,O01357,P0016,1,16579.8,16579.8
OI001596,O01023,P0107,4,15527.74,62110.96
OI001597,O02038,P0093,4,9251.61,37006.44
OI001598,O02498,P0133,3,3354.69,10064.07
OI001599,O00565,P0139,2,20705.69,41411.38
OI001600,O01271,P0157,2,2832.43,5664.86
OI001601,O01060,P0079,4,8717.88,34871.52
OI001602,O01425,P0070,4,21961.56,87846.24
OI001603,O00028,P0048,1,17747.74,17747.74
OI001604,O00220,P0015,4,24854.07,99416.28
OI001605,O00406,P0034,1,5942.59,5942.59
OI001606,O01638,P0060,4,12940.42,51761.68
OI001607,O01799,P0190,2,18462.1,36924.2
OI001608,O02319,P0002,3,8939.41,26818.23
OI001609,O01760,P0080,4,24392.69,97570.76
OI001610,O01675,P0019,1,11683.62,11683.62
OI001611,O00792,P0049,3,1000.39,3001.17
OI001612,O00963,P0078,1,17404.28,17404.28
OI001613,O01310,P0028,1,11314.24,11314.24
OI001614,O00834,P0048,3,17747.74,53243.22
OI001615,O00317,P0096,3,3465.64,10396.92
OI001616,O01321,P0165,3,18460.19,55380.57
OI001617,O02386,P0177,4,6441.3,25765.2
OI001618,O01331,P0109,3,3885.42,11656.26
OI001619,O00351,P0176,4,10996.32,43985.28
OI001620,O00511,P0073,2,19771.76,39543.52
OI001621,O02573,P0100,2,10869.2,21738.4
OI001622,O00492,P0029,1,18928.47,18928.47
OI001623,O01932,P0188,1,13008.36,13008.36
OI001624,O01618,P0157,4,2832.43,11329.72
OI001625,O02057,P0058,1,11235.34,11235.34
OI001626,O01521,P0048,2,17747.74,35495.48
OI001627,O01584,P0023,4,4465.04,17860.16
OI001628,O02609,P0027,4,2507.24,10028.96
OI001629,O02488,P0007,3,5919.43,17758.29
OI001630,O01576,P0049,4,1000.39,4001.56
OI001631,O02840,P0182,1,15966.32,15966.32
OI001632,O01762,P0109,2,3885.42,7770.84
OI001633,O01992,P0068,1,20454.5,20454.5
OI001634,O01269,P0170,2,19646.91,39293.82
OI001635,O02081,P0187,3,1759.64,5278.92
OI001636,O01047,P0172,2,23887.83,47775.66
OI001637,O02893,P0154,3,20058.27,60174.81
OI001638,O02614,P0151,1,401.81,401.81
OI001639,O00049,P0073,3,19771.76,59315.28
OI001640,O00462,P0101,4,7864.22,31456.88
OI001641,O02638,P0008,4,13546.3,54185.2
OI001642,O00336,P0053,2,2282.3,4564.6
OI001643,O01382,P0142,1,374.68,374.68
OI001644,O01146,P0199,1,23916.88,23916.88
OI001645,O00359,P0135,2,11299.64,22599.28
OI001646,O02394,P0137,4,9257.21,37028.84
OI001647,O00193,P0003,3,1828.65,5485.95
OI001648,O01440,P0078,2,17404.28,34808.56
OI001649,O01401,P0145,3,577.89,1733.67
OI001650,O00756,P0172,3,23887.83,71663.49
OI001651,O01685,P0086,1,12227.84,12227.84
OI001652,O02526,P0046,4,20669.08,82676.32
OI001653,O00828,P0090,3,12613.9,37841.7
OI001654,O00890,P0186,4,15386.95,61547.8
OI001655,O00653,P0156,1,12247.57,12247.57
OI001656,O02456,P0142,2,374.68,749.36
OI001657,O02334,P0009,2,22013.97,44027.94
OI001658,O01922,P0115,1,1538.74,1538.74
OI001659,O00851,P0154,1,20058.27,20058.27
OI001660,O00111,P0130,3,15635.01,46905.03
OI001661,O00620,P0075,1,2114.89,2114.89
OI001662,O00793,P0081,2,16060.2,32120.4
OI001663,O02098,P0128,4,15418.96,61675.84
OI001664,O01158,P0034,4,5942.59,23770.36
OI001665,O00588,P0147,4,19031.22,76124.88
OI001666,O02644,P0039,4,13544.93,54179.72
OI001667,O02718,P0013,1,8391.75,8391.75
OI001668,O01310,P0133,1,3354.69,3354.69
OI001669,O01958,P0050,4,7647.9,30591.6
OI001670,O02362,P0023,1,4465.04,4465.04
OI001671,O02654,P0122,3,2616.04,7848.12
OI001672,O00297,P0120,1,3122.48,3122.48
OI001673,O01630,P0088,3,19143.76,57431.28
OI001674,O00569,P0157,3,2832.43,8497.29
OI001675,O01188,P0112,1,11549.03,11549.03
OI001676,O00832,P0111,4,19540.96,78163.84
OI001677,O00610,P0072,3,20167.54,60502.62
OI001678,O00016,P0154,1,20058.27,20058.27
OI001679,O01370,P0057,2,9984.84,19969.68
OI001680,O00072,P0001,4,5743.74,22974.96
OI001681,O00270,P0156,2,12247.57,24495.14
OI001682,O00287,P0113,3,1548.28,4644.84
OI001683,O00066,P0062,2,12474.39,24948.78
OI001684,O00880,P0047,1,19572.5,19572.5
OI001685,O00068,P0078,4,17404.28,69617.12
OI001686,O01217,P0106,3,5479.35,16438.05
OI001687,O01403,P0187,1,1759.64,1759.64
OI001688,O00974,P0159,4,11414.0,45656.0
OI001689,O00508,P0198,3,401.5,1204.5
OI001690,O02885,P0126,3,24917.75,74753.25
OI001691,O01126,P0177,3,6441.3,19323.9
OI001692,O00886,P0005,3,1783.55,5350.65
OI001693,O02842,P0031,2,16656.3,33312.6
OI001694,O02470,P0037,2,24812.84,49625.68
OI001695,O01988,P0079,2,8717.88,17435.76
OI001696,O00775,P0143,3,10462.23,31386.69
OI001697,O02526,P0052,2,9067.4,18134.8
OI001698,O00926,P0197,4,1874.29,7497.16
OI001699,O00120,P0139,3,20705.69,62117.07
OI001700,O01939,P0043,4,2319.2,9276.8
OI001701,O00488,P0198,4,401.5,1606.0
OI001702,O02126,P0151,2,401.81,803.62
OI001703,O00441,P0040,3,21066.63,63199.89
OI001704,O00462,P0063,2,24804.73,49609.46
OI001705,O00612,P0130,2,15635.01,31270.02
OI001706,O01318,P0087,2,15195.7,30391.4
OI001707,O01660,P0073,3,19771.76,59315.28
OI001708,O00917,P0175,3,17234.55,51703.65
OI001709,O02657,P0104,2,2731.05,5462.1
OI001710,O00006,P0158,4,13744.19,54976.76
OI001711,O00681,P0016,4,16579.8,66319.2
OI001712,O02943,P0059,3,15054.8,45164.4
OI001713,O02319,P0047,1,19572.5,19572.5
OI001714,O01644,P0116,2,17406.38,34812.76
OI001715,O02859,P0158,2,13744.19,27488.38
OI001716,O02607,P0109,1,3885.42,3885.42
OI001717,O00099,P0009,3,22013.97,66041.91
OI001718,O00526,P0065,4,5291.91,21167.64
OI001719,O02242,P0059,3,15054.8,45164.4
OI001720,O01181,P0102,4,12702.93,50811.72
OI001721,O01690,P0192,4,17037.67,68150.68
OI001722,O01139,P0136,3,4946.1,14838.3
OI001723,O00396,P0123,2,17334.82,34669.64
OI001724,O00770,P0180,2,22553.87,45107.74
OI001725,O01827,P0146,2,6569.35,13138.7
OI001726,O01546,P0091,4,10026.71,40106.84
OI001727,O02928,P0096,2,3465.64,6931.28
OI001728,O02793,P0058,4,11235.34,44941.36
OI001729,O00683,P0177,2,6441.3,12882.6
OI001730,O01557,P0032,3,19906.7,59720.1
OI001731,O00015,P0048,1,17747.74,17747.74
OI001732,O02416,P0045,4,3280.07,13120.28
OI001733,O02686,P0182,3,15966.32,47898.96
OI001734,O02901,P0100,4,10869.2,43476.8
OI001735,O01237,P0100,4,10869.2,43476.8
OI001736,O02748,P0046,3,20669.08,62007.24
OI001737,O00005,P0159,2,11414.0,22828.0
OI001738,O02279,P0165,4,18460.19,73840.76
OI001739,O01909,P0144,1,12085.47,12085.47
OI001740,O01426,P0174,1,7953.63,7953.63
OI001741,O01608,P0126,3,24917.75,74753.25
OI001742,O02634,P0046,1,20669.08,20669.08
OI001743,O00169,P0121,3,7651.55,22954.65
OI001744,O02809,P0088,3,19143.76,57431.28
OI001745,O00792,P0061,4,22992.86,91971.44
OI001746,O01000,P0046,3,20669.08,62007.24
OI001747,O00152,P0179,3,1056.82,3170.46
OI001748,O02272,P0190,2,18462.1,36924.2
OI001749,O00504,P0163,4,3836.21,15344.84
OI001750,O01574,P0081,1,16060.2,16060.2
OI001751,O02092,P0170,2,19646.91,39293.82
OI001752,O02745,P0045,2,3280.07,6560.14
OI001753,O00504,P0118,4,6055.58,24222.32
OI001754,O02978,P0196,4,1894.9,7579.6
OI001755,O00843,P0047,2,19572.5,39145.0
OI001756,O00351,P0158,4,13744.19,54976.76
OI001757,O02071,P0152,4,6105.92,24423.68
OI001758,O01660,P0194,3,2211.32,6633.96
OI001759,O00598,P0171,4,22312.91,89251.64
OI001760,O01067,P0162,3,12257.2,36771.6
OI001761,O02514,P0023,2,4465.04,8930.08
OI001762,O00040,P0061,2,22992.86,45985.72
OI001763,O02351,P0165,1,18460.19,18460.19
OI001764,O00175,P0013,4,8391.75,33567.0
OI001765,O00999,P0199,2,23916.88,47833.76
OI001766,O01485,P0007,3,5919.43,17758.29
OI001767,O02669,P0170,2,19646.91,39293.82
OI001768,O01217,P0166,4,11952.85,47811.4
OI001769,O02292,P0180,1,22553.87,22553.87
OI001770,O00836,P0172,1,23887.83,23887.83
OI001771,O02328,P0192,2,17037.67,34075.34
OI001772,O01060,P0141,1,19255.69,19255.69
OI001773,O02605,P0028,4,11314.24,45256.96
OI001774,O00898,P0096,4,3465.64,13862.56
OI001775,O01564,P0107,1,15527.74,15527.74
OI001776,O01047,P0098,3,13783.29,41349.87
OI001777,O02767,P0112,1,11549.03,11549.03
OI001778,O00932,P0001,1,5743.74,5743.74
OI001779,O02139,P0043,2,2319.2,4638.4
OI001780,O02438,P0042,3,15627.28,46881.84
OI001781,O02598,P0095,1,742.72,742.72
OI001782,O02979,P0178,2,21037.7,42075.4
OI001783,O01252,P0188,2,13008.36,26016.72
OI001784,O01226,P0129,2,7725.72,15451.44
OI001785,O01374,P0051,4,6651.5,26606.0
OI001786,O01062,P0144,2,12085.47,24170.94
OI001787,O02781,P0167,2,9459.62,18919.24
OI001788,O00500,P0015,4,24854.07,99416.28
OI001789,O01723,P0125,4,12784.61,51138.44
OI001790,O02919,P0161,2,2542.26,5084.52
OI001791,O02565,P0087,1,15195.7,15195.7
OI001792,O02116,P0053,3,2282.3,6846.9
OI001793,O01764,P0145,4,577.89,2311.56
OI001794,O02171,P0089,3,4453.48,13360.44
OI001795,O01709,P0106,4,5479.35,21917.4
OI001796,O00336,P0006,2,20028.88,40057.76
OI001797,O01177,P0031,4,16656.3,66625.2
OI001798,O00779,P0197,2,1874.29,3748.58
OI001799,O01186,P0040,3,21066.63,63199.89
OI001800,O01934,P0158,1,13744.19,13744.19
OI001801,O01467,P0069,2,9577.52,19155.04
OI001802,O02471,P0135,3,11299.64,33898.92
OI001803,O01562,P0013,3,8391.75,25175.25
OI001804,O00939,P0004,4,13024.59,52098.36
OI001805,O00804,P0178,2,21037.7,42075.4
OI001806,O01936,P0003,3,1828.65,5485.95
OI001807,O00634,P0140,1,18367.0,18367.0
OI001808,O01254,P0065,4,5291.91,21167.64
OI001809,O01083,P0027,4,2507.24,10028.96
OI001810,O02144,P0107,3,15527.74,46583.22
OI001811,O01286,P0050,2,7647.9,15295.8
OI001812,O00354,P0017,4,13988.81,55955.24
OI001813,O01160,P0200,2,18463.96,36927.92
OI001814,O01886,P0032,3,19906.7,59720.1
OI001815,O01819,P0179,3,1056.82,3170.46
OI001816,O00967,P0017,2,13988.81,27977.62
OI001817,O02971,P0034,1,5942.59,5942.59
OI001818,O02521,P0035,4,10042.97,40171.88
OI001819,O02478,P0152,3,6105.92,18317.76
OI001820,O02585,P0182,1,15966.32,15966.32
OI001821,O01170,P0146,1,6569.35,6569.35
OI001822,O01548,P0050,2,7647.9,15295.8
OI001823,O02135,P0174,2,7953.63,15907.26
OI001824,O00109,P0176,2,10996.32,21992.64
OI001825,O01369,P0103,1,11043.84,11043.84
OI001826,O01758,P0033,4,23186.73,92746.92
OI001827,O00994,P0089,2,4453.48,8906.96
OI001828,O01518,P0155,4,23993.46,95973.84
OI001829,O01357,P0129,2,7725.72,15451.44
OI001830,O00822,P0085,1,23076.65,23076.65
OI001831,O00937,P0059,4,15054.8,60219.2
OI001832,O02697,P0010,4,16306.85,65227.4
OI001833,O00191,P0153,1,24399.26,24399.26
OI001834,O01997,P0057,4,9984.84,39939.36
OI001835,O00933,P0066,1,23271.82,23271.82
OI001836,O00142,P0119,1,3642.01,3642.01
OI001837,O01893,P0112,3,11549.03,34647.09
OI001838,O02888,P0015,2,24854.07,49708.14
OI001839,O02216,P0156,3,12247.57,36742.71
OI001840,O00566,P0013,1,8391.75,8391.75
OI001841,O01283,P0114,1,24872.17,24872.17
OI001842,O01463,P0118,4,6055.58,24222.32
OI001843,O01135,P0142,1,374.68,374.68
OI001844,O00744,P0114,1,24872.17,24872.17
OI001845,O00673,P0194,1,2211.32,2211.32
OI001846,O02912,P0034,2,5942.59,11885.18
OI001847,O02887,P0101,3,7864.22,23592.66
OI001848,O00531,P0025,3,5103.25,15309.75
OI001849,O01314,P0112,2,11549.03,23098.06
OI001850,O00562,P0054,2,23430.25,46860.5
OI001851,O01534,P0012,2,8175.91,16351.82
OI001852,O02223,P0126,3,24917.75,74753.25
OI001853,O00302,P0137,3,9257.21,27771.63
OI001854,O00185,P0031,1,16656.3,16656.3
OI001855,O00510,P0078,3,17404.28,52212.84
OI001856,O02867,P0053,4,2282.3,9129.2
OI001857,O01334,P0112,3,11549.03,34647.09
OI001858,O01370,P0043,2,2319.2,4638.4
OI001859,O02204,P0166,3,11952.85,35858.55
OI001860,O02835,P0042,1,15627.28,15627.28
OI001861,O00795,P0124,3,1651.07,4953.21
OI001862,O02480,P0200,2,18463.96,36927.92
OI001863,O01524,P0176,4,10996.32,43985.28
OI001864,O00761,P0067,2,2997.52,5995.04
OI001865,O02195,P0066,4,23271.82,93087.28
OI001866,O02529,P0144,1,12085.47,12085.47
OI001867,O00435,P0083,1,3399.86,3399.86
OI001868,O01543,P0094,3,1797.49,5392.47
OI001869,O02039,P0105,1,16056.58,16056.58
OI001870,O01707,P0144,1,12085.47,12085.47
OI001871,O00069,P0031,2,16656.3,33312.6
OI001872,O01630,P0118,2,6055.58,12111.16
OI001873,O01905,P0186,3,15386.95,46160.85
OI001874,O02923,P0028,3,11314.24,33942.72
OI001875,O02234,P0004,3,13024.59,39073.77
OI001876,O02952,P0138,3,10411.83,31235.49
OI001877,O02730,P0179,2,1056.82,2113.64
OI001878,O02252,P0018,3,18293.2,54879.6
OI001879,O00554,P0047,3,19572.5,58717.5
OI001880,O02061,P0160,1,21124.49,21124.49
OI001881,O02714,P0158,3,13744.19,41232.57
OI001882,O01298,P0164,4,8184.43,32737.72
OI001883,O02099,P0009,1,22013.97,22013.97
OI001884,O00500,P0164,2,8184.43,16368.86
OI001885,O02417,P0029,4,18928.47,75713.88
OI001886,O02772,P0144,3,12085.47,36256.41
OI001887,O02405,P0092,1,3744.71,3744.71
OI001888,O02895,P0149,3,13429.22,40287.66
OI001889,O01530,P0064,1,21300.48,21300.48
OI001890,O02304,P0111,3,19540.96,58622.88
OI001891,O01512,P0194,4,2211.32,8845.28
OI001892,O00279,P0124,2,1651.07,3302.14
OI001893,O01083,P0187,4,1759.64,7038.56
OI001894,O00446,P0110,4,1627.61,6510.44
OI001895,O02161,P0118,2,6055.58,12111.16
OI001896,O00836,P0156,1,12247.57,12247.57
OI001897,O00755,P0183,1,16517.91,16517.91
OI001898,O01846,P0100,2,10869.2,21738.4
OI001899,O01593,P0031,3,16656.3,49968.9
OI001900,O01513,P0161,1,2542.26,2542.26
OI001901,O01431,P0188,4,13008.36,52033.44
OI001902,O02415,P0169,2,11540.22,23080.44
OI001903,O01084,P0081,4,16060.2,64240.8
OI001904,O02377,P0046,1,20669.08,20669.08
OI001905,O02776,P0049,2,1000.39,2000.78
OI001906,O01591,P0193,2,1137.66,2275.32
OI001907,O01909,P0042,1,15627.28,15627.28
OI001908,O02768,P0151,1,401.81,401.81
OI001909,O02232,P0112,2,11549.03,23098.06
OI001910,O01023,P0027,3,2507.24,7521.72
OI001911,O02359,P0160,2,21124.49,42248.98
OI001912,O01562,P0088,3,19143.76,57431.28
OI001913,O00177,P0121,4,7651.55,30606.2
OI001914,O00847,P0003,3,1828.65,5485.95
OI001915,O01249,P0060,3,12940.42,38821.26
OI001916,O01601,P0079,1,8717.88,8717.88
OI001917,O01605,P0145,2,577.89,1155.78
OI001918,O01976,P0032,4,19906.7,79626.8
OI001919,O02057,P0007,2,5919.43,11838.86
OI001920,O00236,P0071,3,21714.61,65143.83
OI001921,O00710,P0128,3,15418.96,46256.88
OI001922,O02972,P0197,3,1874.29,5622.87
OI001923,O02733,P0058,2,11235.34,22470.68
OI001924,O00794,P0168,3,9922.46,29767.38
OI001925,O02856,P0112,2,11549.03,23098.06
OI001926,O01935,P0048,4,17747.74,70990.96
OI001927,O01670,P0179,4,1056.82,4227.28
OI001928,O00027,P0185,2,15953.08,31906.16
OI001929,O02598,P0111,4,19540.96,78163.84
OI001930,O01227,P0071,1,21714.61,21714.61
OI001931,O00085,P0165,3,18460.19,55380.57
OI001932,O01856,P0075,3,2114.89,6344.67
OI001933,O02514,P0074,3,7686.51,23059.53
OI001934,O01123,P0121,1,7651.55,7651.55
OI001935,O01214,P0055,3,13889.68,41669.04
OI001936,O00012,P0041,2,13071.85,26143.7
OI001937,O01013,P0097,3,24081.57,72244.71
OI001938,O01749,P0148,2,3514.03,7028.06
OI001939,O01877,P0033,4,23186.73,92746.92
OI001940,O02620,P0168,2,9922.46,19844.92
OI001941,O01318,P0034,2,5942.59,11885.18
OI001942,O01384,P0062,2,12474.39,24948.78
OI001943,O01679,P0019,3,11683.62,35050.86
OI001944,O02962,P0171,1,22312.91,22312.91
OI001945,O00180,P0197,1,1874.29,1874.29
OI001946,O00797,P0191,2,12854.33,25708.66
OI001947,O01468,P0010,3,16306.85,48920.55
OI001948,O02025,P0120,1,3122.48,3122.48
OI001949,O02489,P0123,4,17334.82,69339.28
OI001950,O00887,P0104,4,2731.05,10924.2
OI001951,O02469,P0141,3,19255.69,57767.07
OI001952,O01190,P0005,4,1783.55,7134.2
OI001953,O01676,P0058,4,11235.34,44941.36
OI001954,O01520,P0059,4,15054.8,60219.2
OI001955,O02516,P0128,1,15418.96,15418.96
OI001956,O02761,P0187,4,1759.64,7038.56
OI001957,O02433,P0086,2,12227.84,24455.68
OI001958,O02362,P0104,2,2731.05,5462.1
OI001959,O00771,P0143,4,10462.23,41848.92
OI001960,O01279,P0129,2,7725.72,15451.44
OI001961,O00959,P0038,1,23182.32,23182.32
OI001962,O00917,P0107,3,15527.74,46583.22
OI001963,O02071,P0109,2,3885.42,7770.84
OI001964,O01782,P0053,4,2282.3,9129.2
OI001965,O00339,P0052,3,9067.4,27202.2
OI001966,O01517,P0001,3,5743.74,17231.22
OI001967,O02871,P0011,4,13370.65,53482.6
OI001968,O02414,P0058,2,11235.34,22470.68
OI001969,O01396,P0128,1,15418.96,15418.96
OI001970,O00915,P0168,2,9922.46,19844.92
OI001971,O01854,P0188,2,13008.36,26016.72
OI001972,O00475,P0044,1,18906.23,18906.23
OI001973,O01447,P0006,3,20028.88,60086.64
OI001974,O01380,P0156,1,12247.57,12247.57
OI001975,O01484,P0159,1,11414.0,11414.0
OI001976,O02075,P0008,4,13546.3,54185.2
OI001977,O02990,P0005,4,1783.55,7134.2
OI001978,O02850,P0106,2,5479.35,10958.7
OI001979,O00801,P0182,4,15966.32,63865.28
OI001980,O02908,P0112,1,11549.03,11549.03
OI001981,O01247,P0017,1,13988.81,13988.81
OI001982,O00864,P0166,4,11952.85,47811.4
OI001983,O02738,P0009,4,22013.97,88055.88
OI001984,O01172,P0078,4,17404.28,69617.12
OI001985,O00739,P0014,1,16770.23,16770.23
OI001986,O01375,P0154,3,20058.27,60174.81
OI001987,O02463,P0113,3,1548.28,4644.84
OI001988,O00982,P0190,4,18462.1,73848.4
OI001989,O02477,P0091,2,10026.71,20053.42
OI001990,O02089,P0025,2,5103.25,10206.5
OI001991,O02953,P0164,3,8184.43,24553.29
OI001992,O01012,P0098,4,13783.29,55133.16
OI001993,O02751,P0161,1,2542.26,2542.26
OI001994,O02127,P0003,2,1828.65,3657.3
OI001995,O00717,P0139,2,20705.69,41411.38
OI001996,O01808,P0112,1,11549.03,11549.03
OI001997,O02592,P0186,1,15386.95,15386.95
OI001998,O01474,P0192,4,17037.67,68150.68
OI001999,O02522,P0146,1,6569.35,6569.35
OI002000,O01166,P0047,1,19572.5,19572.5
OI002001,O02342,P0172,1,23887.83,23887.83
OI002002,O00610,P0187,3,1759.64,5278.92
OI002003,O02184,P0050,1,7647.9,7647.9
OI002004,O02532,P0197,2,1874.29,3748.58
OI002005,O01813,P0157,4,2832.43,11329.72
OI002006,O01336,P0124,4,1651.07,6604.28
OI002007,O02862,P0090,4,12613.9,50455.6
OI002008,O00555,P0067,3,2997.52,8992.56
OI002009,O01656,P0002,2,8939.41,17878.82
OI002010,O01756,P0153,1,24399.26,24399.26
OI002011,O00046,P0147,2,19031.22,38062.44
OI002012,O01260,P0168,4,9922.46,39689.84
OI002013,O01072,P0002,1,8939.41,8939.41
OI002014,O02246,P0065,4,5291.91,21167.64
OI002015,O02132,P0190,4,18462.1,73848.4
OI002016,O00543,P0091,4,10026.71,40106.84
OI002017,O01452,P0182,2,15966.32,31932.64
OI002018,O02119,P0173,2,19693.89,39387.78
OI002019,O02568,P0116,4,17406.38,69625.52
OI002020,O01993,P0049,4,1000.39,4001.56
OI002021,O02946,P0069,1,9577.52,9577.52
OI002022,O00913,P0166,4,11952.85,47811.4
OI002023,O01069,P0132,4,10709.48,42837.92
OI002024,O02341,P0145,4,577.89,2311.56
OI002025,O02986,P0126,4,24917.75,99671.0
OI002026,O00812,P0181,2,11590.79,23181.58
OI002027,O01489,P0053,4,2282.3,9129.2
OI002028,O01909,P0112,3,11549.03,34647.09
OI002029,O01574,P0159,4,11414.0,45656.0
OI002030,O00867,P0150,2,5458.53,10917.06
OI002031,O02428,P0139,3,20705.69,62117.07
OI002032,O01767,P0162,3,12257.2,36771.6
OI002033,O02310,P0113,4,1548.28,6193.12
OI002034,O00580,P0143,4,10462.23,41848.92
OI002035,O02405,P0114,2,24872.17,49744.34
OI002036,O01443,P0138,3,10411.83,31235.49
OI002037,O00698,P0181,3,11590.79,34772.37
OI002038,O01977,P0048,2,17747.74,35495.48
OI002039,O02491,P0031,4,16656.3,66625.2
OI002040,O00726,P0037,1,24812.84,24812.84
OI002041,O00286,P0108,1,16290.01,16290.01
OI002042,O01892,P0028,3,11314.24,33942.72
OI002043,O00570,P0159,3,11414.0,34242.0
OI002044,O02888,P0070,4,21961.56,87846.24
OI002045,O01965,P0014,1,16770.23,16770.23
OI002046,O01514,P0122,3,2616.04,7848.12
OI002047,O00498,P0016,4,16579.8,66319.2
OI002048,O01918,P0025,1,5103.25,5103.25
OI002049,O00705,P0167,2,9459.62,18919.24
OI002050,O01357,P0066,3,23271.82,69815.46
OI002051,O00562,P0038,2,23182.32,46364.64
OI002052,O01999,P0169,1,11540.22,11540.22
OI002053,O00032,P0103,4,11043.84,44175.36
OI002054,O00043,P0098,4,13783.29,55133.16
OI002055,O01917,P0115,1,1538.74,1538.74
OI002056,O01375,P0040,2,21066.63,42133.26
OI002057,O01846,P0064,4,21300.48,85201.92
OI002058,O00559,P0089,3,4453.48,13360.44
OI002059,O02318,P0100,2,10869.2,21738.4
OI002060,O01437,P0144,2,12085.47,24170.94
OI002061,O00943,P0082,3,20579.77,61739.31
OI002062,O01599,P0077,1,4420.76,4420.76
OI002063,O01371,P0059,4,15054.8,60219.2
OI002064,O01929,P0091,2,10026.71,20053.42
OI002065,O01637,P0098,4,13783.29,55133.16
OI002066,O02085,P0139,4,20705.69,82822.76
OI002067,O00092,P0001,2,5743.74,11487.48
OI002068,O01844,P0013,1,8391.75,8391.75
OI002069,O00185,P0030,2,8754.53,17509.06
OI002070,O00728,P0197,1,1874.29,1874.29
OI002071,O01052,P0018,3,18293.2,54879.6
OI002072,O01572,P0078,1,17404.28,17404.28
OI002073,O02420,P0141,1,19255.69,19255.69
OI002074,O00832,P0032,2,19906.7,39813.4
OI002075,O00345,P0071,4,21714.61,86858.44
OI002076,O01443,P0200,4,18463.96,73855.84
OI002077,O01220,P0050,1,7647.9,7647.9
OI002078,O02126,P0199,1,23916.88,23916.88
OI002079,O00167,P0116,2,17406.38,34812.76
OI002080,O00264,P0113,1,1548.28,1548.28
OI002081,O01496,P0080,2,24392.69,48785.38
OI002082,O01232,P0031,3,16656.3,49968.9
OI002083,O02772,P0051,1,6651.5,6651.5
OI002084,O01287,P0155,3,23993.46,71980.38
OI002085,O01530,P0060,1,12940.42,12940.42
OI002086,O01809,P0033,1,23186.73,23186.73
OI002087,O02560,P0181,3,11590.79,34772.37
OI002088,O01878,P0127,3,20367.86,61103.58
OI002089,O01750,P0200,2,18463.96,36927.92
OI002090,O01910,P0161,2,2542.26,5084.52
OI002091,O02624,P0126,3,24917.75,74753.25
OI002092,O02770,P0041,1,13071.85,13071.85
OI002093,O01336,P0019,2,11683.62,23367.24
OI002094,O01198,P0041,1,13071.85,13071.85
OI002095,O02479,P0085,4,23076.65,92306.6
OI002096,O00768,P0089,2,4453.48,8906.96
OI002097,O02511,P0042,2,15627.28,31254.56
OI002098,O00101,P0120,2,3122.48,6244.96
OI002099,O01733,P0023,4,4465.04,17860.16
OI002100,O01920,P0033,3,23186.73,69560.19
OI002101,O02292,P0020,1,1597.54,1597.54
OI002102,O01372,P0153,4,24399.26,97597.04
OI002103,O00105,P0090,3,12613.9,37841.7
OI002104,O00694,P0104,2,2731.05,5462.1
OI002105,O01691,P0180,3,22553.87,67661.61
OI002106,O01311,P0012,3,8175.91,24527.73
OI002107,O01071,P0160,3,21124.49,63373.47
OI002108,O01067,P0161,1,2542.26,2542.26
OI002109,O00818,P0196,3,1894.9,5684.7
OI002110,O02269,P0143,3,10462.23,31386.69
OI002111,O01537,P0051,3,6651.5,19954.5
OI002112,O02192,P0006,3,20028.88,60086.64
OI002113,O00890,P0091,4,10026.71,40106.84
OI002114,O01878,P0197,4,1874.29,7497.16
OI002115,O01874,P0069,3,9577.52,28732.56
OI002116,O00790,P0163,3,3836.21,11508.63
OI002117,O00553,P0123,3,17334.82,52004.46
OI002118,O00844,P0162,2,12257.2,24514.4
OI002119,O00659,P0191,3,12854.33,38562.99
OI002120,O02885,P0196,3,1894.9,5684.7
OI002121,O01019,P0146,4,6569.35,26277.4
OI002122,O01954,P0115,4,1538.74,6154.96
OI002123,O01191,P0154,4,20058.27,80233.08
OI002124,O00751,P0111,1,19540.96,19540.96
OI002125,O02297,P0061,2,22992.86,45985.72
OI002126,O00775,P0107,3,15527.74,46583.22
OI002127,O02812,P0078,4,17404.28,69617.12
OI002128,O01381,P0095,1,742.72,742.72
OI002129,O00692,P0074,3,7686.51,23059.53
OI002130,O02868,P0048,3,17747.74,53243.22
OI002131,O00719,P0200,4,18463.96,73855.84
OI002132,O00234,P0096,3,3465.64,10396.92
OI002133,O02072,P0031,3,16656.3,49968.9
OI002134,O01405,P0034,3,5942.59,17827.77
OI002135,O01006,P0087,4,15195.7,60782.8
OI002136,O01370,P0135,1,11299.64,11299.64
OI002137,O01402,P0083,3,3399.86,10199.58
OI002138,O02570,P0135,1,11299.64,11299.64
OI002139,O02065,P0047,3,19572.5,58717.5
OI002140,O02293,P0136,4,4946.1,19784.4
OI002141,O02766,P0129,1,7725.72,7725.72
OI002142,O02818,P0125,4,12784.61,51138.44
OI002143,O00717,P0077,2,4420.76,8841.52
OI002144,O01563,P0003,3,1828.65,5485.95
OI002145,O01712,P0181,2,11590.79,23181.58
OI002146,O01226,P0092,2,3744.71,7489.42
OI002147,O01272,P0166,2,11952.85,23905.7
OI002148,O02166,P0179,3,1056.82,3170.46
OI002149,O00009,P0143,4,10462.23,41848.92
OI002150,O00598,P0100,2,10869.2,21738.4
OI002151,O00023,P0127,1,20367.86,20367.86
OI002152,O01991,P0195,3,17936.45,53809.35
OI002153,O02288,P0192,4,17037.67,68150.68
OI002154,O01609,P0068,4,20454.5,81818.0
OI002155,O02075,P0133,2,3354.69,6709.38
OI002156,O01105,P0090,3,12613.9,37841.7
OI002157,O02247,P0089,2,4453.48,8906.96
OI002158,O02823,P0010,1,16306.85,16306.85
OI002159,O00092,P0008,4,13546.3,54185.2
OI002160,O00851,P0012,4,8175.91,32703.64
OI002161,O01983,P0064,3,21300.48,63901.44
OI002162,O01108,P0118,4,6055.58,24222.32
OI002163,O00300,P0059,3,15054.8,45164.4
OI002164,O02344,P0195,2,17936.45,35872.9
OI002165,O02695,P0050,1,7647.9,7647.9
OI002166,O01478,P0151,3,401.81,1205.43
OI002167,O01305,P0040,2,21066.63,42133.26
OI002168,O01001,P0122,1,2616.04,2616.04
OI002169,O01083,P0097,4,24081.57,96326.28
OI002170,O02957,P0127,1,20367.86,20367.86
OI002171,O02919,P0087,1,15195.7,15195.7
OI002172,O01366,P0077,1,4420.76,4420.76
OI002173,O02801,P0121,4,7651.55,30606.2
OI002174,O02390,P0146,3,6569.35,19708.05
OI002175,O02110,P0149,3,13429.22,40287.66
OI002176,O00776,P0111,1,19540.96,19540.96
OI002177,O02673,P0129,2,7725.72,15451.44
OI002178,O01453,P0166,2,11952.85,23905.7
OI002179,O01682,P0041,1,13071.85,13071.85
OI002180,O01752,P0170,1,19646.91,19646.91
OI002181,O02304,P0137,2,9257.21,18514.42
OI002182,O02876,P0023,1,4465.04,4465.04
OI002183,O01852,P0078,1,17404.28,17404.28
OI002184,O01898,P0011,3,13370.65,40111.95
OI002185,O01730,P0071,3,21714.61,65143.83
OI002186,O01328,P0159,1,11414.0,11414.0
OI002187,O00615,P0026,1,13442.11,13442.11
OI002188,O00245,P0030,4,8754.53,35018.12
OI002189,O00757,P0162,3,12257.2,36771.6
OI002190,O00824,P0174,1,7953.63,7953.63
OI002191,O02828,P0102,4,12702.93,50811.72
OI002192,O02780,P0069,4,9577.52,38310.08
OI002193,O01847,P0133,4,3354.69,13418.76
OI002194,O01436,P0189,4,3839.21,15356.84
OI002195,O02926,P0166,3,11952.85,35858.55
OI002196,O01241,P0156,4,12247.57,48990.28
OI002197,O00516,P0154,3,20058.27,60174.81
OI002198,O00474,P0061,4,22992.86,91971.44
OI002199,O00036,P0106,4,5479.35,21917.4
OI002200,O01411,P0023,2,4465.04,8930.08
OI002201,O01793,P0174,3,7953.63,23860.89
OI002202,O01735,P0113,2,1548.28,3096.56
OI002203,O00830,P0030,2,8754.53,17509.06
OI002204,O01093,P0067,4,2997.52,11990.08
OI002205,O02414,P0161,3,2542.26,7626.78
OI002206,O01186,P0131,1,13223.33,13223.33
OI002207,O01763,P0197,4,1874.29,7497.16
OI002208,O00945,P0121,3,7651.55,22954.65
OI002209,O01512,P0083,2,3399.86,6799.72
OI002210,O00431,P0170,3,19646.91,58940.73
OI002211,O02023,P0062,4,12474.39,49897.56
OI002212,O00859,P0186,3,15386.95,46160.85
OI002213,O00230,P0057,2,9984.84,19969.68
OI002214,O02418,P0001,3,5743.74,17231.22
OI002215,O00178,P0102,3,12702.93,38108.79
OI002216,O01434,P0188,2,13008.36,26016.72
OI002217,O02616,P0069,4,9577.52,38310.08
OI002218,O01614,P0059,1,15054.8,15054.8
OI002219,O02841,P0046,2,20669.08,41338.16
OI002220,O01764,P0106,2,5479.35,10958.7
OI002221,O02948,P0034,4,5942.59,23770.36
OI002222,O01775,P0101,4,7864.22,31456.88
OI002223,O00975,P0097,3,24081.57,72244.71
OI002224,O00082,P0153,2,24399.26,48798.52
OI002225,O00846,P0170,3,19646.91,58940.73
OI002226,O02810,P0029,3,18928.47,56785.41
OI002227,O01217,P0153,4,24399.26,97597.04
OI002228,O00618,P0182,4,15966.32,63865.28
OI002229,O02264,P0123,3,17334.82,52004.46
OI002230,O02338,P0073,2,19771.76,39543.52
OI002231,O00445,P0195,2,17936.45,35872.9
OI002232,O00923,P0143,3,10462.23,31386.69
OI002233,O02600,P0004,1,13024.59,13024.59
OI002234,O00193,P0038,1,23182.32,23182.32
OI002235,O01663,P0020,4,1597.54,6390.16
OI002236,O00289,P0113,2,1548.28,3096.56
OI002237,O02631,P0023,3,4465.04,13395.12
OI002238,O01168,P0165,3,18460.19,55380.57
OI002239,O01431,P0190,2,18462.1,36924.2
OI002240,O01835,P0111,4,19540.96,78163.84
OI002241,O02905,P0136,4,4946.1,19784.4
OI002242,O01971,P0165,1,18460.19,18460.19
OI002243,O02829,P0045,2,3280.07,6560.14
OI002244,O00896,P0097,2,24081.57,48163.14
OI002245,O00920,P0033,3,23186.73,69560.19
OI002246,O02612,P0135,2,11299.64,22599.28
OI002247,O02035,P0022,1,23944.87,23944.87
OI002248,O01553,P0133,2,3354.69,6709.38
OI002249,O01701,P0015,3,24854.07,74562.21
OI002250,O02061,P0021,1,14101.19,14101.19
OI002251,O01726,P0126,3,24917.75,74753.25
OI002252,O02388,P0089,2,4453.48,8906.96
OI002253,O02913,P0017,4,13988.81,55955.24
OI002254,O01898,P0056,2,7707.56,15415.12
OI002255,O01800,P0050,2,7647.9,15295.8
OI002256,O00312,P0135,3,11299.64,33898.92
OI002257,O02781,P0118,4,6055.58,24222.32
OI002258,O01128,P0122,2,2616.04,5232.08
OI002259,O00339,P0050,1,7647.9,7647.9
OI002260,O02348,P0060,1,12940.42,12940.42
OI002261,O00359,P0125,3,12784.61,38353.83
OI002262,O02217,P0116,3,17406.38,52219.14
OI002263,O01173,P0135,4,11299.64,45198.56
OI002264,O02809,P0168,3,9922.46,29767.38
OI002265,O00768,P0173,4,19693.89,78775.56
OI002266,O02090,P0187,2,1759.64,3519.28
OI002267,O00202,P0088,1,19143.76,19143.76
OI002268,O01693,P0105,1,16056.58,16056.58
OI002269,O00464,P0055,1,13889.68,13889.68
OI002270,O00449,P0064,3,21300.48,63901.44
OI002271,O00913,P0193,3,1137.66,3412.98
OI002272,O00798,P0182,2,15966.32,31932.64
OI002273,O00794,P0096,3,3465.64,10396.92
OI002274,O00437,P0168,4,9922.46,39689.84
OI002275,O01917,P0181,1,11590.79,11590.79
OI002276,O01774,P0044,2,18906.23,37812.46
OI002277,O00531,P0191,4,12854.33,51417.32
OI002278,O00565,P0130,4,15635.01,62540.04
OI002279,O01621,P0149,3,13429.22,40287.66
OI002280,O01297,P0050,3,7647.9,22943.7
OI002281,O02920,P0111,1,19540.96,19540.96
OI002282,O00213,P0180,2,22553.87,45107.74
OI002283,O00949,P0137,4,9257.21,37028.84
OI002284,O01128,P0099,3,24148.97,72446.91
OI002285,O00192,P0148,3,3514.03,10542.09
OI002286,O01404,P0146,2,6569.35,13138.7
OI002287,O01991,P0084,2,21564.16,43128.32
OI002288,O01105,P0030,3,8754.53,26263.59
OI002289,O00705,P0065,3,5291.91,15875.73
OI002290,O00549,P0024,1,17281.12,17281.12
OI002291,O01862,P0175,2,17234.55,34469.1
OI002292,O00154,P0090,4,12613.9,50455.6
OI002293,O01666,P0106,3,5479.35,16438.05
OI002294,O00571,P0172,3,23887.83,71663.49
OI002295,O01785,P0157,3,2832.43,8497.29
OI002296,O02288,P0077,3,4420.76,13262.28
OI002297,O02422,P0068,1,20454.5,20454.5
OI002298,O00805,P0109,2,3885.42,7770.84
OI002299,O00799,P0145,3,577.89,1733.67
OI002300,O00611,P0097,2,24081.57,48163.14
OI002301,O02736,P0133,4,3354.69,13418.76
OI002302,O02822,P0092,4,3744.71,14978.84
OI002303,O01807,P0088,4,19143.76,76575.04
OI002304,O00143,P0050,4,7647.9,30591.6
OI002305,O00272,P0103,2,11043.84,22087.68
OI002306,O01556,P0112,4,11549.03,46196.12
OI002307,O02474,P0168,4,9922.46,39689.84
OI002308,O02094,P0046,3,20669.08,62007.24
OI002309,O02143,P0179,3,1056.82,3170.46
OI002310,O02112,P0011,3,13370.65,40111.95
OI002311,O02461,P0012,1,8175.91,8175.91
OI002312,O00459,P0141,3,19255.69,57767.07
OI002313,O01739,P0064,4,21300.48,85201.92
OI002314,O01433,P0008,2,13546.3,27092.6
OI002315,O02518,P0193,4,1137.66,4550.64
OI002316,O02858,P0009,2,22013.97,44027.94
OI002317,O00506,P0130,4,15635.01,62540.04
OI002318,O01710,P0078,1,17404.28,17404.28
OI002319,O01097,P0141,3,19255.69,57767.07
OI002320,O00084,P0002,4,8939.41,35757.64
OI002321,O00059,P0196,3,1894.9,5684.7
OI002322,O01045,P0176,1,10996.32,10996.32
OI002323,O01482,P0074,1,7686.51,7686.51
OI002324,O02966,P0131,3,13223.33,39669.99
OI002325,O02205,P0196,3,1894.9,5684.7
OI002326,O01353,P0134,2,22176.44,44352.88
OI002327,O01597,P0087,3,15195.7,45587.1
OI002328,O00576,P0005,3,1783.55,5350.65
OI002329,O02885,P0131,2,13223.33,26446.66
OI002330,O00680,P0138,4,10411.83,41647.32
OI002331,O00203,P0171,2,22312.91,44625.82
OI002332,O01130,P0147,4,19031.22,76124.88
OI002333,O00318,P0014,4,16770.23,67080.92
OI002334,O01206,P0149,4,13429.22,53716.88
OI002335,O01639,P0124,2,1651.07,3302.14
OI002336,O01797,P0043,2,2319.2,4638.4
OI002337,O00406,P0028,1,11314.24,11314.24
OI002338,O02997,P0149,4,13429.22,53716.88
OI002339,O02543,P0164,2,8184.43,16368.86
OI002340,O00679,P0024,1,17281.12,17281.12
OI002341,O01271,P0182,4,15966.32,63865.28
OI002342,O01890,P0166,2,11952.85,23905.7
OI002343,O01548,P0017,2,13988.81,27977.62
OI002344,O01644,P0150,2,5458.53,10917.06
OI002345,O01360,P0083,3,3399.86,10199.58
OI002346,O01446,P0045,1,3280.07,3280.07
OI002347,O00835,P0074,2,7686.51,15373.02
OI002348,O02242,P0189,3,3839.21,11517.63
OI002349,O02356,P0139,1,20705.69,20705.69
OI002350,O01669,P0061,1,22992.86,22992.86
OI002351,O01931,P0038,3,23182.32,69546.96
OI002352,O02554,P0066,1,23271.82,23271.82
OI002353,O00281,P0033,3,23186.73,69560.19
OI002354,O02723,P0043,4,2319.2,9276.8
OI002355,O01814,P0159,2,11414.0,22828.0
OI002356,O00933,P0112,3,11549.03,34647.09
OI002357,O02763,P0035,1,10042.97,10042.97
OI002358,O00608,P0037,1,24812.84,24812.84
OI002359,O00483,P0175,4,17234.55,68938.2
OI002360,O01247,P0100,4,10869.2,43476.8
OI002361,O01773,P0023,4,4465.04,17860.16
OI002362,O02165,P0164,4,8184.43,32737.72
OI002363,O00192,P0168,4,9922.46,39689.84
OI002364,O02836,P0089,2,4453.48,8906.96
OI002365,O02666,P0015,3,24854.07,74562.21
OI002366,O02018,P0165,4,18460.19,73840.76
OI002367,O02564,P0132,4,10709.48,42837.92
OI002368,O00307,P0150,2,5458.53,10917.06
OI002369,O00532,P0022,3,23944.87,71834.61
OI002370,O00122,P0078,4,17404.28,69617.12
OI002371,O02697,P0145,3,577.89,1733.67
OI002372,O00592,P0072,3,20167.54,60502.62
OI002373,O02918,P0098,2,13783.29,27566.58
OI002374,O01476,P0090,2,12613.9,25227.8
OI002375,O00059,P0109,4,3885.42,15541.68
OI002376,O02349,P0094,1,1797.49,1797.49
OI002377,O02601,P0080,2,24392.69,48785.38
OI002378,O01574,P0094,3,1797.49,5392.47
OI002379,O01141,P0080,3,24392.69,73178.07
OI002380,O01811,P0038,4,23182.32,92729.28
OI002381,O01806,P0152,4,6105.92,24423.68
OI002382,O00399,P0134,4,22176.44,88705.76
OI002383,O02563,P0196,3,1894.9,5684.7
OI002384,O02853,P0134,2,22176.44,44352.88
OI002385,O02546,P0026,1,13442.11,13442.11
OI002386,O00942,P0101,2,7864.22,15728.44
OI002387,O00528,P0169,1,11540.22,11540.22
OI002388,O02446,P0075,2,2114.89,4229.78
OI002389,O01775,P0038,4,23182.32,92729.28
OI002390,O01422,P0083,3,3399.86,10199.58
OI002391,O01670,P0171,1,22312.91,22312.91
OI002392,O01551,P0181,2,11590.79,23181.58
OI002393,O00436,P0143,3,10462.23,31386.69
OI002394,O00840,P0056,1,7707.56,7707.56
OI002395,O00360,P0105,1,16056.58,16056.58
OI002396,O01153,P0184,3,22388.43,67165.29
OI002397,O00864,P0031,4,16656.3,66625.2
OI002398,O02682,P0185,3,15953.08,47859.24
OI002399,O01651,P0179,4,1056.82,4227.28
OI002400,O01733,P0152,2,6105.92,12211.84
OI002401,O01246,P0058,2,11235.34,22470.68
OI002402,O02262,P0073,3,19771.76,59315.28
OI002403,O00916,P0132,4,10709.48,42837.92
OI002404,O02640,P0010,2,16306.85,32613.7
OI002405,O01799,P0191,4,12854.33,51417.32
OI002406,O02183,P0073,4,19771.76,79087.04
OI002407,O02802,P0015,4,24854.07,99416.28
OI002408,O00386,P0098,3,13783.29,41349.87
OI002409,O01327,P0063,4,24804.73,99218.92
OI002410,O01806,P0019,3,11683.62,35050.86
OI002411,O01586,P0113,2,1548.28,3096.56
OI002412,O01213,P0063,2,24804.73,49609.46
OI002413,O01550,P0116,1,17406.38,17406.38
OI002414,O00389,P0184,1,22388.43,22388.43
OI002415,O02792,P0021,2,14101.19,28202.38
OI002416,O00704,P0162,4,12257.2,49028.8
OI002417,O02973,P0145,4,577.89,2311.56
OI002418,O01739,P0146,2,6569.35,13138.7
OI002419,O02821,P0081,2,16060.2,32120.4
OI002420,O00864,P0066,1,23271.82,23271.82
OI002421,O01060,P0179,4,1056.82,4227.28
OI002422,O00079,P0065,2,5291.91,10583.82
OI002423,O01299,P0043,1,2319.2,2319.2
OI002424,O01302,P0057,1,9984.84,9984.84
OI002425,O00674,P0138,4,10411.83,41647.32
OI002426,O02360,P0037,1,24812.84,24812.84
OI002427,O00204,P0176,1,10996.32,10996.32
OI002428,O00985,P0120,3,3122.48,9367.44
OI002429,O01976,P0069,2,9577.52,19155.04
OI002430,O00017,P0056,4,7707.56,30830.24
OI002431,O00476,P0119,2,3642.01,7284.02
OI002432,O01017,P0164,3,8184.43,24553.29
OI002433,O00210,P0159,4,11414.0,45656.0
OI002434,O00499,P0055,2,13889.68,27779.36
OI002435,O00429,P0038,1,23182.32,23182.32
OI002436,O01330,P0015,4,24854.07,99416.28
OI002437,O02106,P0144,3,12085.47,36256.41
OI002438,O01554,P0077,1,4420.76,4420.76
OI002439,O01232,P0053,3,2282.3,6846.9
OI002440,O01535,P0184,1,22388.43,22388.43
OI002441,O01868,P0007,2,5919.43,11838.86
OI002442,O02570,P0185,2,15953.08,31906.16
OI002443,O02629,P0055,2,13889.68,27779.36
OI002444,O01877,P0052,3,9067.4,27202.2
OI002445,O00899,P0004,4,13024.59,52098.36
OI002446,O01107,P0043,2,2319.2,4638.4
OI002447,O02669,P0040,3,21066.63,63199.89
OI002448,O01068,P0121,1,7651.55,7651.55
OI002449,O01507,P0030,2,8754.53,17509.06
OI002450,O02958,P0138,1,10411.83,10411.83
OI002451,O01668,P0103,2,11043.84,22087.68
OI002452,O00493,P0007,1,5919.43,5919.43
OI002453,O02547,P0164,3,8184.43,24553.29
OI002454,O00605,P0163,2,3836.21,7672.42
OI002455,O00948,P0167,3,9459.62,28378.86
OI002456,O00294,P0164,3,8184.43,24553.29
OI002457,O01172,P0109,1,3885.42,3885.42
OI002458,O02019,P0020,2,1597.54,3195.08
OI002459,O00172,P0049,4,1000.39,4001.56
OI002460,O01587,P0096,4,3465.64,13862.56
OI002461,O00531,P0059,3,15054.8,45164.4
OI002462,O01144,P0177,1,6441.3,6441.3
OI002463,O01860,P0090,1,12613.9,12613.9
OI002464,O01761,P0026,1,13442.11,13442.11
OI002465,O02114,P0036,2,3895.16,7790.32
OI002466,O02189,P0171,2,22312.91,44625.82
OI002467,O02494,P0126,1,24917.75,24917.75
OI002468,O00189,P0043,4,2319.2,9276.8
OI002469,O00158,P0099,4,24148.97,96595.88
OI002470,O02718,P0033,2,23186.73,46373.46
OI002471,O01971,P0100,1,10869.2,10869.2
OI002472,O00246,P0097,4,24081.57,96326.28
OI002473,O02904,P0173,4,19693.89,78775.56
OI002474,O02992,P0045,2,3280.07,6560.14
OI002475,O02796,P0088,2,19143.76,38287.52
OI002476,O02378,P0143,4,10462.23,41848.92
OI002477,O02560,P0095,1,742.72,742.72
OI002478,O00850,P0017,4,13988.81,55955.24
OI002479,O01811,P0140,4,18367.0,73468.0
OI002480,O01095,P0022,1,23944.87,23944.87
OI002481,O01337,P0151,2,401.81,803.62
OI002482,O02127,P0090,1,12613.9,12613.9
OI002483,O00169,P0078,1,17404.28,17404.28
OI002484,O02858,P0140,1,18367.0,18367.0
OI002485,O02228,P0114,1,24872.17,24872.17
OI002486,O01652,P0068,2,20454.5,40909.0
OI002487,O02308,P0110,4,1627.61,6510.44
OI002488,O01510,P0179,3,1056.82,3170.46
OI002489,O01796,P0125,2,12784.61,25569.22
OI002490,O02345,P0141,1,19255.69,19255.69
OI002491,O00620,P0057,4,9984.84,39939.36
OI002492,O02903,P0055,4,13889.68,55558.72
OI002493,O02408,P0082,1,20579.77,20579.77
OI002494,O02165,P0107,2,15527.74,31055.48
OI002495,O00357,P0156,1,12247.57,12247.57
OI002496,O02487,P0102,4,12702.93,50811.72
OI002497,O01678,P0172,4,23887.83,95551.32
OI002498,O01212,P0147,2,19031.22,38062.44
OI002499,O01305,P0174,3,7953.63,23860.89
OI002500,O01535,P0111,1,19540.96,19540.96
OI002501,O01490,P0107,3,15527.74,46583.22
OI002502,O01964,P0102,4,12702.93,50811.72
OI002503,O01362,P0003,3,1828.65,5485.95
OI002504,O02570,P0148,1,3514.03,3514.03
OI002505,O00199,P0025,1,5103.25,5103.25
OI002506,O01788,P0075,4,2114.89,8459.56
OI002507,O01074,P0184,2,22388.43,44776.86
OI002508,O01166,P0061,2,22992.86,45985.72
OI002509,O01807,P0123,4,17334.82,69339.28
OI002510,O01538,P0055,1,13889.68,13889.68
OI002511,O02718,P0163,2,3836.21,7672.42
OI002512,O00031,P0187,3,1759.64,5278.92
OI002513,O02381,P0039,4,13544.93,54179.72
OI002514,O00660,P0185,3,15953.08,47859.24
OI002515,O02225,P0083,1,3399.86,3399.86
OI002516,O02418,P0195,2,17936.45,35872.9
OI002517,O00547,P0034,1,5942.59,5942.59
OI002518,O02583,P0113,3,1548.28,4644.84
OI002519,O01130,P0169,1,11540.22,11540.22
OI002520,O02145,P0150,1,5458.53,5458.53
OI002521,O02278,P0027,4,2507.24,10028.96
OI002522,O02275,P0149,4,13429.22,53716.88
OI002523,O00371,P0169,1,11540.22,11540.22
OI002524,O01124,P0031,4,16656.3,66625.2
OI002525,O01469,P0155,1,23993.46,23993.46
OI002526,O01492,P0165,3,18460.19,55380.57
OI002527,O02103,P0194,4,2211.32,8845.28
OI002528,O02472,P0182,1,15966.32,15966.32
OI002529,O02363,P0137,4,9257.21,37028.84
OI002530,O01152,P0083,1,3399.86,3399.86
OI002531,O02080,P0170,4,19646.91,78587.64
OI002532,O00093,P0164,2,8184.43,16368.86
OI002533,O02567,P0010,1,16306.85,16306.85
OI002534,O01282,P0187,2,1759.64,3519.28
OI002535,O02901,P0040,1,21066.63,21066.63
OI002536,O01926,P0054,2,23430.25,46860.5
OI002537,O01244,P0167,1,9459.62,9459.62
OI002538,O02800,P0135,4,11299.64,45198.56
OI002539,O01572,P0004,2,13024.59,26049.18
OI002540,O00416,P0143,4,10462.23,41848.92
OI002541,O02605,P0176,1,10996.32,10996.32
OI002542,O02414,P0006,4,20028.88,80115.52
OI002543,O01545,P0073,1,19771.76,19771.76
OI002544,O02647,P0163,4,3836.21,15344.84
OI002545,O02379,P0200,2,18463.96,36927.92
OI002546,O00689,P0199,1,23916.88,23916.88
OI002547,O01666,P0196,4,1894.9,7579.6
OI002548,O02059,P0058,1,11235.34,11235.34
OI002549,O02866,P0077,1,4420.76,4420.76
OI002550,O01531,P0019,1,11683.62,11683.62
OI002551,O00419,P0062,3,12474.39,37423.17
OI002552,O01146,P0071,1,21714.61,21714.61
OI002553,O00911,P0138,4,10411.83,41647.32
OI002554,O01355,P0025,3,5103.25,15309.75
OI002555,O01567,P0172,4,23887.83,95551.32
OI002556,O02396,P0127,3,20367.86,61103.58
OI002557,O00412,P0058,1,11235.34,11235.34
OI002558,O01248,P0153,2,24399.26,48798.52
OI002559,O00153,P0120,2,3122.48,6244.96
OI002560,O01236,P0111,1,19540.96,19540.96
OI002561,O00092,P0168,3,9922.46,29767.38
OI002562,O00331,P0076,4,10134.21,40536.84
OI002563,O01665,P0070,2,21961.56,43923.12
OI002564,O00955,P0138,1,10411.83,10411.83
OI002565,O02602,P0066,1,23271.82,23271.82
OI002566,O02978,P0120,3,3122.48,9367.44
OI002567,O01252,P0153,2,24399.26,48798.52
OI002568,O00194,P0199,1,23916.88,23916.88
OI002569,O00530,P0087,2,15195.7,30391.4
OI002570,O02893,P0139,4,20705.69,82822.76
OI002571,O01267,P0122,1,2616.04,2616.04
OI002572,O01474,P0164,1,8184.43,8184.43
OI002573,O00639,P0049,4,1000.39,4001.56
OI002574,O01611,P0048,1,17747.74,17747.74
OI002575,O01598,P0115,3,1538.74,4616.22
OI002576,O02526,P0087,4,15195.7,60782.8
OI002577,O02528,P0007,3,5919.43,17758.29
OI002578,O02336,P0077,4,4420.76,17683.04
OI002579,O00698,P0179,4,1056.82,4227.28
OI002580,O02046,P0145,3,577.89,1733.67
OI002581,O01702,P0160,4,21124.49,84497.96
OI002582,O02743,P0154,2,20058.27,40116.54
OI002583,O00540,P0121,3,7651.55,22954.65
OI002584,O00330,P0124,4,1651.07,6604.28
OI002585,O00470,P0150,3,5458.53,16375.59
OI002586,O02897,P0141,4,19255.69,77022.76
OI002587,O00534,P0125,4,12784.61,51138.44
OI002588,O01963,P0012,2,8175.91,16351.82
OI002589,O00467,P0071,2,21714.61,43429.22
OI002590,O02468,P0001,2,5743.74,11487.48
OI002591,O00762,P0161,4,2542.26,10169.04
OI002592,O01006,P0119,2,3642.01,7284.02
OI002593,O00891,P0142,3,374.68,1124.04
OI002594,O02356,P0111,4,19540.96,78163.84
OI002595,O01956,P0064,3,21300.48,63901.44
OI002596,O02972,P0043,2,2319.2,4638.4
OI002597,O02382,P0186,4,15386.95,61547.8
OI002598,O00954,P0041,3,13071.85,39215.55
OI002599,O01444,P0196,1,1894.9,1894.9
OI002600,O01673,P0115,3,1538.74,4616.22
OI002601,O02837,P0039,4,13544.93,54179.72
OI002602,O00832,P0001,1,5743.74,5743.74
OI002603,O00844,P0041,2,13071.85,26143.7
OI002604,O02298,P0173,2,19693.89,39387.78
OI002605,O01320,P0088,3,19143.76,57431.28
OI002606,O00184,P0098,2,13783.29,27566.58
OI002607,O01284,P0088,3,19143.76,57431.28
OI002608,O02847,P0079,3,8717.88,26153.64
OI002609,O01691,P0141,3,19255.69,57767.07
OI002610,O02234,P0071,3,21714.61,65143.83
OI002611,O01433,P0137,4,9257.21,37028.84
OI002612,O02886,P0191,4,12854.33,51417.32
OI002613,O01797,P0099,1,24148.97,24148.97
OI002614,O00627,P0151,1,401.81,401.81
OI002615,O02907,P0182,2,15966.32,31932.64
OI002616,O02056,P0175,4,17234.55,68938.2
OI002617,O00783,P0167,1,9459.62,9459.62
OI002618,O01508,P0087,4,15195.7,60782.8
OI002619,O01785,P0154,4,20058.27,80233.08
OI002620,O00775,P0001,2,5743.74,11487.48
OI002621,O01760,P0142,2,374.68,749.36
OI002622,O01864,P0112,3,11549.03,34647.09
OI002623,O01007,P0074,4,7686.51,30746.04
OI002624,O00677,P0065,3,5291.91,15875.73
OI002625,O01831,P0069,3,9577.52,28732.56
OI002626,O00211,P0067,3,2997.52,8992.56
OI002627,O01337,P0177,4,6441.3,25765.2
OI002628,O01628,P0050,4,7647.9,30591.6
OI002629,O01361,P0058,3,11235.34,33706.02
OI002630,O00490,P0053,4,2282.3,9129.2
OI002631,O01427,P0091,3,10026.71,30080.13
OI002632,O02687,P0115,1,1538.74,1538.74
OI002633,O00191,P0118,4,6055.58,24222.32
OI002634,O02719,P0057,2,9984.84,19969.68
OI002635,O00843,P0086,2,12227.84,24455.68
OI002636,O00335,P0018,3,18293.2,54879.6
OI002637,O01643,P0016,1,16579.8,16579.8
OI002638,O01111,P0130,4,15635.01,62540.04
OI002639,O00579,P0013,3,8391.75,25175.25
OI002640,O00062,P0173,1,19693.89,19693.89
OI002641,O00387,P0080,1,24392.69,24392.69
OI002642,O01170,P0200,4,18463.96,73855.84
OI002643,O02201,P0043,2,2319.2,4638.4
OI002644,O00619,P0200,2,18463.96,36927.92
OI002645,O01684,P0054,1,23430.25,23430.25
OI002646,O02746,P0159,2,11414.0,22828.0
OI002647,O01878,P0137,1,9257.21,9257.21
OI002648,O02226,P0073,1,19771.76,19771.76
OI002649,O02895,P0048,1,17747.74,17747.74
OI002650,O00487,P0018,2,18293.2,36586.4
OI002651,O01278,P0011,3,13370.65,40111.95
OI002652,O02548,P0190,2,18462.1,36924.2
OI002653,O00541,P0084,3,21564.16,64692.48
OI002654,O01536,P0019,2,11683.62,23367.24
OI002655,O02061,P0100,4,10869.2,43476.8
OI002656,O00151,P0116,4,17406.38,69625.52
OI002657,O01074,P0090,2,12613.9,25227.8
OI002658,O01239,P0074,4,7686.51,30746.04
OI002659,O00991,P0024,4,17281.12,69124.48
OI002660,O02692,P0013,4,8391.75,33567.0
OI002661,O00372,P0125,4,12784.61,51138.44
OI002662,O01137,P0116,3,17406.38,52219.14
OI002663,O02300,P0174,1,7953.63,7953.63
OI002664,O02101,P0181,3,11590.79,34772.37
OI002665,O01154,P0157,1,2832.43,2832.43
OI002666,O00193,P0164,1,8184.43,8184.43
OI002667,O02639,P0071,2,21714.61,43429.22
OI002668,O01081,P0126,2,24917.75,49835.5
OI002669,O02145,P0145,2,577.89,1155.78
OI002670,O00198,P0176,2,10996.32,21992.64
OI002671,O02195,P0152,2,6105.92,12211.84
OI002672,O01599,P0182,3,15966.32,47898.96
OI002673,O01601,P0119,3,3642.01,10926.03
OI002674,O02771,P0091,4,10026.71,40106.84
OI002675,O00684,P0085,3,23076.65,69229.95
OI002676,O00333,P0108,3,16290.01,48870.03
OI002677,O01244,P0127,2,20367.86,40735.72
OI002678,O01422,P0121,4,7651.55,30606.2
OI002679,O01366,P0129,3,7725.72,23177.16
OI002680,O01822,P0195,3,17936.45,53809.35
OI002681,O02560,P0006,4,20028.88,80115.52
OI002682,O02220,P0078,1,17404.28,17404.28
OI002683,O01492,P0183,2,16517.91,33035.82
OI002684,O01772,P0038,3,23182.32,69546.96
OI002685,O02011,P0161,3,2542.26,7626.78
OI002686,O02612,P0116,4,17406.38,69625.52
OI002687,O02560,P0102,3,12702.93,38108.79
OI002688,O01213,P0008,2,13546.3,27092.6
OI002689,O01144,P0078,3,17404.28,52212.84
OI002690,O00105,P0112,1,11549.03,11549.03
OI002691,O02722,P0148,2,3514.03,7028.06
OI002692,O00807,P0055,1,13889.68,13889.68
OI002693,O01065,P0048,4,17747.74,70990.96
OI002694,O00889,P0184,2,22388.43,44776.86
OI002695,O02924,P0088,3,19143.76,57431.28
OI002696,O02725,P0010,2,16306.85,32613.7
OI002697,O00321,P0052,2,9067.4,18134.8
OI002698,O02383,P0178,2,21037.7,42075.4
OI002699,O02312,P0034,1,5942.59,5942.59
OI002700,O02913,P0164,4,8184.43,32737.72
OI002701,O01501,P0061,2,22992.86,45985.72
OI002702,O02400,P0144,3,12085.47,36256.41
OI002703,O01569,P0079,2,8717.88,17435.76
OI002704,O01797,P0018,2,18293.2,36586.4
OI002705,O01520,P0071,4,21714.61,86858.44
OI002706,O01919,P0175,3,17234.55,51703.65
OI002707,O01866,P0086,3,12227.84,36683.52
OI002708,O01406,P0032,1,19906.7,19906.7
OI002709,O02724,P0043,3,2319.2,6957.6
OI002710,O01505,P0083,3,3399.86,10199.58
OI002711,O02967,P0168,3,9922.46,29767.38
OI002712,O01960,P0193,2,1137.66,2275.32
OI002713,O00005,P0163,1,3836.21,3836.21
OI002714,O02082,P0069,3,9577.52,28732.56
OI002715,O01169,P0050,3,7647.9,22943.7
OI002716,O02399,P0012,3,8175.91,24527.73
OI002717,O02631,P0085,2,23076.65,46153.3
OI002718,O02513,P0123,2,17334.82,34669.64
OI002719,O00348,P0058,1,11235.34,11235.34
OI002720,O01766,P0083,4,3399.86,13599.44
OI002721,O00125,P0191,1,12854.33,12854.33
OI002722,O01814,P0177,2,6441.3,12882.6
OI002723,O02405,P0112,3,11549.03,34647.09
OI002724,O02575,P0128,3,15418.96,46256.88
OI002725,O00498,P0036,1,3895.16,3895.16
OI002726,O01177,P0054,3,23430.25,70290.75
OI002727,O00053,P0047,2,19572.5,39145.0
OI002728,O00149,P0115,1,1538.74,1538.74
OI002729,O00503,P0160,4,21124.49,84497.96
OI002730,O00870,P0124,2,1651.07,3302.14
OI002731,O00219,P0181,2,11590.79,23181.58
OI002732,O01301,P0160,3,21124.49,63373.47
OI002733,O02500,P0190,2,18462.1,36924.2
OI002734,O02131,P0165,2,18460.19,36920.38
OI002735,O00738,P0096,4,3465.64,13862.56
OI002736,O02575,P0107,3,15527.74,46583.22
OI002737,O02452,P0120,2,3122.48,6244.96
OI002738,O00290,P0101,3,7864.22,23592.66
OI002739,O02468,P0103,2,11043.84,22087.68
OI002740,O00339,P0166,4,11952.85,47811.4
OI002741,O02825,P0158,3,13744.19,41232.57
OI002742,O02759,P0186,3,15386.95,46160.85
OI002743,O01694,P0032,4,19906.7,79626.8
OI002744,O01869,P0066,1,23271.82,23271.82
OI002745,O00987,P0179,2,1056.82,2113.64
OI002746,O00959,P0011,2,13370.65,26741.3
OI002747,O01231,P0187,1,1759.64,1759.64
OI002748,O02734,P0148,3,3514.03,10542.09
OI002749,O01289,P0037,3,24812.84,74438.52
OI002750,O02007,P0102,4,12702.93,50811.72
OI002751,O00373,P0049,4,1000.39,4001.56
OI002752,O01512,P0019,4,11683.62,46734.48
OI002753,O00531,P0183,1,16517.91,16517.91
OI002754,O00924,P0168,1,9922.46,9922.46
OI002755,O00023,P0007,3,5919.43,17758.29
OI002756,O02152,P0133,4,3354.69,13418.76
OI002757,O00241,P0042,3,15627.28,46881.84
OI002758,O01005,P0088,1,19143.76,19143.76
OI002759,O02951,P0176,2,10996.32,21992.64
OI002760,O01897,P0135,3,11299.64,33898.92
OI002761,O01166,P0011,1,13370.65,13370.65
OI002762,O00814,P0177,4,6441.3,25765.2
OI002763,O00655,P0158,2,13744.19,27488.38
OI002764,O00783,P0041,2,13071.85,26143.7
OI002765,O02355,P0003,2,1828.65,3657.3
OI002766,O00008,P0040,4,21066.63,84266.52
OI002767,O01715,P0051,2,6651.5,13303.0
OI002768,O00575,P0032,1,19906.7,19906.7
OI002769,O00912,P0048,3,17747.74,53243.22
OI002770,O00518,P0071,2,21714.61,43429.22
OI002771,O01542,P0199,2,23916.88,47833.76
OI002772,O00483,P0148,1,3514.03,3514.03
OI002773,O02255,P0089,4,4453.48,17813.92
OI002774,O02717,P0109,2,3885.42,7770.84
OI002775,O00579,P0035,1,10042.97,10042.97
OI002776,O00387,P0108,1,16290.01,16290.01
OI002777,O00412,P0152,4,6105.92,24423.68
OI002778,O01866,P0040,4,21066.63,84266.52
OI002779,O01394,P0052,3,9067.4,27202.2
OI002780,O01377,P0112,2,11549.03,23098.06
OI002781,O01968,P0039,3,13544.93,40634.79
OI002782,O01360,P0068,1,20454.5,20454.5
OI002783,O02939,P0189,2,3839.21,7678.42
OI002784,O00906,P0076,1,10134.21,10134.21
OI002785,O01313,P0065,1,5291.91,5291.91
OI002786,O00963,P0062,1,12474.39,12474.39
OI002787,O00965,P0002,4,8939.41,35757.64
OI002788,O02188,P0134,4,22176.44,88705.76
OI002789,O01977,P0122,2,2616.04,5232.08
OI002790,O02348,P0075,1,2114.89,2114.89
OI002791,O01037,P0171,1,22312.91,22312.91
OI002792,O00664,P0040,2,21066.63,42133.26
OI002793,O00825,P0089,3,4453.48,13360.44
OI002794,O01888,P0167,1,9459.62,9459.62
OI002795,O02448,P0028,4,11314.24,45256.96
OI002796,O00992,P0080,3,24392.69,73178.07
OI002797,O01133,P0063,3,24804.73,74414.19
OI002798,O02197,P0192,3,17037.67,51113.01
OI002799,O01740,P0140,3,18367.0,55101.0
OI002800,O02355,P0041,3,13071.85,39215.55
OI002801,O01084,P0029,3,18928.47,56785.41
OI002802,O00435,P0023,2,4465.04,8930.08
OI002803,O00021,P0080,2,24392.69,48785.38
OI002804,O02923,P0051,3,6651.5,19954.5
OI002805,O02430,P0112,4,11549.03,46196.12
OI002806,O02293,P0105,2,16056.58,32113.16
OI002807,O01926,P0045,2,3280.07,6560.14
OI002808,O01473,P0090,3,12613.9,37841.7
OI002809,O01100,P0150,4,5458.53,21834.12
OI002810,O02746,P0138,3,10411.83,31235.49
OI002811,O02638,P0135,4,11299.64,45198.56
OI002812,O00390,P0089,4,4453.48,17813.92
OI002813,O02616,P0015,1,24854.07,24854.07
OI002814,O01355,P0077,2,4420.76,8841.52
OI002815,O02307,P0106,3,5479.35,16438.05
OI002816,O00426,P0174,2,7953.63,15907.26
OI002817,O01726,P0090,2,12613.9,25227.8
OI002818,O01030,P0087,4,15195.7,60782.8
OI002819,O00006,P0061,2,22992.86,45985.72
OI002820,O00191,P0108,1,16290.01,16290.01
OI002821,O00148,P0061,3,22992.86,68978.58
OI002822,O00405,P0051,2,6651.5,13303.0
OI002823,O00258,P0166,3,11952.85,35858.55
OI002824,O02778,P0012,2,8175.91,16351.82
OI002825,O02138,P0077,3,4420.76,13262.28
OI002826,O00824,P0112,3,11549.03,34647.09
OI002827,O00010,P0066,3,23271.82,69815.46
OI002828,O01111,P0182,2,15966.32,31932.64
OI002829,O00838,P0167,1,9459.62,9459.62
OI002830,O00988,P0167,3,9459.62,28378.86
OI002831,O00625,P0115,4,1538.74,6154.96
OI002832,O00030,P0030,4,8754.53,35018.12
OI002833,O02176,P0105,4,16056.58,64226.32
OI002834,O02469,P0176,1,10996.32,10996.32
OI002835,O01079,P0031,3,16656.3,49968.9
OI002836,O02353,P0153,1,24399.26,24399.26
OI002837,O00546,P0196,3,1894.9,5684.7
OI002838,O01129,P0179,1,1056.82,1056.82
OI002839,O01196,P0013,3,8391.75,25175.25
OI002840,O01523,P0191,4,12854.33,51417.32
OI002841,O02070,P0128,3,15418.96,46256.88
OI002842,O02439,P0170,1,19646.91,19646.91
OI002843,O00617,P0182,3,15966.32,47898.96
OI002844,O00149,P0101,2,7864.22,15728.44
OI002845,O01812,P0067,3,2997.52,8992.56
OI002846,O02347,P0080,4,24392.69,97570.76
OI002847,O00172,P0184,3,22388.43,67165.29
OI002848,O00047,P0103,2,11043.84,22087.68
OI002849,O00626,P0019,2,11683.62,23367.24
OI002850,O01811,P0174,2,7953.63,15907.26
OI002851,O02255,P0143,1,10462.23,10462.23
OI002852,O00453,P0032,2,19906.7,39813.4
OI002853,O01419,P0177,1,6441.3,6441.3
OI002854,O02973,P0149,2,13429.22,26858.44
OI002855,O00754,P0065,1,5291.91,5291.91
OI002856,O02756,P0198,2,401.5,803.0
OI002857,O01009,P0027,2,2507.24,5014.48
OI002858,O02724,P0151,3,401.81,1205.43
OI002859,O02903,P0047,2,19572.5,39145.0
OI002860,O02831,P0012,3,8175.91,24527.73
OI002861,O01134,P0085,2,23076.65,46153.3
OI002862,O02732,P0066,2,23271.82,46543.64
OI002863,O02912,P0133,3,3354.69,10064.07
OI002864,O01226,P0137,3,9257.21,27771.63
OI002865,O00168,P0148,1,3514.03,3514.03
OI002866,O00086,P0110,4,1627.61,6510.44
OI002867,O01678,P0082,3,20579.77,61739.31
OI002868,O01983,P0125,1,12784.61,12784.61
OI002869,O00849,P0063,2,24804.73,49609.46
OI002870,O01487,P0072,3,20167.54,60502.62
OI002871,O00442,P0098,3,13783.29,41349.87
OI002872,O00271,P0073,2,19771.76,39543.52
OI002873,O01601,P0071,2,21714.61,43429.22
OI002874,O00344,P0030,2,8754.53,17509.06
OI002875,O01207,P0125,2,12784.61,25569.22
OI002876,O02551,P0016,4,16579.8,66319.2
OI002877,O02542,P0133,3,3354.69,10064.07
OI002878,O01258,P0157,2,2832.43,5664.86
OI002879,O02292,P0047,2,19572.5,39145.0
OI002880,O01533,P0101,4,7864.22,31456.88
OI002881,O00267,P0107,3,15527.74,46583.22
OI002882,O01654,P0126,1,24917.75,24917.75
OI002883,O00893,P0022,3,23944.87,71834.61
OI002884,O02249,P0185,1,15953.08,15953.08
OI002885,O00239,P0083,4,3399.86,13599.44
OI002886,O00915,P0163,2,3836.21,7672.42
OI002887,O01439,P0060,4,12940.42,51761.68
OI002888,O02532,P0198,3,401.5,1204.5
OI002889,O01461,P0188,2,13008.36,26016.72
OI002890,O02294,P0058,3,11235.34,33706.02
OI002891,O01882,P0003,1,1828.65,1828.65
OI002892,O02200,P0162,3,12257.2,36771.6
OI002893,O01416,P0045,4,3280.07,13120.28
OI002894,O02259,P0050,4,7647.9,30591.6
OI002895,O00367,P0002,4,8939.41,35757.64
OI002896,O02992,P0015,2,24854.07,49708.14
OI002897,O01594,P0165,3,18460.19,55380.57
OI002898,O00086,P0143,2,10462.23,20924.46
OI002899,O01737,P0188,3,13008.36,39025.08
OI002900,O01658,P0096,1,3465.64,3465.64
OI002901,O02042,P0085,3,23076.65,69229.95
OI002902,O02494,P0192,3,17037.67,51113.01
OI002903,O00620,P0111,3,19540.96,58622.88
OI002904,O02352,P0180,3,22553.87,67661.61
OI002905,O00132,P0023,1,4465.04,4465.04
OI002906,O00904,P0099,2,24148.97,48297.94
OI002907,O00988,P0037,4,24812.84,99251.36
OI002908,O01222,P0107,3,15527.74,46583.22
OI002909,O02095,P0041,4,13071.85,52287.4
OI002910,O01764,P0057,4,9984.84,39939.36
OI002911,O02805,P0097,4,24081.57,96326.28
OI002912,O01227,P0025,4,5103.25,20413.0
OI002913,O01285,P0110,3,1627.61,4882.83
OI002914,O00690,P0037,4,24812.84,99251.36
OI002915,O01048,P0040,3,21066.63,63199.89
OI002916,O00687,P0085,1,23076.65,23076.65
OI002917,O00786,P0046,2,20669.08,41338.16
OI002918,O00340,P0188,2,13008.36,26016.72
OI002919,O00412,P0102,3,12702.93,38108.79
OI002920,O01997,P0098,3,13783.29,41349.87
OI002921,O00286,P0019,2,11683.62,23367.24
OI002922,O01110,P0091,4,10026.71,40106.84
OI002923,O00850,P0137,3,9257.21,27771.63
OI002924,O00430,P0069,4,9577.52,38310.08
OI002925,O01605,P0005,3,1783.55,5350.65
OI002926,O00031,P0154,3,20058.27,60174.81
OI002927,O00603,P0147,1,19031.22,19031.22
OI002928,O00440,P0158,1,13744.19,13744.19
OI002929,O00985,P0048,2,17747.74,35495.48
OI002930,O01373,P0112,1,11549.03,11549.03
OI002931,O01919,P0144,1,12085.47,12085.47
OI002932,O00412,P0199,2,23916.88,47833.76
OI002933,O00528,P0018,4,18293.2,73172.8
OI002934,O00310,P0184,1,22388.43,22388.43
OI002935,O02997,P0149,4,13429.22,53716.88
OI002936,O01812,P0031,2,16656.3,33312.6
OI002937,O01362,P0129,3,7725.72,23177.16
OI002938,O02722,P0131,4,13223.33,52893.32
OI002939,O02039,P0025,2,5103.25,10206.5
OI002940,O02485,P0008,4,13546.3,54185.2
OI002941,O00704,P0193,2,1137.66,2275.32
OI002942,O00663,P0062,2,12474.39,24948.78
OI002943,O00365,P0135,3,11299.64,33898.92
OI002944,O00923,P0007,4,5919.43,23677.72
OI002945,O02161,P0136,3,4946.1,14838.3
OI002946,O00176,P0019,3,11683.62,35050.86
OI002947,O01173,P0145,4,577.89,2311.56
OI002948,O01202,P0139,4,20705.69,82822.76
OI002949,O00936,P0111,2,19540.96,39081.92
OI002950,O00382,P0177,4,6441.3,25765.2
OI002951,O01283,P0011,2,13370.65,26741.3
OI002952,O01213,P0041,2,13071.85,26143.7
OI002953,O00306,P0190,2,18462.1,36924.2
OI002954,O01402,P0114,2,24872.17,49744.34
OI002955,O00602,P0180,2,22553.87,45107.74
OI002956,O02391,P0194,2,2211.32,4422.64
OI002957,O02204,P0196,4,1894.9,7579.6
OI002958,O00712,P0092,4,3744.71,14978.84
OI002959,O01466,P0075,1,2114.89,2114.89
OI002960,O00403,P0067,4,2997.52,11990.08
OI002961,O00614,P0168,3,9922.46,29767.38
OI002962,O02845,P0005,1,1783.55,1783.55
OI002963,O02671,P0116,4,17406.38,69625.52
OI002964,O01802,P0150,3,5458.53,16375.59
OI002965,O02651,P0118,4,6055.58,24222.32
OI002966,O00177,P0165,2,18460.19,36920.38
OI002967,O00449,P0011,1,13370.65,13370.65
OI002968,O00743,P0044,2,18906.23,37812.46
OI002969,O01565,P0181,1,11590.79,11590.79
OI002970,O01979,P0077,1,4420.76,4420.76
OI002971,O02349,P0118,2,6055.58,12111.16
OI002972,O02755,P0116,1,17406.38,17406.38
OI002973,O00307,P0189,1,3839.21,3839.21
OI002974,O00751,P0067,4,2997.52,11990.08
OI002975,O00869,P0013,3,8391.75,25175.25
OI002976,O00214,P0092,2,3744.71,7489.42
OI002977,O01618,P0011,4,13370.65,53482.6
OI002978,O01664,P0139,4,20705.69,82822.76
OI002979,O02531,P0085,2,23076.65,46153.3
OI002980,O01598,P0085,1,23076.65,23076.65
OI002981,O02181,P0135,2,11299.64,22599.28
OI002982,O01673,P0017,3,13988.81,41966.43
OI002983,O00512,P0048,3,17747.74,53243.22
OI002984,O02259,P0142,2,374.68,749.36
OI002985,O00987,P0191,4,12854.33,51417.32
OI002986,O02765,P0192,2,17037.67,34075.34
OI002987,O00253,P0097,3,24081.57,72244.71
OI002988,O00038,P0075,2,2114.89,4229.78
OI002989,O00629,P0193,1,1137.66,1137.66
OI002990,O00987,P0162,2,12257.2,24514.4
OI002991,O01726,P0137,4,9257.21,37028.84
OI002992,O02094,P0077,1,4420.76,4420.76
OI002993,O01478,P0128,3,15418.96,46256.88
OI002994,O01702,P0037,2,24812.84,49625.68
OI002995,O00305,P0030,4,8754.53,35018.12
OI002996,O01739,P0169,4,11540.22,46160.88
OI002997,O02281,P0173,3,19693.89,59081.67
OI002998,O00245,P0047,2,19572.5,39145.0
OI002999,O01745,P0135,4,11299.64,45198.56
OI003000,O02808,P0142,1,374.68,374.68
OI003001,O02887,P0048,2,17747.74,35495.48
OI003002,O02206,P0134,3,22176.44,66529.32
OI003003,O01025,P0034,1,5942.59,5942.59
OI003004,O00217,P0101,2,7864.22,15728.44
OI003005,O02976,P0046,4,20669.08,82676.32
OI003006,O00507,P0187,3,1759.64,5278.92
OI003007,O00761,P0070,3,21961.56,65884.68
OI003008,O02952,P0136,2,4946.1,9892.2
OI003009,O02629,P0024,3,17281.12,51843.36
OI003010,O01054,P0067,1,2997.52,2997.52
OI003011,O02675,P0004,2,13024.59,26049.18
OI003012,O02568,P0001,1,5743.74,5743.74
OI003013,O01905,P0034,3,5942.59,17827.77
OI003014,O00275,P0109,3,3885.42,11656.26
OI003015,O00492,P0009,3,22013.97,66041.91
OI003016,O00827,P0063,1,24804.73,24804.73
OI003017,O00951,P0010,3,16306.85,48920.55
OI003018,O02974,P0138,2,10411.83,20823.66
OI003019,O02895,P0178,4,21037.7,84150.8
OI003020,O01179,P0044,2,18906.23,37812.46
OI003021,O01101,P0118,4,6055.58,24222.32
OI003022,O01637,P0176,3,10996.32,32988.96
OI003023,O01456,P0006,2,20028.88,40057.76
OI003024,O00039,P0121,1,7651.55,7651.55
OI003025,O02287,P0152,4,6105.92,24423.68
OI003026,O02170,P0095,1,742.72,742.72
OI003027,O00144,P0111,4,19540.96,78163.84
OI003028,O02732,P0186,3,15386.95,46160.85
OI003029,O02503,P0105,2,16056.58,32113.16
OI003030,O02416,P0064,4,21300.48,85201.92
OI003031,O00759,P0184,2,22388.43,44776.86
OI003032,O00247,P0140,4,18367.0,73468.0
OI003033,O02971,P0163,4,3836.21,15344.84
OI003034,O00765,P0071,3,21714.61,65143.83
OI003035,O02423,P0104,4,2731.05,10924.2
OI003036,O01315,P0089,1,4453.48,4453.48
OI003037,O00207,P0006,4,20028.88,80115.52
OI003038,O02019,P0193,4,1137.66,4550.64
OI003039,O02567,P0110,4,1627.61,6510.44
OI003040,O02290,P0188,3,13008.36,39025.08
OI003041,O02867,P0112,2,11549.03,23098.06
OI003042,O02350,P0196,2,1894.9,3789.8
OI003043,O01318,P0157,3,2832.43,8497.29
OI003044,O00701,P0166,1,11952.85,11952.85
OI003045,O00288,P0150,1,5458.53,5458.53
OI003046,O02202,P0127,3,20367.86,61103.58
OI003047,O01594,P0136,2,4946.1,9892.2
OI003048,O02471,P0063,1,24804.73,24804.73
OI003049,O00850,P0141,3,19255.69,57767.07
OI003050,O00050,P0155,2,23993.46,47986.92
OI003051,O01231,P0146,1,6569.35,6569.35
OI003052,O02612,P0018,1,18293.2,18293.2
OI003053,O02902,P0077,3,4420.76,13262.28
OI003054,O02931,P0190,2,18462.1,36924.2
OI003055,O02710,P0142,1,374.68,374.68
OI003056,O02613,P0139,3,20705.69,62117.07
OI003057,O02261,P0103,1,11043.84,11043.84
OI003058,O01909,P0117,2,24593.61,49187.22
OI003059,O02859,P0017,4,13988.81,55955.24
OI003060,O02898,P0179,1,1056.82,1056.82
OI003061,O01687,P0014,2,16770.23,33540.46
OI003062,O01741,P0057,1,9984.84,9984.84
OI003063,O01344,P0093,4,9251.61,37006.44
OI003064,O01791,P0134,4,22176.44,88705.76
OI003065,O02929,P0114,1,24872.17,24872.17
OI003066,O01961,P0185,3,15953.08,47859.24
OI003067,O01089,P0132,1,10709.48,10709.48
OI003068,O01156,P0139,2,20705.69,41411.38
OI003069,O02382,P0109,3,3885.42,11656.26
OI003070,O00032,P0119,2,3642.01,7284.02
OI003071,O00868,P0092,2,3744.71,7489.42
OI003072,O02946,P0011,3,13370.65,40111.95
OI003073,O01267,P0099,4,24148.97,96595.88
OI003074,O01216,P0008,2,13546.3,27092.6
OI003075,O01166,P0114,1,24872.17,24872.17
OI003076,O01684,P0187,4,1759.64,7038.56
OI003077,O00601,P0149,4,13429.22,53716.88
OI003078,O02026,P0065,3,5291.91,15875.73
OI003079,O01585,P0093,1,9251.61,9251.61
OI003080,O00988,P0152,1,6105.92,6105.92
OI003081,O01215,P0158,4,13744.19,54976.76
OI003082,O01966,P0104,2,2731.05,5462.1
OI003083,O02647,P0099,2,24148.97,48297.94
OI003084,O01440,P0084,1,21564.16,21564.16
OI003085,O00520,P0185,4,15953.08,63812.32
OI003086,O01759,P0073,4,19771.76,79087.04
OI003087,O00869,P0145,4,577.89,2311.56
OI003088,O02064,P0059,3,15054.8,45164.4
OI003089,O01832,P0031,1,16656.3,16656.3
OI003090,O01130,P0064,1,21300.48,21300.48
OI003091,O00283,P0048,2,17747.74,35495.48
OI003092,O00361,P0023,2,4465.04,8930.08
OI003093,O01059,P0198,1,401.5,401.5
OI003094,O02161,P0158,1,13744.19,13744.19
OI003095,O02356,P0055,2,13889.68,27779.36
OI003096,O01935,P0007,1,5919.43,5919.43
OI003097,O00959,P0112,2,11549.03,23098.06
OI003098,O01077,P0106,1,5479.35,5479.35
OI003099,O01105,P0098,3,13783.29,41349.87
OI003100,O01640,P0012,3,8175.91,24527.73
OI003101,O02882,P0060,4,12940.42,51761.68
OI003102,O01393,P0052,1,9067.4,9067.4
OI003103,O02290,P0155,2,23993.46,47986.92
OI003104,O00031,P0140,1,18367.0,18367.0
OI003105,O00704,P0141,1,19255.69,19255.69
OI003106,O00869,P0072,4,20167.54,80670.16
OI003107,O01385,P0190,2,18462.1,36924.2
OI003108,O00233,P0125,1,12784.61,12784.61
OI003109,O01058,P0157,2,2832.43,5664.86
OI003110,O01267,P0163,1,3836.21,3836.21
OI003111,O00951,P0060,4,12940.42,51761.68
OI003112,O00059,P0157,2,2832.43,5664.86
OI003113,O02819,P0031,1,16656.3,16656.3
OI003114,O02766,P0077,3,4420.76,13262.28
OI003115,O00302,P0076,2,10134.21,20268.42
OI003116,O02851,P0061,4,22992.86,91971.44
OI003117,O02945,P0002,3,8939.41,26818.23
OI003118,O02046,P0161,2,2542.26,5084.52
OI003119,O02160,P0200,2,18463.96,36927.92
OI003120,O01924,P0190,2,18462.1,36924.2
OI003121,O00317,P0121,2,7651.55,15303.1
OI003122,O01889,P0059,1,15054.8,15054.8
OI003123,O01169,P0040,1,21066.63,21066.63
OI003124,O02716,P0177,2,6441.3,12882.6
OI003125,O00690,P0032,4,19906.7,79626.8
OI003126,O01882,P0038,1,23182.32,23182.32
OI003127,O01954,P0092,2,3744.71,7489.42
OI003128,O00018,P0088,2,19143.76,38287.52
OI003129,O01179,P0141,4,19255.69,77022.76
OI003130,O01530,P0085,4,23076.65,92306.6
OI003131,O00778,P0182,4,15966.32,63865.28
OI003132,O00360,P0076,3,10134.21,30402.63
OI003133,O00332,P0128,2,15418.96,30837.92
OI003134,O01942,P0013,4,8391.75,33567.0
OI003135,O00528,P0039,2,13544.93,27089.86
OI003136,O02060,P0023,1,4465.04,4465.04
OI003137,O01099,P0110,2,1627.61,3255.22
OI003138,O00212,P0107,2,15527.74,31055.48
OI003139,O01715,P0092,3,3744.71,11234.13
OI003140,O02689,P0142,1,374.68,374.68
OI003141,O02331,P0145,1,577.89,577.89
OI003142,O02828,P0024,3,17281.12,51843.36
OI003143,O01054,P0186,4,15386.95,61547.8
OI003144,O01033,P0191,4,12854.33,51417.32
OI003145,O01333,P0034,2,5942.59,11885.18
OI003146,O01334,P0179,3,1056.82,3170.46
OI003147,O02725,P0112,4,11549.03,46196.12
OI003148,O02753,P0138,1,10411.83,10411.83
OI003149,O02474,P0118,3,6055.58,18166.74
OI003150,O01841,P0200,4,18463.96,73855.84
OI003151,O01796,P0149,1,13429.22,13429.22
OI003152,O01728,P0165,3,18460.19,55380.57
OI003153,O00591,P0007,2,5919.43,11838.86
OI003154,O01715,P0090,2,12613.9,25227.8
OI003155,O02139,P0013,1,8391.75,8391.75
OI003156,O00456,P0080,4,24392.69,97570.76
OI003157,O00444,P0030,4,8754.53,35018.12
OI003158,O00079,P0159,3,11414.0,34242.0
OI003159,O01499,P0133,1,3354.69,3354.69
OI003160,O00927,P0160,4,21124.49,84497.96
OI003161,O02151,P0016,2,16579.8,33159.6
OI003162,O00623,P0150,1,5458.53,5458.53
OI003163,O01480,P0192,2,17037.67,34075.34
OI003164,O00234,P0172,1,23887.83,23887.83
OI003165,O01618,P0040,3,21066.63,63199.89
OI003166,O02692,P0037,4,24812.84,99251.36
OI003167,O02031,P0078,4,17404.28,69617.12
OI003168,O02838,P0016,4,16579.8,66319.2
OI003169,O00387,P0043,2,2319.2,4638.4
OI003170,O02895,P0063,4,24804.73,99218.92
OI003171,O01635,P0015,1,24854.07,24854.07
OI003172,O00038,P0172,2,23887.83,47775.66
OI003173,O01185,P0137,3,9257.21,27771.63
OI003174,O01486,P0065,2,5291.91,10583.82
OI003175,O01968,P0044,3,18906.23,56718.69
OI003176,O01473,P0020,2,1597.54,3195.08
OI003177,O00241,P0119,4,3642.01,14568.04
OI003178,O01050,P0198,3,401.5,1204.5
OI003179,O01672,P0112,4,11549.03,46196.12
OI003180,O00562,P0123,2,17334.82,34669.64
OI003181,O02000,P0161,3,2542.26,7626.78
OI003182,O00806,P0080,1,24392.69,24392.69
OI003183,O01930,P0100,1,10869.2,10869.2
OI003184,O02346,P0006,2,20028.88,40057.76
OI003185,O00805,P0083,3,3399.86,10199.58
OI003186,O02202,P0031,1,16656.3,16656.3
OI003187,O02780,P0066,4,23271.82,93087.28
OI003188,O01676,P0018,4,18293.2,73172.8
OI003189,O02516,P0028,2,11314.24,22628.48
OI003190,O02097,P0068,4,20454.5,81818.0
OI003191,O01678,P0193,4,1137.66,4550.64
OI003192,O00046,P0114,4,24872.17,99488.68
OI003193,O02828,P0173,1,19693.89,19693.89
OI003194,O01652,P0058,3,11235.34,33706.02
OI003195,O00082,P0175,2,17234.55,34469.1
OI003196,O02321,P0194,3,2211.32,6633.96
OI003197,O02442,P0180,3,22553.87,67661.61
OI003198,O01810,P0164,3,8184.43,24553.29
OI003199,O00790,P0129,1,7725.72,7725.72
OI003200,O00595,P0039,4,13544.93,54179.72
OI003201,O02106,P0106,2,5479.35,10958.7
OI003202,O02613,P0001,3,5743.74,17231.22
OI003203,O00001,P0075,4,2114.89,8459.56
OI003204,O02264,P0088,1,19143.76,19143.76
OI003205,O01497,P0142,3,374.68,1124.04
OI003206,O00766,P0199,4,23916.88,95667.52
OI003207,O00671,P0151,1,401.81,401.81
OI003208,O02559,P0171,4,22312.91,89251.64
OI003209,O01602,P0150,2,5458.53,10917.06
OI003210,O00915,P0060,4,12940.42,51761.68
OI003211,O01845,P0155,4,23993.46,95973.84
OI003212,O01996,P0184,2,22388.43,44776.86
OI003213,O00095,P0130,2,15635.01,31270.02
OI003214,O00493,P0167,4,9459.62,37838.48
OI003215,O02813,P0179,2,1056.82,2113.64
OI003216,O00150,P0110,4,1627.61,6510.44
OI003217,O01047,P0019,3,11683.62,35050.86
OI003218,O02804,P0062,4,12474.39,49897.56
OI003219,O01239,P0071,1,21714.61,21714.61
OI003220,O00399,P0195,2,17936.45,35872.9
OI003221,O02458,P0191,3,12854.33,38562.99
OI003222,O02179,P0111,2,19540.96,39081.92
OI003223,O00855,P0133,2,3354.69,6709.38
OI003224,O02196,P0072,2,20167.54,40335.08
OI003225,O00381,P0078,1,17404.28,17404.28
OI003226,O00552,P0189,1,3839.21,3839.21
OI003227,O00295,P0100,4,10869.2,43476.8
OI003228,O01144,P0071,1,21714.61,21714.61
OI003229,O00456,P0007,2,5919.43,11838.86
OI003230,O01554,P0050,3,7647.9,22943.7
OI003231,O00169,P0046,3,20669.08,62007.24
OI003232,O00710,P0072,3,20167.54,60502.62
OI003233,O01947,P0076,2,10134.21,20268.42
OI003234,O02020,P0074,1,7686.51,7686.51
OI003235,O02085,P0142,3,374.68,1124.04
OI003236,O01722,P0073,2,19771.76,39543.52
OI003237,O01285,P0102,2,12702.93,25405.86
OI003238,O02279,P0094,3,1797.49,5392.47
OI003239,O00254,P0069,3,9577.52,28732.56
OI003240,O02377,P0065,4,5291.91,21167.64
OI003241,O01321,P0193,4,1137.66,4550.64
OI003242,O02058,P0185,2,15953.08,31906.16
OI003243,O02494,P0062,4,12474.39,49897.56
OI003244,O02970,P0020,4,1597.54,6390.16
OI003245,O02884,P0154,3,20058.27,60174.81
OI003246,O02126,P0044,4,18906.23,75624.92
OI003247,O02241,P0195,2,17936.45,35872.9
OI003248,O00401,P0198,3,401.5,1204.5
OI003249,O02157,P0062,4,12474.39,49897.56
OI003250,O02840,P0107,4,15527.74,62110.96
OI003251,O01947,P0125,4,12784.61,51138.44
OI003252,O02311,P0045,1,3280.07,3280.07
OI003253,O02377,P0011,4,13370.65,53482.6
OI003254,O00363,P0200,4,18463.96,73855.84
OI003255,O02307,P0162,2,12257.2,24514.4
OI003256,O01359,P0088,4,19143.76,76575.04
OI003257,O00085,P0046,1,20669.08,20669.08
OI003258,O01546,P0112,3,11549.03,34647.09
OI003259,O01825,P0081,4,16060.2,64240.8
OI003260,O00308,P0032,4,19906.7,79626.8
OI003261,O00262,P0098,2,13783.29,27566.58
OI003262,O01922,P0005,4,1783.55,7134.2
OI003263,O02845,P0191,4,12854.33,51417.32
OI003264,O00631,P0029,4,18928.47,75713.88
OI003265,O00680,P0048,4,17747.74,70990.96
OI003266,O00865,P0016,3,16579.8,49739.4
OI003267,O02372,P0153,2,24399.26,48798.52
OI003268,O02973,P0072,3,20167.54,60502.62
OI003269,O01726,P0029,1,18928.47,18928.47
OI003270,O01852,P0180,4,22553.87,90215.48
OI003271,O00727,P0046,1,20669.08,20669.08
OI003272,O01261,P0153,3,24399.26,73197.78
OI003273,O01649,P0023,1,4465.04,4465.04
OI003274,O00217,P0162,4,12257.2,49028.8
OI003275,O01270,P0195,1,17936.45,17936.45
OI003276,O00448,P0094,3,1797.49,5392.47
OI003277,O00319,P0114,4,24872.17,99488.68
OI003278,O01910,P0034,2,5942.59,11885.18
OI003279,O02085,P0160,3,21124.49,63373.47
OI003280,O02779,P0117,4,24593.61,98374.44
OI003281,O01058,P0029,2,18928.47,37856.94
OI003282,O00039,P0009,1,22013.97,22013.97
OI003283,O01603,P0194,1,2211.32,2211.32
OI003284,O02257,P0185,1,15953.08,15953.08
OI003285,O00830,P0039,4,13544.93,54179.72
OI003286,O00856,P0135,1,11299.64,11299.64
OI003287,O02947,P0110,1,1627.61,1627.61
OI003288,O02649,P0069,2,9577.52,19155.04
OI003289,O02808,P0136,2,4946.1,9892.2
OI003290,O01859,P0096,2,3465.64,6931.28
OI003291,O01103,P0119,4,3642.01,14568.04
OI003292,O01501,P0118,3,6055.58,18166.74
OI003293,O02482,P0018,1,18293.2,18293.2
OI003294,O01821,P0102,1,12702.93,12702.93
OI003295,O00842,P0110,4,1627.61,6510.44
OI003296,O02080,P0082,1,20579.77,20579.77
OI003297,O02441,P0177,4,6441.3,25765.2
OI003298,O01256,P0105,4,16056.58,64226.32
OI003299,O02958,P0016,4,16579.8,66319.2
OI003300,O02240,P0021,3,14101.19,42303.57
OI003301,O01940,P0138,4,10411.83,41647.32
OI003302,O00270,P0106,3,5479.35,16438.05
OI003303,O02786,P0132,3,10709.48,32128.44
OI003304,O02125,P0044,1,18906.23,18906.23
OI003305,O00735,P0123,2,17334.82,34669.64
OI003306,O00884,P0136,3,4946.1,14838.3
OI003307,O02332,P0111,3,19540.96,58622.88
OI003308,O01113,P0117,2,24593.61,49187.22
OI003309,O02592,P0126,3,24917.75,74753.25
OI003310,O00649,P0183,2,16517.91,33035.82
OI003311,O01180,P0019,1,11683.62,11683.62
OI003312,O02298,P0064,4,21300.48,85201.92
OI003313,O02143,P0040,2,21066.63,42133.26
OI003314,O00017,P0051,4,6651.5,26606.0
OI003315,O00117,P0137,2,9257.21,18514.42
OI003316,O00983,P0158,4,13744.19,54976.76
OI003317,O02381,P0056,1,7707.56,7707.56
OI003318,O01847,P0081,3,16060.2,48180.6
OI003319,O01546,P0172,1,23887.83,23887.83
OI003320,O02694,P0187,3,1759.64,5278.92
OI003321,O02164,P0143,4,10462.23,41848.92
OI003322,O00963,P0196,4,1894.9,7579.6
OI003323,O01277,P0070,3,21961.56,65884.68
OI003324,O00847,P0128,2,15418.96,30837.92
OI003325,O02364,P0126,1,24917.75,24917.75
OI003326,O02858,P0061,2,22992.86,45985.72
OI003327,O00372,P0080,4,24392.69,97570.76
OI003328,O02808,P0121,1,7651.55,7651.55
OI003329,O02925,P0101,1,7864.22,7864.22
OI003330,O01607,P0151,2,401.81,803.62
OI003331,O00156,P0077,3,4420.76,13262.28
OI003332,O02662,P0175,3,17234.55,51703.65
OI003333,O02556,P0145,1,577.89,577.89
OI003334,O00465,P0185,3,15953.08,47859.24
OI003335,O00783,P0126,4,24917.75,99671.0
OI003336,O00804,P0182,2,15966.32,31932.64
OI003337,O00220,P0180,2,22553.87,45107.74
OI003338,O02063,P0022,2,23944.87,47889.74
OI003339,O01774,P0083,1,3399.86,3399.86
OI003340,O00117,P0167,1,9459.62,9459.62
OI003341,O02379,P0141,3,19255.69,57767.07
OI003342,O02104,P0078,2,17404.28,34808.56
OI003343,O01375,P0095,4,742.72,2970.88
OI003344,O02019,P0109,4,3885.42,15541.68
OI003345,O00308,P0194,2,2211.32,4422.64
OI003346,O00222,P0110,1,1627.61,1627.61
OI003347,O01197,P0052,1,9067.4,9067.4
OI003348,O00797,P0103,1,11043.84,11043.84
OI003349,O01530,P0101,4,7864.22,31456.88
OI003350,O00151,P0142,2,374.68,749.36
OI003351,O01721,P0063,4,24804.73,99218.92
OI003352,O01557,P0199,2,23916.88,47833.76
OI003353,O00112,P0028,4,11314.24,45256.96
OI003354,O00683,P0046,4,20669.08,82676.32
OI003355,O01162,P0028,3,11314.24,33942.72
OI003356,O02380,P0002,4,8939.41,35757.64
OI003357,O01566,P0127,2,20367.86,40735.72
OI003358,O00893,P0017,4,13988.81,55955.24
OI003359,O01331,P0059,3,15054.8,45164.4
OI003360,O00161,P0180,3,22553.87,67661.61
OI003361,O01426,P0132,2,10709.48,21418.96
OI003362,O00278,P0077,3,4420.76,13262.28
OI003363,O01557,P0131,3,13223.33,39669.99
OI003364,O02945,P0115,1,1538.74,1538.74
OI003365,O00497,P0165,2,18460.19,36920.38
OI003366,O01396,P0097,3,24081.57,72244.71
OI003367,O01916,P0105,3,16056.58,48169.74
OI003368,O00655,P0024,3,17281.12,51843.36
OI003369,O00303,P0200,2,18463.96,36927.92
OI003370,O00438,P0035,1,10042.97,10042.97
OI003371,O02774,P0002,4,8939.41,35757.64
OI003372,O00186,P0033,1,23186.73,23186.73
OI003373,O01590,P0076,2,10134.21,20268.42
OI003374,O00673,P0086,2,12227.84,24455.68
OI003375,O01274,P0138,2,10411.83,20823.66
OI003376,O01001,P0081,4,16060.2,64240.8
OI003377,O02327,P0062,2,12474.39,24948.78
OI003378,O00683,P0043,1,2319.2,2319.2
OI003379,O01719,P0197,3,1874.29,5622.87
OI003380,O00925,P0121,3,7651.55,22954.65
OI003381,O02428,P0059,2,15054.8,30109.6
OI003382,O02883,P0009,2,22013.97,44027.94
OI003383,O00999,P0077,4,4420.76,17683.04
OI003384,O00285,P0188,3,13008.36,39025.08
OI003385,O00421,P0063,4,24804.73,99218.92
OI003386,O02161,P0052,4,9067.4,36269.6
OI003387,O02276,P0023,4,4465.04,17860.16
OI003388,O01495,P0030,4,8754.53,35018.12
OI003389,O00528,P0171,1,22312.91,22312.91
OI003390,O02544,P0196,2,1894.9,3789.8
OI003391,O00031,P0021,2,14101.19,28202.38
OI003392,O00162,P0043,4,2319.2,9276.8
OI003393,O01842,P0135,4,11299.64,45198.56
OI003394,O00705,P0016,1,16579.8,16579.8
OI003395,O00722,P0023,4,4465.04,17860.16
OI003396,O01402,P0186,1,15386.95,15386.95
OI003397,O00446,P0087,1,15195.7,15195.7
OI003398,O02792,P0031,4,16656.3,66625.2
OI003399,O00427,P0121,2,7651.55,15303.1
OI003400,O02552,P0069,1,9577.52,9577.52
OI003401,O01551,P0134,2,22176.44,44352.88
OI003402,O01968,P0115,2,1538.74,3077.48
OI003403,O00721,P0193,1,1137.66,1137.66
OI003404,O02732,P0059,3,15054.8,45164.4
OI003405,O01802,P0156,1,12247.57,12247.57
OI003406,O02630,P0146,3,6569.35,19708.05
OI003407,O01965,P0077,1,4420.76,4420.76
OI003408,O01058,P0138,1,10411.83,10411.83
OI003409,O02045,P0007,2,5919.43,11838.86
OI003410,O00736,P0037,2,24812.84,49625.68
OI003411,O02739,P0173,4,19693.89,78775.56
OI003412,O00758,P0086,2,12227.84,24455.68
OI003413,O01796,P0016,2,16579.8,33159.6
OI003414,O01644,P0116,2,17406.38,34812.76
OI003415,O00754,P0118,2,6055.58,12111.16
OI003416,O00024,P0014,4,16770.23,67080.92
OI003417,O01240,P0139,2,20705.69,41411.38
OI003418,O00055,P0087,3,15195.7,45587.1
OI003419,O01305,P0162,3,12257.2,36771.6
OI003420,O02852,P0188,4,13008.36,52033.44
OI003421,O02375,P0104,2,2731.05,5462.1
OI003422,O00970,P0141,3,19255.69,57767.07
OI003423,O02234,P0167,1,9459.62,9459.62
OI003424,O02543,P0044,3,18906.23,56718.69
OI003425,O00434,P0028,2,11314.24,22628.48
OI003426,O00208,P0168,3,9922.46,29767.38
OI003427,O00133,P0016,1,16579.8,16579.8
OI003428,O01363,P0050,3,7647.9,22943.7
OI003429,O01220,P0115,2,1538.74,3077.48
OI003430,O01286,P0156,1,12247.57,12247.57
OI003431,O01306,P0068,4,20454.5,81818.0
OI003432,O00369,P0092,1,3744.71,3744.71
OI003433,O01207,P0121,3,7651.55,22954.65
OI003434,O02471,P0188,4,13008.36,52033.44
OI003435,O02292,P0140,1,18367.0,18367.0
OI003436,O00782,P0016,1,16579.8,16579.8
OI003437,O02672,P0053,1,2282.3,2282.3
OI003438,O00567,P0182,2,15966.32,31932.64
OI003439,O00527,P0049,4,1000.39,4001.56
OI003440,O00037,P0164,4,8184.43,32737.72
OI003441,O00178,P0062,1,12474.39,12474.39
OI003442,O00639,P0084,4,21564.16,86256.64
OI003443,O02900,P0154,3,20058.27,60174.81
OI003444,O00072,P0056,3,7707.56,23122.68
OI003445,O02400,P0120,1,3122.48,3122.48
OI003446,O02671,P0090,3,12613.9,37841.7
OI003447,O01173,P0150,1,5458.53,5458.53
OI003448,O01721,P0120,3,3122.48,9367.44
OI003449,O00105,P0073,1,19771.76,19771.76
OI003450,O01683,P0069,1,9577.52,9577.52
OI003451,O00221,P0177,4,6441.3,25765.2
OI003452,O01850,P0098,4,13783.29,55133.16
OI003453,O00863,P0002,1,8939.41,8939.41
OI003454,O02566,P0053,4,2282.3,9129.2
OI003455,O00299,P0119,4,3642.01,14568.04
OI003456,O02909,P0007,2,5919.43,11838.86
OI003457,O00042,P0148,3,3514.03,10542.09
OI003458,O00771,P0158,4,13744.19,54976.76
OI003459,O02945,P0075,1,2114.89,2114.89
OI003460,O02540,P0095,2,742.72,1485.44
OI003461,O01463,P0195,2,17936.45,35872.9
OI003462,O02133,P0187,4,1759.64,7038.56
OI003463,O01710,P0194,1,2211.32,2211.32
OI003464,O00991,P0003,1,1828.65,1828.65
OI003465,O00711,P0184,1,22388.43,22388.43
OI003466,O00209,P0079,1,8717.88,8717.88
OI003467,O01272,P0017,1,13988.81,13988.81
OI003468,O01235,P0112,3,11549.03,34647.09
OI003469,O00039,P0052,1,9067.4,9067.4
OI003470,O01276,P0007,1,5919.43,5919.43
OI003471,O02974,P0112,3,11549.03,34647.09
OI003472,O01827,P0133,4,3354.69,13418.76
OI003473,O00762,P0054,2,23430.25,46860.5
OI003474,O01437,P0061,3,22992.86,68978.58
OI003475,O02994,P0109,2,3885.42,7770.84
OI003476,O01470,P0016,2,16579.8,33159.6
OI003477,O02100,P0195,3,17936.45,53809.35
OI003478,O00374,P0187,1,1759.64,1759.64
OI003479,O00931,P0047,2,19572.5,39145.0
OI003480,O00156,P0048,1,17747.74,17747.74
OI003481,O01566,P0121,4,7651.55,30606.2
OI003482,O01114,P0064,3,21300.48,63901.44
OI003483,O02727,P0050,2,7647.9,15295.8
OI003484,O02399,P0041,1,13071.85,13071.85
OI003485,O02117,P0200,2,18463.96,36927.92
OI003486,O01266,P0022,4,23944.87,95779.48
OI003487,O00654,P0115,4,1538.74,6154.96
OI003488,O00063,P0182,2,15966.32,31932.64
OI003489,O00509,P0005,3,1783.55,5350.65
OI003490,O02340,P0145,4,577.89,2311.56
OI003491,O01688,P0101,1,7864.22,7864.22
OI003492,O01448,P0078,4,17404.28,69617.12
OI003493,O01693,P0041,1,13071.85,13071.85
OI003494,O02869,P0092,2,3744.71,7489.42
OI003495,O01389,P0163,1,3836.21,3836.21
OI003496,O02198,P0168,2,9922.46,19844.92
OI003497,O01295,P0022,4,23944.87,95779.48
OI003498,O02929,P0176,3,10996.32,32988.96
OI003499,O01605,P0053,4,2282.3,9129.2
OI003500,O01140,P0093,4,9251.61,37006.44
OI003501,O00704,P0010,4,16306.85,65227.4
OI003502,O00516,P0146,4,6569.35,26277.4
OI003503,O01938,P0049,3,1000.39,3001.17
OI003504,O01834,P0071,4,21714.61,86858.44
OI003505,O01265,P0158,1,13744.19,13744.19
OI003506,O00030,P0019,3,11683.62,35050.86
OI003507,O00326,P0055,3,13889.68,41669.04
OI003508,O02997,P0188,1,13008.36,13008.36
OI003509,O00016,P0200,2,18463.96,36927.92
OI003510,O00111,P0021,4,14101.19,56404.76
OI003511,O02920,P0026,3,13442.11,40326.33
OI003512,O02761,P0028,4,11314.24,45256.96
OI003513,O00107,P0167,4,9459.62,37838.48
OI003514,O02427,P0161,1,2542.26,2542.26
OI003515,O02210,P0040,1,21066.63,21066.63
OI003516,O00283,P0029,1,18928.47,18928.47
OI003517,O00269,P0020,4,1597.54,6390.16
OI003518,O02532,P0020,3,1597.54,4792.62
OI003519,O02715,P0074,3,7686.51,23059.53
OI003520,O01221,P0140,2,18367.0,36734.0
OI003521,O01267,P0120,4,3122.48,12489.92
OI003522,O00598,P0097,2,24081.57,48163.14
OI003523,O00799,P0120,2,3122.48,6244.96
OI003524,O01283,P0025,2,5103.25,10206.5
OI003525,O02846,P0153,2,24399.26,48798.52
OI003526,O01173,P0004,2,13024.59,26049.18
OI003527,O01891,P0004,4,13024.59,52098.36
OI003528,O02438,P0137,1,9257.21,9257.21
OI003529,O02012,P0143,2,10462.23,20924.46
OI003530,O02464,P0026,3,13442.11,40326.33
OI003531,O00426,P0079,4,8717.88,34871.52
OI003532,O01726,P0090,2,12613.9,25227.8
OI003533,O02915,P0071,3,21714.61,65143.83
OI003534,O02134,P0160,2,21124.49,42248.98
OI003535,O01240,P0076,1,10134.21,10134.21
OI003536,O02471,P0099,4,24148.97,96595.88
OI003537,O00118,P0180,1,22553.87,22553.87
OI003538,O02930,P0127,3,20367.86,61103.58
OI003539,O02463,P0032,2,19906.7,39813.4
OI003540,O00599,P0009,1,22013.97,22013.97
OI003541,O02088,P0078,1,17404.28,17404.28
OI003542,O01185,P0013,2,8391.75,16783.5
OI003543,O02751,P0184,4,22388.43,89553.72
OI003544,O02585,P0124,3,1651.07,4953.21
OI003545,O02468,P0172,4,23887.83,95551.32
OI003546,O00664,P0096,3,3465.64,10396.92
OI003547,O02143,P0083,3,3399.86,10199.58
OI003548,O01582,P0158,1,13744.19,13744.19
OI003549,O00650,P0144,2,12085.47,24170.94
OI003550,O01490,P0140,4,18367.0,73468.0
OI003551,O00288,P0194,1,2211.32,2211.32
OI003552,O01700,P0018,1,18293.2,18293.2
OI003553,O00412,P0141,1,19255.69,19255.69
OI003554,O02448,P0093,4,9251.61,37006.44
OI003555,O02576,P0024,1,17281.12,17281.12
OI003556,O01042,P0102,2,12702.93,25405.86
OI003557,O00136,P0140,1,18367.0,18367.0
OI003558,O02026,P0060,1,12940.42,12940.42
OI003559,O00759,P0060,3,12940.42,38821.26
OI003560,O01272,P0100,1,10869.2,10869.2
OI003561,O02891,P0001,4,5743.74,22974.96
OI003562,O02758,P0043,4,2319.2,9276.8
OI003563,O01025,P0055,2,13889.68,27779.36
OI003564,O00381,P0168,4,9922.46,39689.84
OI003565,O02557,P0192,4,17037.67,68150.68
OI003566,O01529,P0034,1,5942.59,5942.59
OI003567,O00806,P0034,2,5942.59,11885.18
OI003568,O00476,P0176,4,10996.32,43985.28
OI003569,O00954,P0161,2,2542.26,5084.52
OI003570,O00849,P0196,2,1894.9,3789.8
OI003571,O00897,P0158,3,13744.19,41232.57
OI003572,O00032,P0110,3,1627.61,4882.83
OI003573,O01928,P0084,1,21564.16,21564.16
OI003574,O02166,P0090,4,12613.9,50455.6
OI003575,O00191,P0079,1,8717.88,8717.88
OI003576,O01771,P0071,1,21714.61,21714.61
OI003577,O01774,P0071,2,21714.61,43429.22
OI003578,O02122,P0114,2,24872.17,49744.34
OI003579,O00623,P0029,2,18928.47,37856.94
OI003580,O01127,P0151,1,401.81,401.81
OI003581,O02919,P0162,4,12257.2,49028.8
OI003582,O00586,P0143,1,10462.23,10462.23
OI003583,O02468,P0097,1,24081.57,24081.57
OI003584,O00473,P0053,1,2282.3,2282.3
OI003585,O01788,P0145,3,577.89,1733.67
OI003586,O00114,P0064,3,21300.48,63901.44
OI003587,O01403,P0061,4,22992.86,91971.44
OI003588,O01337,P0185,3,15953.08,47859.24
OI003589,O02378,P0108,1,16290.01,16290.01
OI003590,O00339,P0037,3,24812.84,74438.52
OI003591,O02286,P0135,3,11299.64,33898.92
OI003592,O01197,P0008,1,13546.3,13546.3
OI003593,O00079,P0078,4,17404.28,69617.12
OI003594,O00464,P0068,3,20454.5,61363.5
OI003595,O01922,P0021,1,14101.19,14101.19
OI003596,O02653,P0189,1,3839.21,3839.21
OI003597,O01988,P0094,1,1797.49,1797.49
OI003598,O00562,P0075,2,2114.89,4229.78
OI003599,O00285,P0157,1,2832.43,2832.43
OI003600,O00223,P0153,3,24399.26,73197.78
OI003601,O02641,P0186,3,15386.95,46160.85
OI003602,O01290,P0142,1,374.68,374.68
OI003603,O01691,P0078,2,17404.28,34808.56
OI003604,O02421,P0066,2,23271.82,46543.64
OI003605,O01257,P0182,2,15966.32,31932.64
OI003606,O02959,P0195,3,17936.45,53809.35
OI003607,O00828,P0158,2,13744.19,27488.38
OI003608,O02284,P0146,4,6569.35,26277.4
OI003609,O02719,P0054,4,23430.25,93721.0
OI003610,O00828,P0100,2,10869.2,21738.4
OI003611,O02811,P0021,4,14101.19,56404.76
OI003612,O01961,P0053,1,2282.3,2282.3
OI003613,O01966,P0083,2,3399.86,6799.72
OI003614,O02428,P0144,2,12085.47,24170.94
OI003615,O02842,P0156,2,12247.57,24495.14
OI003616,O00614,P0004,1,13024.59,13024.59
OI003617,O00563,P0055,1,13889.68,13889.68
OI003618,O02468,P0015,2,24854.07,49708.14
OI003619,O02100,P0064,3,21300.48,63901.44
OI003620,O01745,P0193,3,1137.66,3412.98
OI003621,O02867,P0112,4,11549.03,46196.12
OI003622,O01806,P0144,1,12085.47,12085.47
OI003623,O01969,P0118,4,6055.58,24222.32
OI003624,O02253,P0020,4,1597.54,6390.16
OI003625,O00731,P0064,2,21300.48,42600.96
OI003626,O00257,P0033,3,23186.73,69560.19
OI003627,O00185,P0081,4,16060.2,64240.8
OI003628,O02193,P0197,2,1874.29,3748.58
OI003629,O02032,P0126,1,24917.75,24917.75
OI003630,O01714,P0069,4,9577.52,38310.08
OI003631,O00246,P0186,3,15386.95,46160.85
OI003632,O02235,P0167,1,9459.62,9459.62
OI003633,O00866,P0164,2,8184.43,16368.86
OI003634,O02088,P0094,1,1797.49,1797.49
OI003635,O00601,P0068,4,20454.5,81818.0
OI003636,O00962,P0087,1,15195.7,15195.7
OI003637,O01442,P0021,1,14101.19,14101.19
OI003638,O02057,P0063,1,24804.73,24804.73
OI003639,O02398,P0085,3,23076.65,69229.95
OI003640,O02132,P0134,4,22176.44,88705.76
OI003641,O00533,P0024,2,17281.12,34562.24
OI003642,O00989,P0111,3,19540.96,58622.88
OI003643,O02043,P0181,4,11590.79,46363.16
OI003644,O00358,P0095,2,742.72,1485.44
OI003645,O00378,P0083,2,3399.86,6799.72
OI003646,O02220,P0102,2,12702.93,25405.86
OI003647,O01049,P0078,4,17404.28,69617.12
OI003648,O00393,P0178,2,21037.7,42075.4
OI003649,O01127,P0124,2,1651.07,3302.14
OI003650,O00702,P0140,3,18367.0,55101.0
OI003651,O01434,P0184,2,22388.43,44776.86
OI003652,O02597,P0120,1,3122.48,3122.48
OI003653,O00784,P0015,3,24854.07,74562.21
OI003654,O01829,P0083,3,3399.86,10199.58
OI003655,O02380,P0168,4,9922.46,39689.84
OI003656,O02842,P0169,2,11540.22,23080.44
OI003657,O02697,P0197,1,1874.29,1874.29
OI003658,O00983,P0197,1,1874.29,1874.29
OI003659,O02591,P0006,2,20028.88,40057.76
OI003660,O01043,P0067,2,2997.52,5995.04
OI003661,O01172,P0161,4,2542.26,10169.04
OI003662,O02539,P0171,1,22312.91,22312.91
OI003663,O02331,P0122,3,2616.04,7848.12
OI003664,O00862,P0149,4,13429.22,53716.88
OI003665,O01877,P0084,4,21564.16,86256.64
OI003666,O01836,P0193,3,1137.66,3412.98
OI003667,O01699,P0111,4,19540.96,78163.84
OI003668,O00113,P0145,2,577.89,1155.78
OI003669,O01686,P0136,3,4946.1,14838.3
OI003670,O01623,P0064,3,21300.48,63901.44
OI003671,O01423,P0126,1,24917.75,24917.75
OI003672,O00862,P0028,3,11314.24,33942.72
OI003673,O02658,P0098,4,13783.29,55133.16
OI003674,O01933,P0141,1,19255.69,19255.69
OI003675,O00508,P0013,4,8391.75,33567.0
OI003676,O01668,P0166,2,11952.85,23905.7
OI003677,O00466,P0153,2,24399.26,48798.52
OI003678,O02872,P0190,1,18462.1,18462.1
OI003679,O02657,P0151,1,401.81,401.81
OI003680,O01122,P0086,4,12227.84,48911.36
OI003681,O00290,P0021,2,14101.19,28202.38
OI003682,O02916,P0182,1,15966.32,15966.32
OI003683,O01763,P0063,2,24804.73,49609.46
OI003684,O02830,P0158,2,13744.19,27488.38
OI003685,O02210,P0196,2,1894.9,3789.8
OI003686,O02672,P0111,4,19540.96,78163.84
OI003687,O01867,P0076,4,10134.21,40536.84
OI003688,O00717,P0073,2,19771.76,39543.52
OI003689,O01401,P0160,2,21124.49,42248.98
OI003690,O00567,P0152,2,6105.92,12211.84
OI003691,O01474,P0007,3,5919.43,17758.29
OI003692,O00994,P0072,3,20167.54,60502.62
OI003693,O01141,P0129,4,7725.72,30902.88
OI003694,O01988,P0131,2,13223.33,26446.66
OI003695,O02644,P0104,3,2731.05,8193.15
OI003696,O01994,P0028,1,11314.24,11314.24
OI003697,O01810,P0043,1,2319.2,2319.2
OI003698,O01205,P0097,2,24081.57,48163.14
OI003699,O00959,P0046,3,20669.08,62007.24
OI003700,O01717,P0001,1,5743.74,5743.74
OI003701,O01013,P0166,4,11952.85,47811.4
OI003702,O01819,P0102,1,12702.93,12702.93
OI003703,O01311,P0035,4,10042.97,40171.88
OI003704,O00475,P0054,1,23430.25,23430.25
OI003705,O00618,P0024,1,17281.12,17281.12
OI003706,O00641,P0156,3,12247.57,36742.71
OI003707,O02310,P0022,1,23944.87,23944.87
OI003708,O00162,P0016,1,16579.8,16579.8
OI003709,O02004,P0013,4,8391.75,33567.0
OI003710,O01983,P0100,4,10869.2,43476.8
OI003711,O02229,P0100,1,10869.2,10869.2
OI003712,O00725,P0062,2,12474.39,24948.78
OI003713,O00469,P0171,1,22312.91,22312.91
OI003714,O01810,P0087,1,15195.7,15195.7
OI003715,O00021,P0078,3,17404.28,52212.84
OI003716,O00260,P0160,1,21124.49,21124.49
OI003717,O02514,P0067,1,2997.52,2997.52
OI003718,O01140,P0091,4,10026.71,40106.84
OI003719,O01437,P0185,4,15953.08,63812.32
OI003720,O00537,P0193,4,1137.66,4550.64
OI003721,O00952,P0197,4,1874.29,7497.16
OI003722,O02814,P0177,1,6441.3,6441.3
OI003723,O01980,P0033,2,23186.73,46373.46
OI003724,O01841,P0115,3,1538.74,4616.22
OI003725,O01857,P0019,3,11683.62,35050.86
OI003726,O02982,P0164,2,8184.43,16368.86
OI003727,O00851,P0198,2,401.5,803.0
OI003728,O01972,P0124,3,1651.07,4953.21
OI003729,O01281,P0143,1,10462.23,10462.23
OI003730,O01192,P0120,3,3122.48,9367.44
OI003731,O00533,P0097,2,24081.57,48163.14
OI003732,O02063,P0024,1,17281.12,17281.12
OI003733,O02098,P0027,3,2507.24,7521.72
OI003734,O00304,P0177,1,6441.3,6441.3
OI003735,O00416,P0075,1,2114.89,2114.89
OI003736,O00305,P0023,2,4465.04,8930.08
OI003737,O02244,P0161,4,2542.26,10169.04
OI003738,O00813,P0041,3,13071.85,39215.55
OI003739,O02848,P0056,2,7707.56,15415.12
OI003740,O02436,P0157,3,2832.43,8497.29
OI003741,O02805,P0159,4,11414.0,45656.0
OI003742,O01985,P0193,4,1137.66,4550.64
OI003743,O02503,P0098,4,13783.29,55133.16
OI003744,O00713,P0146,4,6569.35,26277.4
OI003745,O02753,P0006,3,20028.88,60086.64
OI003746,O02896,P0180,1,22553.87,22553.87
OI003747,O01682,P0040,1,21066.63,21066.63
OI003748,O01334,P0193,4,1137.66,4550.64
OI003749,O00175,P0042,4,15627.28,62509.12
OI003750,O01090,P0196,1,1894.9,1894.9
OI003751,O01417,P0032,2,19906.7,39813.4
OI003752,O01988,P0010,4,16306.85,65227.4
OI003753,O02327,P0069,1,9577.52,9577.52
OI003754,O00758,P0009,2,22013.97,44027.94
OI003755,O02411,P0069,1,9577.52,9577.52
OI003756,O01773,P0189,2,3839.21,7678.42
OI003757,O00171,P0139,3,20705.69,62117.07
OI003758,O01075,P0099,2,24148.97,48297.94
OI003759,O01352,P0196,4,1894.9,7579.6
OI003760,O00665,P0074,2,7686.51,15373.02
OI003761,O00592,P0103,2,11043.84,22087.68
OI003762,O02979,P0123,4,17334.82,69339.28
OI003763,O01169,P0102,3,12702.93,38108.79
OI003764,O02322,P0008,2,13546.3,27092.6
OI003765,O02556,P0177,3,6441.3,19323.9
OI003766,O02411,P0152,1,6105.92,6105.92
OI003767,O01349,P0161,1,2542.26,2542.26
OI003768,O00848,P0019,4,11683.62,46734.48
OI003769,O02703,P0002,3,8939.41,26818.23
OI003770,O02346,P0055,4,13889.68,55558.72
OI003771,O00494,P0139,4,20705.69,82822.76
OI003772,O00546,P0017,2,13988.81,27977.62
OI003773,O02352,P0170,1,19646.91,19646.91
OI003774,O01491,P0061,4,22992.86,91971.44
OI003775,O00904,P0131,2,13223.33,26446.66
OI003776,O02287,P0086,2,12227.84,24455.68
OI003777,O02698,P0035,3,10042.97,30128.91
OI003778,O01541,P0103,1,11043.84,11043.84
OI003779,O00884,P0066,3,23271.82,69815.46
OI003780,O02458,P0001,3,5743.74,17231.22
OI003781,O02774,P0135,4,11299.64,45198.56
OI003782,O02366,P0148,3,3514.03,10542.09
OI003783,O02573,P0171,4,22312.91,89251.64
OI003784,O00905,P0119,3,3642.01,10926.03
OI003785,O00620,P0134,2,22176.44,44352.88
OI003786,O00953,P0055,1,13889.68,13889.68
OI003787,O02849,P0100,1,10869.2,10869.2
OI003788,O02964,P0021,1,14101.19,14101.19
OI003789,O00320,P0051,2,6651.5,13303.0
OI003790,O00876,P0174,2,7953.63,15907.26
OI003791,O02377,P0163,3,3836.21,11508.63
OI003792,O01901,P0100,3,10869.2,32607.6
OI003793,O00753,P0008,3,13546.3,40638.9
OI003794,O02705,P0068,3,20454.5,61363.5
OI003795,O01380,P0107,1,15527.74,15527.74
OI003796,O01038,P0144,3,12085.47,36256.41
OI003797,O00071,P0067,2,2997.52,5995.04
OI003798,O02875,P0199,2,23916.88,47833.76
OI003799,O02913,P0192,2,17037.67,34075.34
OI003800,O01836,P0002,4,8939.41,35757.64
OI003801,O02976,P0001,4,5743.74,22974.96
OI003802,O01547,P0186,4,15386.95,61547.8
OI003803,O00106,P0001,3,5743.74,17231.22
OI003804,O00770,P0102,1,12702.93,12702.93
OI003805,O02010,P0115,1,1538.74,1538.74
OI003806,O02941,P0135,3,11299.64,33898.92
OI003807,O02244,P0088,3,19143.76,57431.28
OI003808,O02193,P0197,4,1874.29,7497.16
OI003809,O01374,P0092,2,3744.71,7489.42
OI003810,O02519,P0018,2,18293.2,36586.4
OI003811,O01710,P0088,4,19143.76,76575.04
OI003812,O00216,P0160,4,21124.49,84497.96
OI003813,O01117,P0173,1,19693.89,19693.89
OI003814,O00260,P0033,4,23186.73,92746.92
OI003815,O00934,P0073,2,19771.76,39543.52
OI003816,O00575,P0177,2,6441.3,12882.6
OI003817,O01565,P0161,3,2542.26,7626.78
OI003818,O01811,P0199,1,23916.88,23916.88
OI003819,O00285,P0196,3,1894.9,5684.7
OI003820,O02532,P0028,1,11314.24,11314.24
OI003821,O01955,P0087,3,15195.7,45587.1
OI003822,O02420,P0053,1,2282.3,2282.3
OI003823,O00070,P0044,4,18906.23,75624.92
OI003824,O00379,P0080,2,24392.69,48785.38
OI003825,O01303,P0183,4,16517.91,66071.64
OI003826,O02350,P0138,1,10411.83,10411.83
OI003827,O00255,P0014,1,16770.23,16770.23
OI003828,O01708,P0103,3,11043.84,33131.52
OI003829,O02992,P0036,1,3895.16,3895.16
OI003830,O00692,P0034,4,5942.59,23770.36
OI003831,O01288,P0088,1,19143.76,19143.76
OI003832,O00834,P0146,1,6569.35,6569.35
OI003833,O02765,P0016,3,16579.8,49739.4
OI003834,O02472,P0165,1,18460.19,18460.19
OI003835,O02261,P0041,3,13071.85,39215.55
OI003836,O02036,P0025,2,5103.25,10206.5
OI003837,O01968,P0126,3,24917.75,74753.25
OI003838,O00100,P0008,1,13546.3,13546.3
OI003839,O01853,P0112,2,11549.03,23098.06
OI003840,O02356,P0094,1,1797.49,1797.49
OI003841,O02726,P0084,3,21564.16,64692.48
OI003842,O02523,P0146,4,6569.35,26277.4
OI003843,O01572,P0068,2,20454.5,40909.0
OI003844,O00112,P0176,4,10996.32,43985.28
OI003845,O00183,P0198,4,401.5,1606.0
OI003846,O02645,P0067,2,2997.52,5995.04
OI003847,O00165,P0146,4,6569.35,26277.4
OI003848,O02863,P0111,4,19540.96,78163.84
OI003849,O02138,P0018,4,18293.2,73172.8
OI003850,O02024,P0056,4,7707.56,30830.24
OI003851,O00455,P0151,2,401.81,803.62
OI003852,O02286,P0035,1,10042.97,10042.97
OI003853,O02023,P0134,4,22176.44,88705.76
OI003854,O02582,P0118,2,6055.58,12111.16
OI003855,O00727,P0026,2,13442.11,26884.22
OI003856,O02106,P0061,2,22992.86,45985.72
OI003857,O00542,P0088,2,19143.76,38287.52
OI003858,O01938,P0015,3,24854.07,74562.21
OI003859,O01022,P0091,1,10026.71,10026.71
OI003860,O02666,P0032,1,19906.7,19906.7
OI003861,O02450,P0140,4,18367.0,73468.0
OI003862,O00842,P0133,2,3354.69,6709.38
OI003863,O01703,P0064,3,21300.48,63901.44
OI003864,O01690,P0199,2,23916.88,47833.76
OI003865,O02887,P0086,4,12227.84,48911.36
OI003866,O00519,P0155,1,23993.46,23993.46
OI003867,O00197,P0045,4,3280.07,13120.28
OI003868,O02094,P0035,4,10042.97,40171.88
OI003869,O02578,P0026,4,13442.11,53768.44
OI003870,O01421,P0023,4,4465.04,17860.16
OI003871,O01689,P0141,4,19255.69,77022.76
OI003872,O01000,P0131,4,13223.33,52893.32
OI003873,O02824,P0029,4,18928.47,75713.88
OI003874,O02122,P0194,1,2211.32,2211.32
OI003875,O01638,P0064,1,21300.48,21300.48
OI003876,O02383,P0156,2,12247.57,24495.14
OI003877,O01871,P0164,2,8184.43,16368.86
OI003878,O00633,P0113,3,1548.28,4644.84
OI003879,O02736,P0134,3,22176.44,66529.32
OI003880,O00575,P0139,1,20705.69,20705.69
OI003881,O02344,P0166,1,11952.85,11952.85
OI003882,O01108,P0118,3,6055.58,18166.74
OI003883,O01039,P0162,1,12257.2,12257.2
OI003884,O01891,P0067,3,2997.52,8992.56
OI003885,O00478,P0108,2,16290.01,32580.02
OI003886,O02681,P0174,1,7953.63,7953.63
OI003887,O02367,P0086,1,12227.84,12227.84
OI003888,O02527,P0029,3,18928.47,56785.41
OI003889,O02416,P0060,4,12940.42,51761.68
OI003890,O00367,P0054,4,23430.25,93721.0
OI003891,O01837,P0093,2,9251.61,18503.22
OI003892,O02426,P0069,1,9577.52,9577.52
OI003893,O01716,P0117,1,24593.61,24593.61
OI003894,O02511,P0009,3,22013.97,66041.91
OI003895,O01618,P0126,4,24917.75,99671.0
OI003896,O00013,P0077,4,4420.76,17683.04
OI003897,O00536,P0010,2,16306.85,32613.7
OI003898,O02318,P0102,4,12702.93,50811.72
OI003899,O00376,P0196,4,1894.9,7579.6
OI003900,O01725,P0058,4,11235.34,44941.36
OI003901,O00257,P0113,3,1548.28,4644.84
OI003902,O02265,P0180,4,22553.87,90215.48
OI003903,O00450,P0162,2,12257.2,24514.4
OI003904,O00894,P0106,4,5479.35,21917.4
OI003905,O01185,P0035,2,10042.97,20085.94
OI003906,O02080,P0103,3,11043.84,33131.52
OI003907,O01848,P0103,3,11043.84,33131.52
OI003908,O01284,P0161,2,2542.26,5084.52
OI003909,O01309,P0200,3,18463.96,55391.88
OI003910,O00610,P0160,1,21124.49,21124.49
OI003911,O00917,P0183,1,16517.91,16517.91
OI003912,O02590,P0097,1,24081.57,24081.57
OI003913,O01626,P0136,1,4946.1,4946.1
OI003914,O00148,P0174,1,7953.63,7953.63
OI003915,O00656,P0142,3,374.68,1124.04
OI003916,O02115,P0136,2,4946.1,9892.2
OI003917,O02618,P0106,3,5479.35,16438.05
OI003918,O01817,P0071,4,21714.61,86858.44
OI003919,O01303,P0077,1,4420.76,4420.76
OI003920,O02796,P0054,1,23430.25,23430.25
OI003921,O00443,P0021,3,14101.19,42303.57
OI003922,O02945,P0111,4,19540.96,78163.84
OI003923,O00399,P0075,3,2114.89,6344.67
OI003924,O01152,P0014,2,16770.23,33540.46
OI003925,O02530,P0002,1,8939.41,8939.41
OI003926,O02996,P0189,3,3839.21,11517.63
OI003927,O02234,P0108,2,16290.01,32580.02
OI003928,O02217,P0145,1,577.89,577.89
OI003929,O01708,P0078,1,17404.28,17404.28
OI003930,O01988,P0048,1,17747.74,17747.74
OI003931,O01671,P0091,4,10026.71,40106.84
OI003932,O01582,P0136,3,4946.1,14838.3
OI003933,O00507,P0184,1,22388.43,22388.43
OI003934,O02569,P0017,1,13988.81,13988.81
OI003935,O00161,P0197,2,1874.29,3748.58
OI003936,O00340,P0012,3,8175.91,24527.73
OI003937,O01826,P0166,2,11952.85,23905.7
OI003938,O01499,P0146,3,6569.35,19708.05
OI003939,O01624,P0026,1,13442.11,13442.11
OI003940,O01487,P0037,4,24812.84,99251.36
OI003941,O01507,P0070,2,21961.56,43923.12
OI003942,O02752,P0169,4,11540.22,46160.88
OI003943,O01177,P0079,4,8717.88,34871.52
OI003944,O00823,P0170,4,19646.91,78587.64
OI003945,O00785,P0090,3,12613.9,37841.7
OI003946,O00131,P0041,3,13071.85,39215.55
OI003947,O01476,P0175,4,17234.55,68938.2
OI003948,O02564,P0142,1,374.68,374.68
OI003949,O01500,P0129,1,7725.72,7725.72
OI003950,O02584,P0017,4,13988.81,55955.24
OI003951,O02789,P0183,2,16517.91,33035.82
OI003952,O00781,P0053,2,2282.3,4564.6
OI003953,O01708,P0118,3,6055.58,18166.74
OI003954,O01770,P0109,2,3885.42,7770.84
OI003955,O01319,P0159,1,11414.0,11414.0
OI003956,O01939,P0190,4,18462.1,73848.4
OI003957,O01459,P0136,2,4946.1,9892.2
OI003958,O02636,P0158,4,13744.19,54976.76
OI003959,O02774,P0077,2,4420.76,8841.52
OI003960,O02991,P0080,3,24392.69,73178.07
OI003961,O00376,P0194,1,2211.32,2211.32
OI003962,O02252,P0045,3,3280.07,9840.21
OI003963,O00661,P0018,4,18293.2,73172.8
OI003964,O02123,P0099,1,24148.97,24148.97
OI003965,O01404,P0173,1,19693.89,19693.89
OI003966,O00741,P0147,3,19031.22,57093.66
OI003967,O00304,P0068,2,20454.5,40909.0
OI003968,O01086,P0083,3,3399.86,10199.58
OI003969,O02618,P0050,4,7647.9,30591.6
OI003970,O00786,P0025,2,5103.25,10206.5
OI003971,O01211,P0166,3,11952.85,35858.55
OI003972,O00229,P0121,3,7651.55,22954.65
OI003973,O01855,P0164,2,8184.43,16368.86
OI003974,O00268,P0068,2,20454.5,40909.0
OI003975,O02775,P0056,2,7707.56,15415.12
OI003976,O02850,P0039,3,13544.93,40634.79
OI003977,O00254,P0063,2,24804.73,49609.46
OI003978,O00870,P0128,2,15418.96,30837.92
OI003979,O02135,P0135,2,11299.64,22599.28
OI003980,O01205,P0122,1,2616.04,2616.04
OI003981,O01049,P0186,4,15386.95,61547.8
OI003982,O02270,P0059,2,15054.8,30109.6
OI003983,O00990,P0048,4,17747.74,70990.96
OI003984,O00397,P0133,2,3354.69,6709.38
OI003985,O00938,P0036,2,3895.16,7790.32
OI003986,O02559,P0088,1,19143.76,19143.76
OI003987,O02609,P0025,1,5103.25,5103.25
OI003988,O02894,P0173,2,19693.89,39387.78
OI003989,O00440,P0019,2,11683.62,23367.24
OI003990,O01928,P0135,2,11299.64,22599.28
OI003991,O02359,P0186,4,15386.95,61547.8
OI003992,O02008,P0066,2,23271.82,46543.64
OI003993,O00035,P0080,4,24392.69,97570.76
OI003994,O02265,P0167,1,9459.62,9459.62
OI003995,O00721,P0125,4,12784.61,51138.44
OI003996,O00519,P0146,2,6569.35,13138.7
OI003997,O00269,P0103,1,11043.84,11043.84
OI003998,O00638,P0129,3,7725.72,23177.16
OI003999,O02523,P0191,1,12854.33,12854.33
OI004000,O01349,P0131,3,13223.33,39669.99
OI004001,O01380,P0127,4,20367.86,81471.44
OI004002,O00090,P0021,1,14101.19,14101.19
OI004003,O01066,P0126,1,24917.75,24917.75
OI004004,O01389,P0124,1,1651.07,1651.07
OI004005,O01695,P0158,4,13744.19,54976.76
OI004006,O01390,P0011,2,13370.65,26741.3
OI004007,O02336,P0022,4,23944.87,95779.48
OI004008,O00481,P0111,1,19540.96,19540.96
OI004009,O02685,P0125,2,12784.61,25569.22
OI004010,O00501,P0057,1,9984.84,9984.84
OI004011,O01662,P0089,1,4453.48,4453.48
OI004012,O02100,P0131,3,13223.33,39669.99
OI004013,O00103,P0158,1,13744.19,13744.19
OI004014,O01448,P0128,4,15418.96,61675.84
OI004015,O02747,P0045,4,3280.07,13120.28
OI004016,O01964,P0036,4,3895.16,15580.64
OI004017,O01640,P0087,2,15195.7,30391.4
OI004018,O02518,P0118,3,6055.58,18166.74
OI004019,O01328,P0072,3,20167.54,60502.62
OI004020,O02475,P0192,1,17037.67,17037.67
OI004021,O01680,P0182,1,15966.32,15966.32
OI004022,O02158,P0068,3,20454.5,61363.5
OI004023,O01589,P0178,2,21037.7,42075.4
OI004024,O02563,P0103,4,11043.84,44175.36
OI004025,O00068,P0159,1,11414.0,11414.0
OI004026,O02437,P0029,3,18928.47,56785.41
OI004027,O01674,P0187,2,1759.64,3519.28
OI004028,O00308,P0164,4,8184.43,32737.72
OI004029,O01376,P0105,1,16056.58,16056.58
OI004030,O01823,P0073,4,19771.76,79087.04
OI004031,O01090,P0119,4,3642.01,14568.04
OI004032,O00460,P0085,3,23076.65,69229.95
OI004033,O02395,P0195,3,17936.45,53809.35
OI004034,O02373,P0089,4,4453.48,17813.92
OI004035,O00667,P0089,4,4453.48,17813.92
OI004036,O01623,P0076,1,10134.21,10134.21
OI004037,O01057,P0139,2,20705.69,41411.38
OI004038,O00068,P0116,2,17406.38,34812.76
OI004039,O02235,P0139,4,20705.69,82822.76
OI004040,O02240,P0154,3,20058.27,60174.81
OI004041,O01237,P0053,2,2282.3,4564.6
OI004042,O01624,P0142,4,374.68,1498.72
OI004043,O02476,P0064,3,21300.48,63901.44
OI004044,O01375,P0138,1,10411.83,10411.83
OI004045,O02264,P0031,2,16656.3,33312.6
OI004046,O00177,P0036,1,3895.16,3895.16
OI004047,O01589,P0010,3,16306.85,48920.55
OI004048,O01354,P0026,4,13442.11,53768.44
OI004049,O02609,P0020,1,1597.54,1597.54
OI004050,O02929,P0125,4,12784.61,51138.44
OI004051,O00626,P0044,2,18906.23,37812.46
OI004052,O02655,P0062,1,12474.39,12474.39
OI004053,O00179,P0079,2,8717.88,17435.76
OI004054,O00395,P0009,2,22013.97,44027.94
OI004055,O01169,P0071,2,21714.61,43429.22
OI004056,O00876,P0090,2,12613.9,25227.8
OI004057,O00962,P0024,2,17281.12,34562.24
OI004058,O00198,P0140,3,18367.0,55101.0
OI004059,O00969,P0060,1,12940.42,12940.42
OI004060,O00669,P0084,4,21564.16,86256.64
OI004061,O02505,P0120,4,3122.48,12489.92
OI004062,O01277,P0078,3,17404.28,52212.84
OI004063,O01911,P0016,4,16579.8,66319.2
OI004064,O00072,P0029,4,18928.47,75713.88
OI004065,O00223,P0160,4,21124.49,84497.96
OI004066,O02324,P0119,1,3642.01,3642.01
OI004067,O01270,P0035,4,10042.97,40171.88
OI004068,O01365,P0043,1,2319.2,2319.2
OI004069,O02621,P0096,4,3465.64,13862.56
OI004070,O00924,P0119,4,3642.01,14568.04
OI004071,O00471,P0053,1,2282.3,2282.3
OI004072,O02502,P0020,3,1597.54,4792.62
OI004073,O02055,P0115,4,1538.74,6154.96
OI004074,O00188,P0008,2,13546.3,27092.6
OI004075,O02052,P0122,2,2616.04,5232.08
OI004076,O01669,P0042,3,15627.28,46881.84
OI004077,O02955,P0077,2,4420.76,8841.52
OI004078,O01149,P0070,1,21961.56,21961.56
OI004079,O00960,P0111,4,19540.96,78163.84
OI004080,O02573,P0016,4,16579.8,66319.2
OI004081,O00630,P0069,4,9577.52,38310.08
OI004082,O00775,P0053,4,2282.3,9129.2
OI004083,O00360,P0173,2,19693.89,39387.78
OI004084,O00518,P0179,2,1056.82,2113.64
OI004085,O01344,P0006,2,20028.88,40057.76
OI004086,O01970,P0123,1,17334.82,17334.82
OI004087,O00921,P0033,2,23186.73,46373.46
OI004088,O02900,P0015,2,24854.07,49708.14
OI004089,O00935,P0014,4,16770.23,67080.92
OI004090,O01987,P0167,2,9459.62,18919.24
OI004091,O00901,P0063,3,24804.73,74414.19
OI004092,O01729,P0005,3,1783.55,5350.65
OI004093,O02447,P0121,4,7651.55,30606.2
OI004094,O01370,P0090,2,12613.9,25227.8
OI004095,O01219,P0107,3,15527.74,46583.22
OI004096,O02216,P0180,3,22553.87,67661.61
OI004097,O00377,P0016,1,16579.8,16579.8
OI004098,O01775,P0099,4,24148.97,96595.88
OI004099,O01506,P0166,3,11952.85,35858.55
OI004100,O01268,P0053,3,2282.3,6846.9
OI004101,O02655,P0077,4,4420.76,17683.04
OI004102,O01011,P0093,2,9251.61,18503.22
OI004103,O02637,P0181,4,11590.79,46363.16
OI004104,O01195,P0174,1,7953.63,7953.63
OI004105,O01231,P0098,1,13783.29,13783.29
OI004106,O01178,P0098,1,13783.29,13783.29
OI004107,O02096,P0143,3,10462.23,31386.69
OI004108,O01673,P0059,2,15054.8,30109.6
OI004109,O01929,P0178,1,21037.7,21037.7
OI004110,O00173,P0137,4,9257.21,37028.84
OI004111,O02554,P0026,1,13442.11,13442.11
OI004112,O02446,P0003,3,1828.65,5485.95
OI004113,O00294,P0100,1,10869.2,10869.2
OI004114,O00552,P0047,2,19572.5,39145.0
OI004115,O01471,P0005,1,1783.55,1783.55
OI004116,O02898,P0062,2,12474.39,24948.78
OI004117,O01040,P0084,2,21564.16,43128.32
OI004118,O01663,P0133,4,3354.69,13418.76
OI004119,O00885,P0138,2,10411.83,20823.66
OI004120,O01373,P0080,3,24392.69,73178.07
OI004121,O01227,P0063,3,24804.73,74414.19
OI004122,O00134,P0025,2,5103.25,10206.5
OI004123,O00771,P0044,2,18906.23,37812.46
OI004124,O02556,P0153,1,24399.26,24399.26
OI004125,O01090,P0158,1,13744.19,13744.19
OI004126,O00480,P0014,4,16770.23,67080.92
OI004127,O00863,P0086,1,12227.84,12227.84
OI004128,O00459,P0171,3,22312.91,66938.73
OI004129,O00626,P0156,1,12247.57,12247.57
OI004130,O00159,P0019,4,11683.62,46734.48
OI004131,O02209,P0102,4,12702.93,50811.72
OI004132,O01278,P0170,2,19646.91,39293.82
OI004133,O02008,P0020,4,1597.54,6390.16
OI004134,O01921,P0079,2,8717.88,17435.76
OI004135,O00940,P0139,3,20705.69,62117.07
OI004136,O01573,P0182,3,15966.32,47898.96
OI004137,O02203,P0098,1,13783.29,13783.29
OI004138,O02534,P0121,4,7651.55,30606.2
OI004139,O00432,P0152,3,6105.92,18317.76
OI004140,O01051,P0198,2,401.5,803.0
OI004141,O01004,P0017,4,13988.81,55955.24
OI004142,O02115,P0156,4,12247.57,48990.28
OI004143,O02590,P0050,2,7647.9,15295.8
OI004144,O02144,P0183,4,16517.91,66071.64
OI004145,O00215,P0010,4,16306.85,65227.4
OI004146,O02242,P0149,3,13429.22,40287.66
OI004147,O01671,P0058,2,11235.34,22470.68
OI004148,O01314,P0162,3,12257.2,36771.6
OI004149,O00885,P0095,2,742.72,1485.44
OI004150,O02087,P0107,1,15527.74,15527.74
OI004151,O01888,P0171,4,22312.91,89251.64
OI004152,O00939,P0139,4,20705.69,82822.76
OI004153,O00939,P0033,3,23186.73,69560.19
OI004154,O00206,P0186,4,15386.95,61547.8
OI004155,O00942,P0046,4,20669.08,82676.32
OI004156,O00555,P0189,3,3839.21,11517.63
OI004157,O02532,P0190,3,18462.1,55386.3
OI004158,O01520,P0129,2,7725.72,15451.44
OI004159,O00771,P0149,1,13429.22,13429.22
OI004160,O00249,P0062,3,12474.39,37423.17
OI004161,O01098,P0192,2,17037.67,34075.34
OI004162,O00373,P0087,3,15195.7,45587.1
OI004163,O01855,P0073,2,19771.76,39543.52
OI004164,O02927,P0184,1,22388.43,22388.43
OI004165,O00835,P0001,2,5743.74,11487.48
OI004166,O02919,P0021,2,14101.19,28202.38
OI004167,O00702,P0022,4,23944.87,95779.48
OI004168,O02186,P0182,3,15966.32,47898.96
OI004169,O02996,P0004,2,13024.59,26049.18
OI004170,O02505,P0065,3,5291.91,15875.73
OI004171,O02862,P0179,2,1056.82,2113.64
OI004172,O02871,P0063,4,24804.73,99218.92
OI004173,O00942,P0143,4,10462.23,41848.92
OI004174,O02492,P0036,1,3895.16,3895.16
OI004175,O02401,P0029,2,18928.47,37856.94
OI004176,O00996,P0180,4,22553.87,90215.48
OI004177,O00794,P0174,3,7953.63,23860.89
OI004178,O02459,P0069,2,9577.52,19155.04
OI004179,O00678,P0157,2,2832.43,5664.86
OI004180,O01814,P0111,1,19540.96,19540.96
OI004181,O01562,P0175,3,17234.55,51703.65
OI004182,O00453,P0153,1,24399.26,24399.26
OI004183,O02467,P0144,2,12085.47,24170.94
OI004184,O02498,P0100,1,10869.2,10869.2
OI004185,O01139,P0041,2,13071.85,26143.7
OI004186,O00051,P0193,2,1137.66,2275.32
OI004187,O01393,P0197,1,1874.29,1874.29
OI004188,O01539,P0148,1,3514.03,3514.03
OI004189,O00210,P0197,2,1874.29,3748.58
OI004190,O00888,P0164,1,8184.43,8184.43
OI004191,O01927,P0186,1,15386.95,15386.95
OI004192,O00850,P0048,2,17747.74,35495.48
OI004193,O01878,P0130,3,15635.01,46905.03
OI004194,O00627,P0157,1,2832.43,2832.43
OI004195,O02727,P0144,1,12085.47,12085.47
OI004196,O01459,P0163,4,3836.21,15344.84
OI004197,O02825,P0111,3,19540.96,58622.88
OI004198,O01251,P0062,1,12474.39,12474.39
OI004199,O00663,P0107,2,15527.74,31055.48
OI004200,O00268,P0106,4,5479.35,21917.4
OI004201,O02164,P0132,4,10709.48,42837.92
OI004202,O01624,P0113,4,1548.28,6193.12
OI004203,O01854,P0068,1,20454.5,20454.5
OI004204,O00754,P0179,2,1056.82,2113.64
OI004205,O01353,P0089,4,4453.48,17813.92
OI004206,O01869,P0161,3,2542.26,7626.78
OI004207,O01064,P0078,4,17404.28,69617.12
OI004208,O00182,P0152,4,6105.92,24423.68
OI004209,O01514,P0075,3,2114.89,6344.67
OI004210,O00903,P0025,4,5103.25,20413.0
OI004211,O01143,P0156,4,12247.57,48990.28
OI004212,O02994,P0007,3,5919.43,17758.29
OI004213,O02306,P0113,1,1548.28,1548.28
OI004214,O01507,P0036,3,3895.16,11685.48
OI004215,O02557,P0010,1,16306.85,16306.85
OI004216,O02140,P0113,1,1548.28,1548.28
OI004217,O02003,P0036,1,3895.16,3895.16
OI004218,O01185,P0018,3,18293.2,54879.6
OI004219,O00149,P0134,3,22176.44,66529.32
OI004220,O02165,P0135,1,11299.64,11299.64
OI004221,O02506,P0102,3,12702.93,38108.79
OI004222,O02613,P0140,1,18367.0,18367.0
OI004223,O02862,P0169,3,11540.22,34620.66
OI004224,O02093,P0191,2,12854.33,25708.66
OI004225,O01801,P0025,3,5103.25,15309.75
OI004226,O02022,P0181,3,11590.79,34772.37
OI004227,O02822,P0033,3,23186.73,69560.19
OI004228,O01843,P0087,1,15195.7,15195.7
OI004229,O02037,P0073,1,19771.76,19771.76
OI004230,O02282,P0006,2,20028.88,40057.76
OI004231,O01399,P0190,2,18462.1,36924.2
OI004232,O01571,P0194,4,2211.32,8845.28
OI004233,O01874,P0137,2,9257.21,18514.42
OI004234,O01973,P0067,1,2997.52,2997.52
OI004235,O02245,P0144,2,12085.47,24170.94
OI004236,O02073,P0093,2,9251.61,18503.22
OI004237,O02443,P0108,3,16290.01,48870.03
OI004238,O00714,P0183,2,16517.91,33035.82
OI004239,O01809,P0168,4,9922.46,39689.84
OI004240,O00223,P0026,3,13442.11,40326.33
OI004241,O00864,P0038,1,23182.32,23182.32
OI004242,O00530,P0163,4,3836.21,15344.84
OI004243,O01212,P0196,1,1894.9,1894.9
OI004244,O01426,P0187,4,1759.64,7038.56
OI004245,O02305,P0142,3,374.68,1124.04
OI004246,O00654,P0175,4,17234.55,68938.2
OI004247,O01160,P0103,4,11043.84,44175.36
OI004248,O01843,P0199,2,23916.88,47833.76
OI004249,O02639,P0200,1,18463.96,18463.96
OI004250,O00444,P0042,3,15627.28,46881.84
OI004251,O02466,P0179,4,1056.82,4227.28
OI004252,O00574,P0147,1,19031.22,19031.22
OI004253,O02177,P0066,1,23271.82,23271.82
OI004254,O01011,P0175,2,17234.55,34469.1
OI004255,O00341,P0193,1,1137.66,1137.66
OI004256,O02858,P0042,3,15627.28,46881.84
OI004257,O01281,P0038,2,23182.32,46364.64
OI004258,O00100,P0141,4,19255.69,77022.76
OI004259,O02087,P0106,3,5479.35,16438.05
OI004260,O02311,P0172,3,23887.83,71663.49
OI004261,O00150,P0152,3,6105.92,18317.76
OI004262,O01657,P0096,2,3465.64,6931.28
OI004263,O02738,P0158,1,13744.19,13744.19
OI004264,O02861,P0070,3,21961.56,65884.68
OI004265,O01354,P0038,1,23182.32,23182.32
OI004266,O01144,P0097,1,24081.57,24081.57
OI004267,O01608,P0108,3,16290.01,48870.03
OI004268,O02267,P0119,1,3642.01,3642.01
OI004269,O02954,P0151,2,401.81,803.62
OI004270,O01838,P0074,2,7686.51,15373.02
OI004271,O00244,P0057,4,9984.84,39939.36
OI004272,O02934,P0110,1,1627.61,1627.61
OI004273,O00587,P0079,1,8717.88,8717.88
OI004274,O02566,P0151,4,401.81,1607.24
OI004275,O02238,P0036,2,3895.16,7790.32
OI004276,O02963,P0057,4,9984.84,39939.36
OI004277,O02663,P0129,4,7725.72,30902.88
OI004278,O00856,P0200,4,18463.96,73855.84
OI004279,O02514,P0003,1,1828.65,1828.65
OI004280,O02147,P0014,1,16770.23,16770.23
OI004281,O02036,P0034,1,5942.59,5942.59
OI004282,O00830,P0070,1,21961.56,21961.56
OI004283,O01387,P0069,3,9577.52,28732.56
OI004284,O01717,P0179,4,1056.82,4227.28
OI004285,O01688,P0104,4,2731.05,10924.2
OI004286,O00056,P0029,1,18928.47,18928.47
OI004287,O01726,P0048,2,17747.74,35495.48
OI004288,O01954,P0094,3,1797.49,5392.47
OI004289,O01046,P0079,3,8717.88,26153.64
OI004290,O02628,P0117,2,24593.61,49187.22
OI004291,O00185,P0144,1,12085.47,12085.47
OI004292,O00522,P0185,3,15953.08,47859.24
OI004293,O01602,P0138,3,10411.83,31235.49
OI004294,O02312,P0147,4,19031.22,76124.88
OI004295,O01249,P0067,4,2997.52,11990.08
OI004296,O01659,P0164,1,8184.43,8184.43
OI004297,O01062,P0132,1,10709.48,10709.48
OI004298,O01003,P0075,4,2114.89,8459.56
OI004299,O02171,P0161,4,2542.26,10169.04
OI004300,O02349,P0028,4,11314.24,45256.96
OI004301,O02881,P0121,2,7651.55,15303.1
OI004302,O02018,P0009,3,22013.97,66041.91
OI004303,O01929,P0134,1,22176.44,22176.44
OI004304,O02693,P0123,1,17334.82,17334.82
OI004305,O02922,P0049,2,1000.39,2000.78
OI004306,O00394,P0091,4,10026.71,40106.84
OI004307,O01618,P0125,3,12784.61,38353.83
OI004308,O00661,P0076,4,10134.21,40536.84
OI004309,O01429,P0150,1,5458.53,5458.53
OI004310,O01155,P0104,2,2731.05,5462.1
OI004311,O00069,P0176,3,10996.32,32988.96
OI004312,O02810,P0149,3,13429.22,40287.66
OI004313,O00320,P0033,3,23186.73,69560.19
OI004314,O02225,P0184,3,22388.43,67165.29
OI004315,O00584,P0157,2,2832.43,5664.86
OI004316,O01865,P0053,1,2282.3,2282.3
OI004317,O01184,P0040,3,21066.63,63199.89
OI004318,O00582,P0018,3,18293.2,54879.6
OI004319,O01768,P0175,1,17234.55,17234.55
OI004320,O01557,P0013,4,8391.75,33567.0
OI004321,O01799,P0155,3,23993.46,71980.38
OI004322,O00111,P0190,3,18462.1,55386.3
OI004323,O00999,P0074,4,7686.51,30746.04
OI004324,O00758,P0096,1,3465.64,3465.64
OI004325,O00283,P0105,1,16056.58,16056.58
OI004326,O01743,P0173,3,19693.89,59081.67
OI004327,O02242,P0131,1,13223.33,13223.33
OI004328,O01071,P0150,4,5458.53,21834.12
OI004329,O02390,P0155,2,23993.46,47986.92
OI004330,O02570,P0183,4,16517.91,66071.64
OI004331,O01394,P0067,4,2997.52,11990.08
OI004332,O00801,P0033,2,23186.73,46373.46
OI004333,O02951,P0002,4,8939.41,35757.64
OI004334,O00131,P0075,3,2114.89,6344.67
OI004335,O01294,P0174,3,7953.63,23860.89
OI004336,O01964,P0074,1,7686.51,7686.51
OI004337,O02862,P0161,1,2542.26,2542.26
OI004338,O00061,P0186,4,15386.95,61547.8
OI004339,O02212,P0135,3,11299.64,33898.92
OI004340,O01549,P0143,3,10462.23,31386.69
OI004341,O00272,P0026,2,13442.11,26884.22
OI004342,O01782,P0139,1,20705.69,20705.69
OI004343,O02181,P0128,3,15418.96,46256.88
OI004344,O01268,P0166,4,11952.85,47811.4
OI004345,O01458,P0027,3,2507.24,7521.72
OI004346,O00038,P0135,1,11299.64,11299.64
OI004347,O01895,P0129,4,7725.72,30902.88
OI004348,O01343,P0021,1,14101.19,14101.19
OI004349,O02665,P0079,3,8717.88,26153.64
OI004350,O00474,P0158,3,13744.19,41232.57
OI004351,O00059,P0094,3,1797.49,5392.47
OI004352,O02637,P0008,1,13546.3,13546.3
OI004353,O01964,P0083,4,3399.86,13599.44
OI004354,O02547,P0003,3,1828.65,5485.95
OI004355,O01919,P0055,3,13889.68,41669.04
OI004356,O02615,P0143,3,10462.23,31386.69
OI004357,O02615,P0036,2,3895.16,7790.32
OI004358,O00904,P0006,2,20028.88,40057.76
OI004359,O00383,P0121,4,7651.55,30606.2
OI004360,O01412,P0042,1,15627.28,15627.28
OI004361,O00085,P0050,3,7647.9,22943.7
OI004362,O01534,P0112,3,11549.03,34647.09
OI004363,O02675,P0146,1,6569.35,6569.35
OI004364,O02874,P0050,1,7647.9,7647.9
OI004365,O02341,P0030,4,8754.53,35018.12
OI004366,O01091,P0039,1,13544.93,13544.93
OI004367,O02835,P0116,3,17406.38,52219.14
OI004368,O00129,P0140,4,18367.0,73468.0
OI004369,O02077,P0059,2,15054.8,30109.6
OI004370,O01569,P0076,4,10134.21,40536.84
OI004371,O00692,P0172,4,23887.83,95551.32
OI004372,O01961,P0132,4,10709.48,42837.92
OI004373,O00133,P0164,1,8184.43,8184.43
OI004374,O01209,P0048,3,17747.74,53243.22
OI004375,O00646,P0142,1,374.68,374.68
OI004376,O02737,P0081,3,16060.2,48180.6
OI004377,O02582,P0049,1,1000.39,1000.39
OI004378,O01613,P0067,4,2997.52,11990.08
OI004379,O00516,P0077,3,4420.76,13262.28
OI004380,O02046,P0137,1,9257.21,9257.21
OI004381,O01864,P0021,4,14101.19,56404.76
OI004382,O02213,P0105,2,16056.58,32113.16
OI004383,O02975,P0072,1,20167.54,20167.54
OI004384,O00933,P0016,1,16579.8,16579.8
OI004385,O01664,P0144,2,12085.47,24170.94
OI004386,O00557,P0028,1,11314.24,11314.24
OI004387,O01672,P0179,2,1056.82,2113.64
OI004388,O02728,P0184,3,22388.43,67165.29
OI004389,O00993,P0080,2,24392.69,48785.38
OI004390,O01629,P0057,4,9984.84,39939.36
OI004391,O01692,P0110,2,1627.61,3255.22
OI004392,O00757,P0052,3,9067.4,27202.2
OI004393,O01105,P0174,2,7953.63,15907.26
OI004394,O01271,P0166,2,11952.85,23905.7
OI004395,O02903,P0084,3,21564.16,64692.48
OI004396,O02541,P0048,1,17747.74,17747.74
OI004397,O00649,P0127,1,20367.86,20367.86
OI004398,O01410,P0169,4,11540.22,46160.88
OI004399,O00992,P0098,4,13783.29,55133.16
OI004400,O01331,P0118,2,6055.58,12111.16
OI004401,O00628,P0187,1,1759.64,1759.64
OI004402,O02673,P0093,1,9251.61,9251.61
OI004403,O02591,P0067,2,2997.52,5995.04
OI004404,O02055,P0074,3,7686.51,23059.53
OI004405,O01950,P0084,1,21564.16,21564.16
OI004406,O00954,P0194,4,2211.32,8845.28
OI004407,O02563,P0155,2,23993.46,47986.92
OI004408,O01843,P0160,3,21124.49,63373.47
OI004409,O02803,P0184,4,22388.43,89553.72
OI004410,O02121,P0010,1,16306.85,16306.85
OI004411,O00010,P0168,3,9922.46,29767.38
OI004412,O01597,P0145,4,577.89,2311.56
OI004413,O02610,P0186,2,15386.95,30773.9
OI004414,O00122,P0118,3,6055.58,18166.74
OI004415,O00687,P0097,3,24081.57,72244.71
OI004416,O02010,P0006,2,20028.88,40057.76
OI004417,O02561,P0167,1,9459.62,9459.62
OI004418,O00441,P0018,1,18293.2,18293.2
OI004419,O02750,P0072,3,20167.54,60502.62
OI004420,O00591,P0089,3,4453.48,13360.44
OI004421,O01369,P0042,3,15627.28,46881.84
OI004422,O01990,P0004,4,13024.59,52098.36
OI004423,O01362,P0020,3,1597.54,4792.62
OI004424,O01208,P0028,1,11314.24,11314.24
OI004425,O02115,P0168,2,9922.46,19844.92
OI004426,O02065,P0193,2,1137.66,2275.32
OI004427,O01407,P0104,2,2731.05,5462.1
OI004428,O02416,P0044,3,18906.23,56718.69
OI004429,O02952,P0023,3,4465.04,13395.12
OI004430,O01340,P0185,2,15953.08,31906.16
OI004431,O01521,P0047,4,19572.5,78290.0
OI004432,O02769,P0013,4,8391.75,33567.0
OI004433,O01577,P0144,4,12085.47,48341.88
OI004434,O00908,P0183,4,16517.91,66071.64
OI004435,O02521,P0095,1,742.72,742.72
OI004436,O00115,P0193,2,1137.66,2275.32
OI004437,O02148,P0016,1,16579.8,16579.8
OI004438,O02486,P0119,3,3642.01,10926.03
OI004439,O01369,P0165,4,18460.19,73840.76
OI004440,O02397,P0180,4,22553.87,90215.48
OI004441,O00139,P0117,2,24593.61,49187.22
OI004442,O00828,P0010,4,16306.85,65227.4
OI004443,O02372,P0122,2,2616.04,5232.08
OI004444,O00846,P0038,3,23182.32,69546.96
OI004445,O02342,P0044,4,18906.23,75624.92
OI004446,O01981,P0095,4,742.72,2970.88
OI004447,O01553,P0074,1,7686.51,7686.51
OI004448,O01316,P0182,2,15966.32,31932.64
OI004449,O00074,P0113,2,1548.28,3096.56
OI004450,O00484,P0051,4,6651.5,26606.0
OI004451,O00016,P0052,1,9067.4,9067.4
OI004452,O01550,P0198,4,401.5,1606.0
OI004453,O01360,P0092,2,3744.71,7489.42
OI004454,O02841,P0059,2,15054.8,30109.6
OI004455,O01897,P0013,4,8391.75,33567.0
OI004456,O02564,P0169,3,11540.22,34620.66
OI004457,O02973,P0012,4,8175.91,32703.64
OI004458,O01151,P0050,1,7647.9,7647.9
OI004459,O02872,P0057,2,9984.84,19969.68
OI004460,O02566,P0178,2,21037.7,42075.4
OI004461,O00129,P0119,4,3642.01,14568.04
OI004462,O00511,P0057,3,9984.84,29954.52
OI004463,O00423,P0182,2,15966.32,31932.64
OI004464,O02433,P0194,4,2211.32,8845.28
OI004465,O01907,P0008,3,13546.3,40638.9
OI004466,O00232,P0106,4,5479.35,21917.4
OI004467,O00959,P0191,4,12854.33,51417.32
OI004468,O00825,P0137,4,9257.21,37028.84
OI004469,O00065,P0188,2,13008.36,26016.72
OI004470,O00833,P0120,3,3122.48,9367.44
OI004471,O00615,P0063,1,24804.73,24804.73
OI004472,O02029,P0072,1,20167.54,20167.54
OI004473,O00801,P0131,2,13223.33,26446.66
OI004474,O01968,P0013,2,8391.75,16783.5
OI004475,O00278,P0137,4,9257.21,37028.84
OI004476,O02014,P0052,4,9067.4,36269.6
OI004477,O01718,P0062,3,12474.39,37423.17
OI004478,O02414,P0119,4,3642.01,14568.04
OI004479,O02564,P0109,3,3885.42,11656.26
OI004480,O01239,P0008,4,13546.3,54185.2
OI004481,O02487,P0095,4,742.72,2970.88
OI004482,O00428,P0125,1,12784.61,12784.61
OI004483,O02777,P0173,2,19693.89,39387.78
OI004484,O02444,P0053,3,2282.3,6846.9
OI004485,O01525,P0063,1,24804.73,24804.73
OI004486,O01487,P0095,4,742.72,2970.88
OI004487,O00586,P0081,1,16060.2,16060.2
OI004488,O00375,P0057,3,9984.84,29954.52
OI004489,O01524,P0182,2,15966.32,31932.64
OI004490,O02996,P0147,1,19031.22,19031.22
OI004491,O00093,P0067,3,2997.52,8992.56
OI004492,O01601,P0046,4,20669.08,82676.32
OI004493,O02369,P0094,1,1797.49,1797.49
OI004494,O00914,P0138,2,10411.83,20823.66
OI004495,O01346,P0113,3,1548.28,4644.84
OI004496,O01841,P0093,2,9251.61,18503.22
OI004497,O01302,P0146,4,6569.35,26277.4
OI004498,O01622,P0140,2,18367.0,36734.0
OI004499,O01562,P0049,4,1000.39,4001.56
OI004500,O01754,P0023,4,4465.04,17860.16
OI004501,O01417,P0062,1,12474.39,12474.39
OI004502,O02965,P0011,4,13370.65,53482.6
OI004503,O00095,P0073,2,19771.76,39543.52
OI004504,O01780,P0118,1,6055.58,6055.58
OI004505,O00959,P0184,4,22388.43,89553.72
OI004506,O01131,P0088,3,19143.76,57431.28
OI004507,O01414,P0089,3,4453.48,13360.44
OI004508,O01784,P0055,4,13889.68,55558.72
OI004509,O02119,P0153,1,24399.26,24399.26
OI004510,O00664,P0009,1,22013.97,22013.97
OI004511,O00969,P0012,1,8175.91,8175.91
OI004512,O02635,P0139,2,20705.69,41411.38
OI004513,O02775,P0113,3,1548.28,4644.84
OI004514,O02416,P0166,4,11952.85,47811.4
OI004515,O02099,P0156,4,12247.57,48990.28
OI004516,O01167,P0008,3,13546.3,40638.9
OI004517,O01572,P0175,2,17234.55,34469.1
OI004518,O01524,P0036,1,3895.16,3895.16
OI004519,O00988,P0125,3,12784.61,38353.83
OI004520,O02308,P0050,4,7647.9,30591.6
OI004521,O01226,P0107,2,15527.74,31055.48
OI004522,O01209,P0009,4,22013.97,88055.88
OI004523,O02206,P0188,1,13008.36,13008.36
OI004524,O00099,P0200,3,18463.96,55391.88
OI004525,O02289,P0067,1,2997.52,2997.52
OI004526,O01515,P0053,2,2282.3,4564.6
OI004527,O00202,P0082,3,20579.77,61739.31
OI004528,O00634,P0110,1,1627.61,1627.61
OI004529,O00746,P0145,1,577.89,577.89
OI004530,O00490,P0053,1,2282.3,2282.3
OI004531,O00579,P0156,2,12247.57,24495.14
OI004532,O02575,P0114,1,24872.17,24872.17
OI004533,O00273,P0063,4,24804.73,99218.92
OI004534,O01243,P0143,3,10462.23,31386.69
OI004535,O00786,P0019,3,11683.62,35050.86
OI004536,O00453,P0124,1,1651.07,1651.07
OI004537,O01176,P0086,2,12227.84,24455.68
OI004538,O02395,P0070,4,21961.56,87846.24
OI004539,O00816,P0047,4,19572.5,78290.0
OI004540,O00414,P0199,3,23916.88,71750.64
OI004541,O01551,P0108,3,16290.01,48870.03
OI004542,O00431,P0176,4,10996.32,43985.28
OI004543,O02427,P0020,3,1597.54,4792.62
OI004544,O00895,P0037,1,24812.84,24812.84
OI004545,O02476,P0130,4,15635.01,62540.04
OI004546,O01947,P0192,3,17037.67,51113.01
OI004547,O01108,P0036,1,3895.16,3895.16
OI004548,O00192,P0133,1,3354.69,3354.69
OI004549,O00041,P0064,4,21300.48,85201.92
OI004550,O01888,P0007,1,5919.43,5919.43
OI004551,O01860,P0198,4,401.5,1606.0
OI004552,O01797,P0120,1,3122.48,3122.48
OI004553,O01333,P0022,4,23944.87,95779.48
OI004554,O00136,P0046,4,20669.08,82676.32
OI004555,O01814,P0168,4,9922.46,39689.84
OI004556,O00106,P0189,4,3839.21,15356.84
OI004557,O00519,P0110,1,1627.61,1627.61
OI004558,O01942,P0046,4,20669.08,82676.32
OI004559,O02862,P0028,3,11314.24,33942.72
OI004560,O01566,P0087,1,15195.7,15195.7
OI004561,O00126,P0035,4,10042.97,40171.88
OI004562,O02448,P0129,1,7725.72,7725.72
OI004563,O02127,P0157,1,2832.43,2832.43
OI004564,O00389,P0009,1,22013.97,22013.97
OI004565,O01559,P0009,1,22013.97,22013.97
OI004566,O01725,P0022,4,23944.87,95779.48
OI004567,O02122,P0191,1,12854.33,12854.33
OI004568,O01029,P0194,3,2211.32,6633.96
OI004569,O01943,P0186,1,15386.95,15386.95
OI004570,O00082,P0070,1,21961.56,21961.56
OI004571,O01561,P0183,3,16517.91,49553.73
OI004572,O00776,P0141,4,19255.69,77022.76
OI004573,O00278,P0147,3,19031.22,57093.66
OI004574,O02888,P0161,2,2542.26,5084.52
OI004575,O01879,P0065,3,5291.91,15875.73
OI004576,O02272,P0188,4,13008.36,52033.44
OI004577,O01608,P0140,3,18367.0,55101.0
OI004578,O00606,P0043,1,2319.2,2319.2
OI004579,O02067,P0017,4,13988.81,55955.24
OI004580,O00640,P0068,2,20454.5,40909.0
OI004581,O01790,P0029,4,18928.47,75713.88
OI004582,O01757,P0183,1,16517.91,16517.91
OI004583,O01367,P0135,2,11299.64,22599.28
OI004584,O02145,P0044,4,18906.23,75624.92
OI004585,O00175,P0133,4,3354.69,13418.76
OI004586,O01377,P0188,1,13008.36,13008.36
OI004587,O00348,P0134,3,22176.44,66529.32
OI004588,O00001,P0007,3,5919.43,17758.29
OI004589,O00063,P0174,2,7953.63,15907.26
OI004590,O01784,P0185,1,15953.08,15953.08
OI004591,O00226,P0054,1,23430.25,23430.25
OI004592,O02471,P0046,3,20669.08,62007.24
OI004593,O01043,P0138,3,10411.83,31235.49
OI004594,O02079,P0004,2,13024.59,26049.18
OI004595,O00845,P0195,3,17936.45,53809.35
OI004596,O02681,P0153,2,24399.26,48798.52
OI004597,O00024,P0091,4,10026.71,40106.84
OI004598,O02885,P0061,2,22992.86,45985.72
OI004599,O01235,P0166,2,11952.85,23905.7
OI004600,O01985,P0160,2,21124.49,42248.98
OI004601,O00161,P0151,4,401.81,1607.24
OI004602,O01279,P0111,3,19540.96,58622.88
OI004603,O01595,P0037,2,24812.84,49625.68
OI004604,O02162,P0003,3,1828.65,5485.95
OI004605,O02552,P0013,2,8391.75,16783.5
OI004606,O01953,P0162,3,12257.2,36771.6
OI004607,O01696,P0088,2,19143.76,38287.52
OI004608,O00955,P0193,3,1137.66,3412.98
OI004609,O00357,P0076,1,10134.21,10134.21
OI004610,O02217,P0008,4,13546.3,54185.2
OI004611,O00969,P0083,2,3399.86,6799.72
OI004612,O00242,P0009,4,22013.97,88055.88
OI004613,O00139,P0156,2,12247.57,24495.14
OI004614,O02145,P0078,1,17404.28,17404.28
OI004615,O00147,P0124,1,1651.07,1651.07
OI004616,O01081,P0146,4,6569.35,26277.4
OI004617,O01066,P0042,2,15627.28,31254.56
OI004618,O02914,P0041,3,13071.85,39215.55
OI004619,O00543,P0198,2,401.5,803.0
OI004620,O00692,P0161,3,2542.26,7626.78
OI004621,O01026,P0089,4,4453.48,17813.92
OI004622,O01162,P0077,4,4420.76,17683.04
OI004623,O01641,P0054,1,23430.25,23430.25
OI004624,O02952,P0164,3,8184.43,24553.29
OI004625,O00730,P0097,2,24081.57,48163.14
OI004626,O02379,P0098,1,13783.29,13783.29
OI004627,O02665,P0056,4,7707.56,30830.24
OI004628,O00404,P0100,1,10869.2,10869.2
OI004629,O02556,P0145,2,577.89,1155.78
OI004630,O01940,P0010,2,16306.85,32613.7
OI004631,O01151,P0044,4,18906.23,75624.92
OI004632,O01736,P0130,1,15635.01,15635.01
OI004633,O01039,P0142,3,374.68,1124.04
OI004634,O02274,P0169,3,11540.22,34620.66
OI004635,O02913,P0130,3,15635.01,46905.03
OI004636,O00745,P0019,2,11683.62,23367.24
OI004637,O02541,P0080,1,24392.69,24392.69
OI004638,O00319,P0089,3,4453.48,13360.44
OI004639,O01243,P0001,1,5743.74,5743.74
OI004640,O00773,P0130,4,15635.01,62540.04
OI004641,O01917,P0027,3,2507.24,7521.72
OI004642,O02500,P0002,1,8939.41,8939.41
OI004643,O00944,P0179,2,1056.82,2113.64
OI004644,O02896,P0138,4,10411.83,41647.32
OI004645,O02015,P0019,4,11683.62,46734.48
OI004646,O01214,P0141,4,19255.69,77022.76
OI004647,O02932,P0176,4,10996.32,43985.28
OI004648,O00419,P0114,2,24872.17,49744.34
OI004649,O00865,P0056,2,7707.56,15415.12
OI004650,O00789,P0200,3,18463.96,55391.88
OI004651,O01872,P0184,2,22388.43,44776.86
OI004652,O00495,P0178,2,21037.7,42075.4
OI004653,O01063,P0095,4,742.72,2970.88
OI004654,O02210,P0173,2,19693.89,39387.78
OI004655,O02026,P0187,4,1759.64,7038.56
OI004656,O02169,P0167,1,9459.62,9459.62
OI004657,O02447,P0149,1,13429.22,13429.22
OI004658,O01986,P0183,1,16517.91,16517.91
OI004659,O00728,P0057,1,9984.84,9984.84
OI004660,O00561,P0102,1,12702.93,12702.93
OI004661,O02652,P0169,1,11540.22,11540.22
OI004662,O01153,P0070,1,21961.56,21961.56
OI004663,O00540,P0082,4,20579.77,82319.08
OI004664,O02404,P0049,4,1000.39,4001.56
OI004665,O00660,P0172,4,23887.83,95551.32
OI004666,O02480,P0163,4,3836.21,15344.84
OI004667,O01864,P0091,2,10026.71,20053.42
OI004668,O02611,P0005,2,1783.55,3567.1
OI004669,O01451,P0199,3,23916.88,71750.64
OI004670,O00817,P0179,2,1056.82,2113.64
OI004671,O01945,P0057,4,9984.84,39939.36
OI004672,O02759,P0186,4,15386.95,61547.8
OI004673,O01216,P0092,1,3744.71,3744.71
OI004674,O00012,P0036,1,3895.16,3895.16
OI004675,O02287,P0138,3,10411.83,31235.49
OI004676,O01896,P0178,2,21037.7,42075.4
OI004677,O02501,P0165,4,18460.19,73840.76
OI004678,O02431,P0112,2,11549.03,23098.06
OI004679,O02830,P0148,3,3514.03,10542.09
OI004680,O00048,P0013,1,8391.75,8391.75
OI004681,O02365,P0122,4,2616.04,10464.16
OI004682,O02257,P0109,1,3885.42,3885.42
OI004683,O01571,P0147,4,19031.22,76124.88
OI004684,O00577,P0092,1,3744.71,3744.71
OI004685,O02363,P0102,1,12702.93,12702.93
OI004686,O00754,P0056,3,7707.56,23122.68
OI004687,O01060,P0045,2,3280.07,6560.14
OI004688,O02963,P0060,1,12940.42,12940.42
OI004689,O02803,P0196,4,1894.9,7579.6
OI004690,O00554,P0185,2,15953.08,31906.16
OI004691,O00403,P0054,2,23430.25,46860.5
OI004692,O01131,P0037,1,24812.84,24812.84
OI004693,O02087,P0037,1,24812.84,24812.84
OI004694,O02629,P0014,1,16770.23,16770.23
OI004695,O02228,P0095,2,742.72,1485.44
OI004696,O02060,P0172,3,23887.83,71663.49
OI004697,O02991,P0102,1,12702.93,12702.93
OI004698,O00548,P0042,2,15627.28,31254.56
OI004699,O01150,P0001,2,5743.74,11487.48
OI004700,O00063,P0023,4,4465.04,17860.16
OI004701,O00844,P0192,1,17037.67,17037.67
OI004702,O01009,P0028,3,11314.24,33942.72
OI004703,O01843,P0132,4,10709.48,42837.92
OI004704,O02032,P0169,1,11540.22,11540.22
OI004705,O01323,P0188,4,13008.36,52033.44
OI004706,O02082,P0018,1,18293.2,18293.2
OI004707,O00752,P0191,4,12854.33,51417.32
OI004708,O00049,P0189,3,3839.21,11517.63
OI004709,O00658,P0049,4,1000.39,4001.56
OI004710,O01661,P0047,4,19572.5,78290.0
OI004711,O00701,P0115,4,1538.74,6154.96
OI004712,O01081,P0039,1,13544.93,13544.93
OI004713,O02157,P0006,1,20028.88,20028.88
OI004714,O01541,P0053,3,2282.3,6846.9
OI004715,O02072,P0025,4,5103.25,20413.0
OI004716,O02269,P0099,2,24148.97,48297.94
OI004717,O01984,P0065,4,5291.91,21167.64
OI004718,O00315,P0133,2,3354.69,6709.38
OI004719,O02342,P0193,2,1137.66,2275.32
OI004720,O01701,P0008,4,13546.3,54185.2
OI004721,O01018,P0039,2,13544.93,27089.86
OI004722,O00638,P0111,2,19540.96,39081.92
OI004723,O02315,P0043,4,2319.2,9276.8
OI004724,O02136,P0082,1,20579.77,20579.77
OI004725,O02503,P0123,4,17334.82,69339.28
OI004726,O01650,P0133,3,3354.69,10064.07
OI004727,O02805,P0004,2,13024.59,26049.18
OI004728,O02479,P0108,3,16290.01,48870.03
OI004729,O01776,P0093,2,9251.61,18503.22
OI004730,O01967,P0129,1,7725.72,7725.72
OI004731,O02959,P0094,2,1797.49,3594.98
OI004732,O01964,P0056,4,7707.56,30830.24
OI004733,O01768,P0173,2,19693.89,39387.78
OI004734,O00242,P0193,3,1137.66,3412.98
OI004735,O00702,P0003,4,1828.65,7314.6
OI004736,O02950,P0022,3,23944.87,71834.61
OI004737,O00741,P0200,1,18463.96,18463.96
OI004738,O02114,P0056,3,7707.56,23122.68
OI004739,O02426,P0018,3,18293.2,54879.6
OI004740,O02436,P0153,3,24399.26,73197.78
OI004741,O01815,P0176,4,10996.32,43985.28
OI004742,O00781,P0116,1,17406.38,17406.38
OI004743,O02257,P0084,1,21564.16,21564.16
OI004744,O00016,P0159,1,11414.0,11414.0
OI004745,O00986,P0030,3,8754.53,26263.59
OI004746,O00367,P0080,4,24392.69,97570.76
OI004747,O02828,P0066,4,23271.82,93087.28
OI004748,O01253,P0010,4,16306.85,65227.4
OI004749,O02488,P0199,3,23916.88,71750.64
OI004750,O00690,P0059,1,15054.8,15054.8
OI004751,O01060,P0051,3,6651.5,19954.5
OI004752,O00847,P0123,4,17334.82,69339.28
OI004753,O00422,P0137,3,9257.21,27771.63
OI004754,O01644,P0054,2,23430.25,46860.5
OI004755,O01213,P0190,1,18462.1,18462.1
OI004756,O00608,P0081,1,16060.2,16060.2
OI004757,O01339,P0137,4,9257.21,37028.84
OI004758,O00020,P0009,3,22013.97,66041.91
OI004759,O00676,P0101,4,7864.22,31456.88
OI004760,O00382,P0152,3,6105.92,18317.76
OI004761,O00609,P0039,2,13544.93,27089.86
OI004762,O02191,P0136,1,4946.1,4946.1
OI004763,O00062,P0153,1,24399.26,24399.26
OI004764,O01266,P0110,3,1627.61,4882.83
OI004765,O02286,P0066,1,23271.82,23271.82
OI004766,O01155,P0010,3,16306.85,48920.55
OI004767,O01629,P0117,4,24593.61,98374.44
OI004768,O01627,P0152,2,6105.92,12211.84
OI004769,O01147,P0083,3,3399.86,10199.58
OI004770,O01464,P0187,2,1759.64,3519.28
OI004771,O00927,P0159,4,11414.0,45656.0
OI004772,O02390,P0139,4,20705.69,82822.76
OI004773,O01443,P0134,4,22176.44,88705.76
OI004774,O01654,P0070,3,21961.56,65884.68
OI004775,O02503,P0160,2,21124.49,42248.98
OI004776,O00282,P0039,2,13544.93,27089.86
OI004777,O00886,P0176,1,10996.32,10996.32
OI004778,O01025,P0013,3,8391.75,25175.25
OI004779,O00723,P0059,1,15054.8,15054.8
OI004780,O01799,P0067,1,2997.52,2997.52
OI004781,O01236,P0184,3,22388.43,67165.29
OI004782,O00087,P0041,1,13071.85,13071.85
OI004783,O00665,P0184,1,22388.43,22388.43
OI004784,O00862,P0035,1,10042.97,10042.97
OI004785,O01723,P0166,4,11952.85,47811.4
OI004786,O02109,P0081,3,16060.2,48180.6
OI004787,O02845,P0195,4,17936.45,71745.8
OI004788,O02143,P0034,1,5942.59,5942.59
OI004789,O00786,P0076,1,10134.21,10134.21
OI004790,O01577,P0070,4,21961.56,87846.24
OI004791,O01668,P0011,1,13370.65,13370.65
OI004792,O02345,P0112,3,11549.03,34647.09
OI004793,O00694,P0027,2,2507.24,5014.48
OI004794,O02447,P0048,4,17747.74,70990.96
OI004795,O02994,P0024,2,17281.12,34562.24
OI004796,O01255,P0018,2,18293.2,36586.4
OI004797,O00534,P0027,2,2507.24,5014.48
OI004798,O00402,P0054,4,23430.25,93721.0
OI004799,O00130,P0055,1,13889.68,13889.68
OI004800,O02340,P0120,3,3122.48,9367.44
OI004801,O00276,P0021,1,14101.19,14101.19
OI004802,O02960,P0187,3,1759.64,5278.92
OI004803,O01859,P0115,1,1538.74,1538.74
OI004804,O02974,P0162,2,12257.2,24514.4
OI004805,O00055,P0120,2,3122.48,6244.96
OI004806,O02787,P0058,3,11235.34,33706.02
OI004807,O00765,P0176,4,10996.32,43985.28
OI004808,O01221,P0054,1,23430.25,23430.25
OI004809,O00642,P0146,2,6569.35,13138.7
OI004810,O01848,P0003,3,1828.65,5485.95
OI004811,O00724,P0152,1,6105.92,6105.92
OI004812,O01214,P0129,3,7725.72,23177.16
OI004813,O00802,P0006,4,20028.88,80115.52
OI004814,O00738,P0019,4,11683.62,46734.48
OI004815,O00758,P0086,1,12227.84,12227.84
OI004816,O01592,P0115,4,1538.74,6154.96
OI004817,O02615,P0171,1,22312.91,22312.91
OI004818,O01300,P0123,1,17334.82,17334.82
OI004819,O01842,P0136,4,4946.1,19784.4
OI004820,O00340,P0197,3,1874.29,5622.87
OI004821,O00153,P0180,3,22553.87,67661.61
OI004822,O01589,P0073,1,19771.76,19771.76
OI004823,O01422,P0047,2,19572.5,39145.0
OI004824,O01468,P0085,1,23076.65,23076.65
OI004825,O00427,P0028,3,11314.24,33942.72
OI004826,O02252,P0046,1,20669.08,20669.08
OI004827,O01136,P0132,3,10709.48,32128.44
OI004828,O02373,P0120,4,3122.48,12489.92
OI004829,O00950,P0136,1,4946.1,4946.1
OI004830,O02999,P0116,1,17406.38,17406.38
OI004831,O01374,P0061,4,22992.86,91971.44
OI004832,O02031,P0017,4,13988.81,55955.24
OI004833,O02987,P0034,2,5942.59,11885.18
OI004834,O00957,P0020,4,1597.54,6390.16
OI004835,O01702,P0162,2,12257.2,24514.4
OI004836,O02942,P0043,4,2319.2,9276.8
OI004837,O02483,P0010,3,16306.85,48920.55
OI004838,O01304,P0094,1,1797.49,1797.49
OI004839,O00371,P0158,4,13744.19,54976.76
OI004840,O02981,P0115,3,1538.74,4616.22
OI004841,O02297,P0153,4,24399.26,97597.04
OI004842,O02939,P0127,1,20367.86,20367.86
OI004843,O02229,P0185,4,15953.08,63812.32
OI004844,O00703,P0110,4,1627.61,6510.44
OI004845,O01675,P0191,1,12854.33,12854.33
OI004846,O02126,P0107,4,15527.74,62110.96
OI004847,O02967,P0105,1,16056.58,16056.58
OI004848,O02933,P0071,2,21714.61,43429.22
OI004849,O02384,P0175,4,17234.55,68938.2
OI004850,O00050,P0084,3,21564.16,64692.48
OI004851,O02133,P0003,4,1828.65,7314.6
OI004852,O02743,P0046,1,20669.08,20669.08
OI004853,O02052,P0164,1,8184.43,8184.43
OI004854,O00993,P0026,3,13442.11,40326.33
OI004855,O02365,P0138,3,10411.83,31235.49
OI004856,O01135,P0162,1,12257.2,12257.2
OI004857,O01358,P0008,2,13546.3,27092.6
OI004858,O01875,P0055,2,13889.68,27779.36
OI004859,O00763,P0091,1,10026.71,10026.71
OI004860,O02660,P0138,2,10411.83,20823.66
OI004861,O01005,P0185,3,15953.08,47859.24
OI004862,O02962,P0114,2,24872.17,49744.34
OI004863,O02847,P0079,3,8717.88,26153.64
OI004864,O02167,P0101,4,7864.22,31456.88
OI004865,O00350,P0086,3,12227.84,36683.52
OI004866,O02965,P0045,4,3280.07,13120.28
OI004867,O00687,P0050,3,7647.9,22943.7
OI004868,O00542,P0064,3,21300.48,63901.44
OI004869,O00361,P0095,2,742.72,1485.44
OI004870,O02756,P0002,3,8939.41,26818.23
OI004871,O02733,P0173,1,19693.89,19693.89
OI004872,O02378,P0095,4,742.72,2970.88
OI004873,O02267,P0062,4,12474.39,49897.56
OI004874,O02256,P0142,3,374.68,1124.04
OI004875,O01694,P0074,1,7686.51,7686.51
OI004876,O02893,P0100,3,10869.2,32607.6
OI004877,O00085,P0111,3,19540.96,58622.88
OI004878,O00685,P0104,2,2731.05,5462.1
OI004879,O00245,P0015,3,24854.07,74562.21
OI004880,O02920,P0014,3,16770.23,50310.69
OI004881,O01359,P0159,2,11414.0,22828.0
OI004882,O00596,P0157,2,2832.43,5664.86
OI004883,O02733,P0027,1,2507.24,2507.24
OI004884,O01157,P0085,2,23076.65,46153.3
OI004885,O01824,P0009,4,22013.97,88055.88
OI004886,O01798,P0020,4,1597.54,6390.16
OI004887,O00350,P0186,1,15386.95,15386.95
OI004888,O02330,P0079,3,8717.88,26153.64
OI004889,O02341,P0177,1,6441.3,6441.3
OI004890,O01293,P0057,2,9984.84,19969.68
OI004891,O01885,P0144,3,12085.47,36256.41
OI004892,O01561,P0100,1,10869.2,10869.2
OI004893,O00984,P0075,1,2114.89,2114.89
OI004894,O02068,P0136,4,4946.1,19784.4
OI004895,O02807,P0067,1,2997.52,2997.52
OI004896,O01864,P0019,3,11683.62,35050.86
OI004897,O01980,P0105,1,16056.58,16056.58
OI004898,O01737,P0195,1,17936.45,17936.45
OI004899,O02453,P0164,2,8184.43,16368.86
OI004900,O01139,P0188,1,13008.36,13008.36
OI004901,O01919,P0164,3,8184.43,24553.29
OI004902,O00701,P0011,4,13370.65,53482.6
OI004903,O02074,P0051,4,6651.5,26606.0
OI004904,O00566,P0126,4,24917.75,99671.0
OI004905,O00395,P0080,4,24392.69,97570.76
OI004906,O01957,P0183,2,16517.91,33035.82
OI004907,O00523,P0054,3,23430.25,70290.75
OI004908,O01563,P0017,2,13988.81,27977.62
OI004909,O02910,P0190,4,18462.1,73848.4
OI004910,O01107,P0170,2,19646.91,39293.82
OI004911,O02850,P0024,1,17281.12,17281.12
OI004912,O00550,P0145,3,577.89,1733.67
OI004913,O01469,P0048,1,17747.74,17747.74
OI004914,O02135,P0084,2,21564.16,43128.32
OI004915,O00833,P0198,1,401.5,401.5
OI004916,O00387,P0007,2,5919.43,11838.86
OI004917,O00963,P0142,2,374.68,749.36
OI004918,O02716,P0011,3,13370.65,40111.95
OI004919,O01422,P0012,3,8175.91,24527.73
OI004920,O00286,P0110,3,1627.61,4882.83
OI004921,O02746,P0133,4,3354.69,13418.76
OI004922,O00369,P0133,3,3354.69,10064.07
OI004923,O02703,P0128,1,15418.96,15418.96
OI004924,O01446,P0148,3,3514.03,10542.09
OI004925,O01742,P0054,3,23430.25,70290.75
OI004926,O02702,P0055,3,13889.68,41669.04
OI004927,O02745,P0186,2,15386.95,30773.9
OI004928,O01467,P0079,2,8717.88,17435.76
OI004929,O01777,P0090,3,12613.9,37841.7
OI004930,O01544,P0097,2,24081.57,48163.14
OI004931,O00915,P0127,2,20367.86,40735.72
OI004932,O00288,P0030,4,8754.53,35018.12
OI004933,O00095,P0024,1,17281.12,17281.12
OI004934,O02717,P0131,2,13223.33,26446.66
OI004935,O02089,P0122,1,2616.04,2616.04
OI004936,O00331,P0100,2,10869.2,21738.4
OI004937,O01837,P0176,3,10996.32,32988.96
OI004938,O01805,P0071,2,21714.61,43429.22
OI004939,O01179,P0150,2,5458.53,10917.06
OI004940,O02552,P0014,1,16770.23,16770.23
OI004941,O00275,P0048,3,17747.74,53243.22
OI004942,O01589,P0029,4,18928.47,75713.88
OI004943,O02227,P0050,1,7647.9,7647.9
OI004944,O01957,P0138,3,10411.83,31235.49
OI004945,O01776,P0199,3,23916.88,71750.64
OI004946,O02185,P0027,1,2507.24,2507.24
OI004947,O00767,P0079,2,8717.88,17435.76
OI004948,O00988,P0096,3,3465.64,10396.92
OI004949,O01760,P0156,4,12247.57,48990.28
OI004950,O01204,P0137,2,9257.21,18514.42
OI004951,O02291,P0071,1,21714.61,21714.61
OI004952,O01120,P0080,1,24392.69,24392.69
OI004953,O00197,P0154,1,20058.27,20058.27
OI004954,O00526,P0081,1,16060.2,16060.2
OI004955,O00632,P0087,4,15195.7,60782.8
OI004956,O01411,P0008,4,13546.3,54185.2
OI004957,O00408,P0002,3,8939.41,26818.23
OI004958,O01293,P0185,4,15953.08,63812.32
OI004959,O01195,P0180,1,22553.87,22553.87
OI004960,O01949,P0186,4,15386.95,61547.8
OI004961,O00691,P0123,2,17334.82,34669.64
OI004962,O02218,P0121,2,7651.55,15303.1
OI004963,O00159,P0096,3,3465.64,10396.92
OI004964,O02495,P0093,1,9251.61,9251.61
OI004965,O01690,P0003,4,1828.65,7314.6
OI004966,O01938,P0136,3,4946.1,14838.3
OI004967,O01018,P0187,3,1759.64,5278.92
OI004968,O01081,P0002,4,8939.41,35757.64
OI004969,O00112,P0190,3,18462.1,55386.3
OI004970,O00048,P0115,1,1538.74,1538.74
OI004971,O01911,P0049,4,1000.39,4001.56
OI004972,O00376,P0101,2,7864.22,15728.44
OI004973,O00828,P0148,2,3514.03,7028.06
OI004974,O02081,P0029,4,18928.47,75713.88
OI004975,O02552,P0145,3,577.89,1733.67
OI004976,O00627,P0074,3,7686.51,23059.53
OI004977,O01920,P0105,2,16056.58,32113.16
OI004978,O01027,P0150,2,5458.53,10917.06
OI004979,O01892,P0006,1,20028.88,20028.88
OI004980,O02090,P0062,3,12474.39,37423.17
OI004981,O02057,P0031,1,16656.3,16656.3
OI004982,O00819,P0190,2,18462.1,36924.2
OI004983,O00657,P0119,2,3642.01,7284.02
OI004984,O01812,P0012,2,8175.91,16351.82
OI004985,O00790,P0012,2,8175.91,16351.82
OI004986,O01460,P0191,1,12854.33,12854.33
OI004987,O01155,P0144,2,12085.47,24170.94
OI004988,O01630,P0025,4,5103.25,20413.0
OI004989,O01544,P0150,3,5458.53,16375.59
OI004990,O02646,P0091,2,10026.71,20053.42
OI004991,O01674,P0088,3,19143.76,57431.28
OI004992,O01905,P0076,2,10134.21,20268.42
OI004993,O01437,P0018,1,18293.2,18293.2
OI004994,O00936,P0045,3,3280.07,9840.21
OI004995,O00021,P0111,1,19540.96,19540.96
OI004996,O00999,P0080,2,24392.69,48785.38
OI004997,O01432,P0068,4,20454.5,81818.0
OI004998,O00457,P0140,4,18367.0,73468.0
OI004999,O01468,P0177,4,6441.3,25765.2
OI005000,O02028,P0161,4,2542.26,10169.04
